{"type":"FeatureCollection","name":"clinicas_centros_salud_rd_osm","attribution":"© OpenStreetMap contributors, ODbL 1.0","generated_at":"2026-09-18T16:46:15.991053Z","features":[{"type":"Feature","geometry":{"type":"Point","coordinates":[-69.9016633,18.5026716]},"properties":{"id":"SALC-OSM-NODE-4099986425","nombre":"ADA Centro Diagnóstico","categoria":"Clínicas y centros de salud","direccion":"Avenida Nicolás de Ovando 197","ciudad":"","provincia":"","telefono":"","website":"","osm_type":"node","osm_id":4099986425,"osm_url":"https://www.openstreetmap.org/node/4099986425","fuente":"OpenStreetMap","validada":false,"habilitacion_sanitaria":"pendiente"}},{"type":"Feature","geometry":{"type":"Point","coordinates":[-69.8266936,18.4852704]},"properties":{"id":"SALC-OSM-WAY-1396019123","nombre":"Almed","categoria":"Clínicas y centros de salud","direccion":"","ciudad":"","provincia":"","telefono":"","website":"","osm_type":"way","osm_id":1396019123,"osm_url":"https://www.openstreetmap.org/way/1396019123","fuente":"OpenStreetMap","validada":false,"habilitacion_sanitaria":"pendiente"}},{"type":"Feature","geometry":{"type":"Point","coordinates":[-70.701085,19.4524198]},"properties":{"id":"SALC-OSM-NODE-8746939883","nombre":"Amadita","categoria":"Clínicas y centros de salud","direccion":"","ciudad":"","provincia":"","telefono":"+1 809 682 5414; +1 809 621 5414; +1 809 200 0544","website":"https://amadita.com","osm_type":"node","osm_id":8746939883,"osm_url":"https://www.openstreetmap.org/node/8746939883","fuente":"OpenStreetMap","validada":false,"habilitacion_sanitaria":"pendiente"}},{"type":"Feature","geometry":{"type":"Point","coordinates":[-70.0286483,18.5250561]},"properties":{"id":"SALC-OSM-WAY-414221930","nombre":"Amadita","categoria":"Clínicas y centros de salud","direccion":"","ciudad":"","provincia":"","telefono":"","website":"","osm_type":"way","osm_id":414221930,"osm_url":"https://www.openstreetmap.org/way/414221930","fuente":"OpenStreetMap","validada":false,"habilitacion_sanitaria":"pendiente"}},{"type":"Feature","geometry":{"type":"Point","coordinates":[-70.6891209,19.4654969]},"properties":{"id":"SALC-OSM-WAY-409620099","nombre":"ARS Palic","categoria":"Clínicas y centros de salud","direccion":"","ciudad":"","provincia":"","telefono":"+1 809 381 5000","website":"https://arspalic.com.do/","osm_type":"way","osm_id":409620099,"osm_url":"https://www.openstreetmap.org/way/409620099","fuente":"OpenStreetMap","validada":false,"habilitacion_sanitaria":"pendiente"}},{"type":"Feature","geometry":{"type":"Point","coordinates":[-69.9516662,18.5007525]},"properties":{"id":"SALC-OSM-NODE-5173540022","nombre":"Caribean plástic surgeriern","categoria":"Clínicas y centros de salud","direccion":"Los Conquistadores 24","ciudad":"","provincia":"","telefono":"8492474901","website":"","osm_type":"node","osm_id":5173540022,"osm_url":"https://www.openstreetmap.org/node/5173540022","fuente":"OpenStreetMap","validada":false,"habilitacion_sanitaria":"pendiente"}},{"type":"Feature","geometry":{"type":"Point","coordinates":[-71.2300597,18.8048218]},"properties":{"id":"SALC-OSM-WAY-223613250","nombre":"CEDEMER - Centro de Medicina Especializada y Referimiento","categoria":"Clínicas y centros de salud","direccion":"","ciudad":"","provincia":"","telefono":"","website":"","osm_type":"way","osm_id":223613250,"osm_url":"https://www.openstreetmap.org/way/223613250","fuente":"OpenStreetMap","validada":false,"habilitacion_sanitaria":"pendiente"}},{"type":"Feature","geometry":{"type":"Point","coordinates":[-69.9068091,18.462922]},"properties":{"id":"SALC-OSM-NODE-5543021323","nombre":"CEDISA (Centro de diagnostico especializado","categoria":"Clínicas y centros de salud","direccion":"","ciudad":"","provincia":"","telefono":"","website":"","osm_type":"node","osm_id":5543021323,"osm_url":"https://www.openstreetmap.org/node/5543021323","fuente":"OpenStreetMap","validada":false,"habilitacion_sanitaria":"pendiente"}},{"type":"Feature","geometry":{"type":"Point","coordinates":[-69.9716395,18.4774097]},"properties":{"id":"SALC-OSM-WAY-411464118","nombre":"Cedisa -- Imagenes","categoria":"Clínicas y centros de salud","direccion":"","ciudad":"","provincia":"","telefono":"","website":"","osm_type":"way","osm_id":411464118,"osm_url":"https://www.openstreetmap.org/way/411464118","fuente":"OpenStreetMap","validada":false,"habilitacion_sanitaria":"pendiente"}},{"type":"Feature","geometry":{"type":"Point","coordinates":[-70.1078407,18.4154092]},"properties":{"id":"SALC-OSM-NODE-13185189001","nombre":"CEDISANC","categoria":"Clínicas y centros de salud","direccion":"Avenida Juan Pablo Duarte","ciudad":"","provincia":"","telefono":"","website":"","osm_type":"node","osm_id":13185189001,"osm_url":"https://www.openstreetmap.org/node/13185189001","fuente":"OpenStreetMap","validada":false,"habilitacion_sanitaria":"pendiente"}},{"type":"Feature","geometry":{"type":"Point","coordinates":[-69.8652617,18.4945704]},"properties":{"id":"SALC-OSM-NODE-5659089848","nombre":"CEMEDI","categoria":"Clínicas y centros de salud","direccion":"Carretera Matías Ramón Mella","ciudad":"","provincia":"","telefono":"8095961415","website":"","osm_type":"node","osm_id":5659089848,"osm_url":"https://www.openstreetmap.org/node/5659089848","fuente":"OpenStreetMap","validada":false,"habilitacion_sanitaria":"pendiente"}},{"type":"Feature","geometry":{"type":"Point","coordinates":[-70.6043073,19.3462179]},"properties":{"id":"SALC-OSM-NODE-13902747181","nombre":"CEMEFE (Centro De Medicina Familiar Especializada)","categoria":"Clínicas y centros de salud","direccion":"","ciudad":"","provincia":"","telefono":"","website":"","osm_type":"node","osm_id":13902747181,"osm_url":"https://www.openstreetmap.org/node/13902747181","fuente":"OpenStreetMap","validada":false,"habilitacion_sanitaria":"pendiente"}},{"type":"Feature","geometry":{"type":"Point","coordinates":[-70.6035423,19.3448844]},"properties":{"id":"SALC-OSM-NODE-4168030251","nombre":"CEMLI - Centro Medico Dr.Liriano","categoria":"Clínicas y centros de salud","direccion":"","ciudad":"","provincia":"","telefono":"","website":"","osm_type":"node","osm_id":4168030251,"osm_url":"https://www.openstreetmap.org/node/4168030251","fuente":"OpenStreetMap","validada":false,"habilitacion_sanitaria":"pendiente"}},{"type":"Feature","geometry":{"type":"Point","coordinates":[-69.9216332,18.4730321]},"properties":{"id":"SALC-OSM-NODE-8753670299","nombre":"CENTRIMED Centro de Investigaciones Médicas","categoria":"Clínicas y centros de salud","direccion":"Avenida Ingeniero Roberto Pastoriza 20","ciudad":"","provincia":"","telefono":"+1 809 475 5005","website":"https://centrimed.com.do/","osm_type":"node","osm_id":8753670299,"osm_url":"https://www.openstreetmap.org/node/8753670299","fuente":"OpenStreetMap","validada":false,"habilitacion_sanitaria":"pendiente"}},{"type":"Feature","geometry":{"type":"Point","coordinates":[-69.9298268,18.4721201]},"properties":{"id":"SALC-OSM-NODE-3438508545","nombre":"Centro Cardiologico Digital 3D","categoria":"Clínicas y centros de salud","direccion":"","ciudad":"","provincia":"","telefono":"","website":"","osm_type":"node","osm_id":3438508545,"osm_url":"https://www.openstreetmap.org/node/3438508545","fuente":"OpenStreetMap","validada":false,"habilitacion_sanitaria":"pendiente"}},{"type":"Feature","geometry":{"type":"Point","coordinates":[-69.5485134,19.3052143]},"properties":{"id":"SALC-OSM-NODE-2092676813","nombre":"Centro Clinico Dr. Polanco","categoria":"Clínicas y centros de salud","direccion":"Av. Duarte No. 45, across the street from Ferreteria Europea","ciudad":"Las Terrenas","provincia":"","telefono":"809-240-6028","website":"","osm_type":"node","osm_id":2092676813,"osm_url":"https://www.openstreetmap.org/node/2092676813","fuente":"OpenStreetMap","validada":false,"habilitacion_sanitaria":"pendiente"}},{"type":"Feature","geometry":{"type":"Point","coordinates":[-69.9027782,18.4905575]},"properties":{"id":"SALC-OSM-NODE-4141622611","nombre":"Centro Comunitario de Salud Suxual & Reproductiva","categoria":"Clínicas y centros de salud","direccion":"","ciudad":"","provincia":"","telefono":"","website":"","osm_type":"node","osm_id":4141622611,"osm_url":"https://www.openstreetmap.org/node/4141622611","fuente":"OpenStreetMap","validada":false,"habilitacion_sanitaria":"pendiente"}},{"type":"Feature","geometry":{"type":"Point","coordinates":[-69.3235309,18.8534467]},"properties":{"id":"SALC-OSM-NODE-11847854254","nombre":"Centro De Atencion Primaria El 20","categoria":"Clínicas y centros de salud","direccion":"","ciudad":"","provincia":"","telefono":"","website":"","osm_type":"node","osm_id":11847854254,"osm_url":"https://www.openstreetmap.org/node/11847854254","fuente":"OpenStreetMap","validada":false,"habilitacion_sanitaria":"pendiente"}},{"type":"Feature","geometry":{"type":"Point","coordinates":[-69.8651043,18.4969037]},"properties":{"id":"SALC-OSM-NODE-5028876121","nombre":"Centro De Atención Ambulatoria  CALEON","categoria":"Clínicas y centros de salud","direccion":"Avenida Sabana Larga","ciudad":"","provincia":"","telefono":"","website":"","osm_type":"node","osm_id":5028876121,"osm_url":"https://www.openstreetmap.org/node/5028876121","fuente":"OpenStreetMap","validada":false,"habilitacion_sanitaria":"pendiente"}},{"type":"Feature","geometry":{"type":"Point","coordinates":[-69.7481097,18.4942401]},"properties":{"id":"SALC-OSM-WAY-777467305","nombre":"Centro de Atención Integral Ciudad Juan Bosch","categoria":"Clínicas y centros de salud","direccion":"","ciudad":"","provincia":"","telefono":"","website":"","osm_type":"way","osm_id":777467305,"osm_url":"https://www.openstreetmap.org/way/777467305","fuente":"OpenStreetMap","validada":false,"habilitacion_sanitaria":"pendiente"}},{"type":"Feature","geometry":{"type":"Point","coordinates":[-68.951786,18.7002447]},"properties":{"id":"SALC-OSM-NODE-4353412389","nombre":"Centro de Atención Primaria","categoria":"Clínicas y centros de salud","direccion":"","ciudad":"","provincia":"","telefono":"","website":"","osm_type":"node","osm_id":4353412389,"osm_url":"https://www.openstreetmap.org/node/4353412389","fuente":"OpenStreetMap","validada":false,"habilitacion_sanitaria":"pendiente"}},{"type":"Feature","geometry":{"type":"Point","coordinates":[-70.6930954,19.4617926]},"properties":{"id":"SALC-OSM-NODE-4713316591","nombre":"Centro de Bienestar Emocional Dr. Zoilo García","categoria":"Clínicas y centros de salud","direccion":"Calle Republica Del Libano E1","ciudad":"","provincia":"","telefono":"8092417781","website":"http://m.facebook.com/cbe.stgo/?locale2=es_LA","osm_type":"node","osm_id":4713316591,"osm_url":"https://www.openstreetmap.org/node/4713316591","fuente":"OpenStreetMap","validada":false,"habilitacion_sanitaria":"pendiente"}},{"type":"Feature","geometry":{"type":"Point","coordinates":[-69.8968916,18.4732693]},"properties":{"id":"SALC-OSM-WAY-407023995","nombre":"Centro de Cirugia Plastica y Especialidades Santo Domingo (CECIP)","categoria":"Clínicas y centros de salud","direccion":"Calle Manuel María Castillo","ciudad":"","provincia":"","telefono":"809-686-7290","website":"","osm_type":"way","osm_id":407023995,"osm_url":"https://www.openstreetmap.org/way/407023995","fuente":"OpenStreetMap","validada":false,"habilitacion_sanitaria":"pendiente"}},{"type":"Feature","geometry":{"type":"Point","coordinates":[-69.8998113,18.4764864]},"properties":{"id":"SALC-OSM-NODE-7862580260","nombre":"Centro De Diabetes, Bocio Y Endocrinologia","categoria":"Clínicas y centros de salud","direccion":"Avenida Francia 23","ciudad":"","provincia":"","telefono":"+1 809 685 1222","website":"https://centrodeendocrinologia.com/","osm_type":"node","osm_id":7862580260,"osm_url":"https://www.openstreetmap.org/node/7862580260","fuente":"OpenStreetMap","validada":false,"habilitacion_sanitaria":"pendiente"}},{"type":"Feature","geometry":{"type":"Point","coordinates":[-69.8944159,18.5019079]},"properties":{"id":"SALC-OSM-WAY-407799904","nombre":"Centro de Diagnostico","categoria":"Clínicas y centros de salud","direccion":"Avenida Albert Thomas","ciudad":"","provincia":"","telefono":"","website":"","osm_type":"way","osm_id":407799904,"osm_url":"https://www.openstreetmap.org/way/407799904","fuente":"OpenStreetMap","validada":false,"habilitacion_sanitaria":"pendiente"}},{"type":"Feature","geometry":{"type":"Point","coordinates":[-69.8711554,18.4857526]},"properties":{"id":"SALC-OSM-NODE-9599380217","nombre":"Centro de Diagnóstico Especializado CEDISA","categoria":"Clínicas y centros de salud","direccion":"Autopista Las Américas","ciudad":"","provincia":"","telefono":"","website":"","osm_type":"node","osm_id":9599380217,"osm_url":"https://www.openstreetmap.org/node/9599380217","fuente":"OpenStreetMap","validada":false,"habilitacion_sanitaria":"pendiente"}},{"type":"Feature","geometry":{"type":"Point","coordinates":[-69.8952437,18.467612]},"properties":{"id":"SALC-OSM-NODE-6242973624","nombre":"Centro de Diagnóstico Integral","categoria":"Clínicas y centros de salud","direccion":"Avenida Independencia 161","ciudad":"","provincia":"","telefono":"","website":"https://www.studikard.com/","osm_type":"node","osm_id":6242973624,"osm_url":"https://www.openstreetmap.org/node/6242973624","fuente":"OpenStreetMap","validada":false,"habilitacion_sanitaria":"pendiente"}},{"type":"Feature","geometry":{"type":"Point","coordinates":[-70.5195989,19.2251187]},"properties":{"id":"SALC-OSM-NODE-13912536605","nombre":"Centro de Especialidades Medica Vegano (CEMEVE)","categoria":"Clínicas y centros de salud","direccion":"Avenida Gregorio Rivas","ciudad":"","provincia":"","telefono":"8095734849","website":"","osm_type":"node","osm_id":13912536605,"osm_url":"https://www.openstreetmap.org/node/13912536605","fuente":"OpenStreetMap","validada":false,"habilitacion_sanitaria":"pendiente"}},{"type":"Feature","geometry":{"type":"Point","coordinates":[-70.5272309,19.2243943]},"properties":{"id":"SALC-OSM-WAY-414227568","nombre":"Centro de Otorrinolaringologia y Cirugia Cabeza y Cuello Dr. Batista","categoria":"Clínicas y centros de salud","direccion":"Calle Padre Fantino","ciudad":"La Vega","provincia":"","telefono":"","website":"","osm_type":"way","osm_id":414227568,"osm_url":"https://www.openstreetmap.org/way/414227568","fuente":"OpenStreetMap","validada":false,"habilitacion_sanitaria":"pendiente"}},{"type":"Feature","geometry":{"type":"Point","coordinates":[-70.6917353,19.7982067]},"properties":{"id":"SALC-OSM-NODE-6504941016","nombre":"Centro de Promoción y Solidaridad Humana (CEPROSH)","categoria":"Clínicas y centros de salud","direccion":"Calle Victor Manuel Abreu, No. 52","ciudad":"Puerto Plata","provincia":"","telefono":"","website":"","osm_type":"node","osm_id":6504941016,"osm_url":"https://www.openstreetmap.org/node/6504941016","fuente":"OpenStreetMap","validada":false,"habilitacion_sanitaria":"pendiente"}},{"type":"Feature","geometry":{"type":"Point","coordinates":[-69.9103609,18.4961671]},"properties":{"id":"SALC-OSM-WAY-408366853","nombre":"Centro de Salud Integral","categoria":"Clínicas y centros de salud","direccion":"Calle 28 Anibal de Espinosa","ciudad":"","provincia":"","telefono":"","website":"","osm_type":"way","osm_id":408366853,"osm_url":"https://www.openstreetmap.org/way/408366853","fuente":"OpenStreetMap","validada":false,"habilitacion_sanitaria":"pendiente"}},{"type":"Feature","geometry":{"type":"Point","coordinates":[-69.9127122,18.5255064]},"properties":{"id":"SALC-OSM-WAY-408452653","nombre":"Centro de Salud Integral La Solidaridad","categoria":"Clínicas y centros de salud","direccion":"El Sol","ciudad":"","provincia":"","telefono":"","website":"","osm_type":"way","osm_id":408452653,"osm_url":"https://www.openstreetmap.org/way/408452653","fuente":"OpenStreetMap","validada":false,"habilitacion_sanitaria":"pendiente"}},{"type":"Feature","geometry":{"type":"Point","coordinates":[-70.1462099,18.5010584]},"properties":{"id":"SALC-OSM-NODE-11396799598","nombre":"Centro de Salud MARCELINO PEÑA (EL RAMON)","categoria":"Clínicas y centros de salud","direccion":"","ciudad":"","provincia":"","telefono":"","website":"","osm_type":"node","osm_id":11396799598,"osm_url":"https://www.openstreetmap.org/node/11396799598","fuente":"OpenStreetMap","validada":false,"habilitacion_sanitaria":"pendiente"}},{"type":"Feature","geometry":{"type":"Point","coordinates":[-70.6997218,19.4525907]},"properties":{"id":"SALC-OSM-NODE-4131208718","nombre":"Centro de Vacunación Clínica Corominas","categoria":"Clínicas y centros de salud","direccion":"","ciudad":"","provincia":"","telefono":"","website":"","osm_type":"node","osm_id":4131208718,"osm_url":"https://www.openstreetmap.org/node/4131208718","fuente":"OpenStreetMap","validada":false,"habilitacion_sanitaria":"pendiente"}},{"type":"Feature","geometry":{"type":"Point","coordinates":[-69.9053751,18.5297921]},"properties":{"id":"SALC-OSM-NODE-4105609228","nombre":"Centro Dermatologico Buena Vista","categoria":"Clínicas y centros de salud","direccion":"Avenida Penetración","ciudad":"","provincia":"","telefono":"","website":"","osm_type":"node","osm_id":4105609228,"osm_url":"https://www.openstreetmap.org/node/4105609228","fuente":"OpenStreetMap","validada":false,"habilitacion_sanitaria":"pendiente"}},{"type":"Feature","geometry":{"type":"Point","coordinates":[-70.6982556,19.4592407]},"properties":{"id":"SALC-OSM-NODE-4115101730","nombre":"Centro Dermatológico Dra. Roxanna Rodríguez","categoria":"Clínicas y centros de salud","direccion":"","ciudad":"","provincia":"","telefono":"+1 809 583 0845","website":"","osm_type":"node","osm_id":4115101730,"osm_url":"https://www.openstreetmap.org/node/4115101730","fuente":"OpenStreetMap","validada":false,"habilitacion_sanitaria":"pendiente"}},{"type":"Feature","geometry":{"type":"Point","coordinates":[-69.898211,18.4955761]},"properties":{"id":"SALC-OSM-NODE-5610464122","nombre":"Centro Diagnóstico Especializado S.A. CEDISA","categoria":"Clínicas y centros de salud","direccion":"Marginal Pedro Livio Cedeño","ciudad":"","provincia":"","telefono":"8096212020","website":"","osm_type":"node","osm_id":5610464122,"osm_url":"https://www.openstreetmap.org/node/5610464122","fuente":"OpenStreetMap","validada":false,"habilitacion_sanitaria":"pendiente"}},{"type":"Feature","geometry":{"type":"Point","coordinates":[-70.7036024,19.4538226]},"properties":{"id":"SALC-OSM-WAY-411434284","nombre":"Centro Diagnóstico Higado y Vias Digestivas","categoria":"Clínicas y centros de salud","direccion":"","ciudad":"","provincia":"","telefono":"","website":"","osm_type":"way","osm_id":411434284,"osm_url":"https://www.openstreetmap.org/way/411434284","fuente":"OpenStreetMap","validada":false,"habilitacion_sanitaria":"pendiente"}},{"type":"Feature","geometry":{"type":"Point","coordinates":[-69.923775,18.4917383]},"properties":{"id":"SALC-OSM-NODE-6161615585","nombre":"Centro Gastro Diagnostico Diminicano","categoria":"Clínicas y centros de salud","direccion":"","ciudad":"","provincia":"","telefono":"","website":"","osm_type":"node","osm_id":6161615585,"osm_url":"https://www.openstreetmap.org/node/6161615585","fuente":"OpenStreetMap","validada":false,"habilitacion_sanitaria":"pendiente"}},{"type":"Feature","geometry":{"type":"Point","coordinates":[-69.9803387,18.4829873]},"properties":{"id":"SALC-OSM-WAY-412550189","nombre":"Centro Juridico Comercial","categoria":"Clínicas y centros de salud","direccion":"","ciudad":"","provincia":"","telefono":"","website":"","osm_type":"way","osm_id":412550189,"osm_url":"https://www.openstreetmap.org/way/412550189","fuente":"OpenStreetMap","validada":false,"habilitacion_sanitaria":"pendiente"}},{"type":"Feature","geometry":{"type":"Point","coordinates":[-70.2578635,19.2934259]},"properties":{"id":"SALC-OSM-WAY-202763793","nombre":"Centro Materno Infantil del Nordeste","categoria":"Clínicas y centros de salud","direccion":"Salcedo casi esquina padre brea","ciudad":"San Francisco De Macoris","provincia":"","telefono":"(809) 588-7080","website":"","osm_type":"way","osm_id":202763793,"osm_url":"https://www.openstreetmap.org/way/202763793","fuente":"OpenStreetMap","validada":false,"habilitacion_sanitaria":"pendiente"}},{"type":"Feature","geometry":{"type":"Point","coordinates":[-69.9001941,18.5037474]},"properties":{"id":"SALC-OSM-WAY-407808414","nombre":"Centro Medico","categoria":"Clínicas y centros de salud","direccion":"Avenida Nicolás de Ovando","ciudad":"","provincia":"","telefono":"","website":"","osm_type":"way","osm_id":407808414,"osm_url":"https://www.openstreetmap.org/way/407808414","fuente":"OpenStreetMap","validada":false,"habilitacion_sanitaria":"pendiente"}},{"type":"Feature","geometry":{"type":"Point","coordinates":[-70.7131882,19.4562368]},"properties":{"id":"SALC-OSM-WAY-410359204","nombre":"Centro Medico","categoria":"Clínicas y centros de salud","direccion":"Avenida Hermanas Mirabal","ciudad":"Santiago de los Caballeros","provincia":"","telefono":"","website":"","osm_type":"way","osm_id":410359204,"osm_url":"https://www.openstreetmap.org/way/410359204","fuente":"OpenStreetMap","validada":false,"habilitacion_sanitaria":"pendiente"}},{"type":"Feature","geometry":{"type":"Point","coordinates":[-70.0216937,18.5239225]},"properties":{"id":"SALC-OSM-WAY-461090885","nombre":"Centro Medico","categoria":"Clínicas y centros de salud","direccion":"","ciudad":"Luperon","provincia":"","telefono":"","website":"","osm_type":"way","osm_id":461090885,"osm_url":"https://www.openstreetmap.org/way/461090885","fuente":"OpenStreetMap","validada":false,"habilitacion_sanitaria":"pendiente"}},{"type":"Feature","geometry":{"type":"Point","coordinates":[-70.5271502,19.224747]},"properties":{"id":"SALC-OSM-NODE-4153965421","nombre":"Centro Medico \"Padre Fantino\"","categoria":"Clínicas y centros de salud","direccion":"Calle Gral. Juan Rodriguez","ciudad":"La Vega","provincia":"","telefono":"","website":"","osm_type":"node","osm_id":4153965421,"osm_url":"https://www.openstreetmap.org/node/4153965421","fuente":"OpenStreetMap","validada":false,"habilitacion_sanitaria":"pendiente"}},{"type":"Feature","geometry":{"type":"Point","coordinates":[-69.9070036,18.4632884]},"properties":{"id":"SALC-OSM-WAY-1268464937","nombre":"Centro Medico - CEDISA","categoria":"Clínicas y centros de salud","direccion":"","ciudad":"","provincia":"","telefono":"","website":"","osm_type":"way","osm_id":1268464937,"osm_url":"https://www.openstreetmap.org/way/1268464937","fuente":"OpenStreetMap","validada":false,"habilitacion_sanitaria":"pendiente"}},{"type":"Feature","geometry":{"type":"Point","coordinates":[-69.9217551,18.4919787]},"properties":{"id":"SALC-OSM-WAY-343806377","nombre":"Centro Medico Alcantara & Gonzalez","categoria":"Clínicas y centros de salud","direccion":"","ciudad":"","provincia":"","telefono":"","website":"","osm_type":"way","osm_id":343806377,"osm_url":"https://www.openstreetmap.org/way/343806377","fuente":"OpenStreetMap","validada":false,"habilitacion_sanitaria":"pendiente"}},{"type":"Feature","geometry":{"type":"Point","coordinates":[-71.2291721,18.8019315]},"properties":{"id":"SALC-OSM-WAY-1225100043","nombre":"Centro Medico Anacaona","categoria":"Clínicas y centros de salud","direccion":"","ciudad":"","provincia":"","telefono":"","website":"","osm_type":"way","osm_id":1225100043,"osm_url":"https://www.openstreetmap.org/way/1225100043","fuente":"OpenStreetMap","validada":false,"habilitacion_sanitaria":"pendiente"}},{"type":"Feature","geometry":{"type":"Point","coordinates":[-69.926108,18.4547381]},"properties":{"id":"SALC-OSM-NODE-4147234894","nombre":"Centro Medico Antillano","categoria":"Clínicas y centros de salud","direccion":"Avenida Correa y Cidrón","ciudad":"","provincia":"","telefono":"","website":"","osm_type":"node","osm_id":4147234894,"osm_url":"https://www.openstreetmap.org/node/4147234894","fuente":"OpenStreetMap","validada":false,"habilitacion_sanitaria":"pendiente"}},{"type":"Feature","geometry":{"type":"Point","coordinates":[-69.8243971,18.5008626]},"properties":{"id":"SALC-OSM-WAY-412811916","nombre":"centro medico burgos","categoria":"Clínicas y centros de salud","direccion":"Avenida Charles de Gaulle","ciudad":"","provincia":"","telefono":"","website":"","osm_type":"way","osm_id":412811916,"osm_url":"https://www.openstreetmap.org/way/412811916","fuente":"OpenStreetMap","validada":false,"habilitacion_sanitaria":"pendiente"}},{"type":"Feature","geometry":{"type":"Point","coordinates":[-69.6426479,18.4476433]},"properties":{"id":"SALC-OSM-WAY-407005634","nombre":"Centro Medico Cuevas Leclerc","categoria":"Clínicas y centros de salud","direccion":"Marginal de Las Americas","ciudad":"André","provincia":"","telefono":"","website":"","osm_type":"way","osm_id":407005634,"osm_url":"https://www.openstreetmap.org/way/407005634","fuente":"OpenStreetMap","validada":false,"habilitacion_sanitaria":"pendiente"}},{"type":"Feature","geometry":{"type":"Point","coordinates":[-70.2550487,19.294725]},"properties":{"id":"SALC-OSM-WAY-661608863","nombre":"Centro Medico Dr Ovalle","categoria":"Clínicas y centros de salud","direccion":"San Francisco Casi esquina Imbert","ciudad":"San Francisco de Macoris","provincia":"","telefono":"(809) 588-2596","website":"","osm_type":"way","osm_id":661608863,"osm_url":"https://www.openstreetmap.org/way/661608863","fuente":"OpenStreetMap","validada":false,"habilitacion_sanitaria":"pendiente"}},{"type":"Feature","geometry":{"type":"Point","coordinates":[-70.6257126,19.3850719]},"properties":{"id":"SALC-OSM-WAY-413746729","nombre":"Centro Medico Dr. Estrella Díaz","categoria":"Clínicas y centros de salud","direccion":"Carretera Matanza","ciudad":"","provincia":"","telefono":"","website":"","osm_type":"way","osm_id":413746729,"osm_url":"https://www.openstreetmap.org/way/413746729","fuente":"OpenStreetMap","validada":false,"habilitacion_sanitaria":"pendiente"}},{"type":"Feature","geometry":{"type":"Point","coordinates":[-70.1744011,18.6728374]},"properties":{"id":"SALC-OSM-WAY-413693366","nombre":"Centro Medico Dr. Guzman J.","categoria":"Clínicas y centros de salud","direccion":"Nicaragua","ciudad":"Villa Altagracia","provincia":"","telefono":"","website":"","osm_type":"way","osm_id":413693366,"osm_url":"https://www.openstreetmap.org/way/413693366","fuente":"OpenStreetMap","validada":false,"habilitacion_sanitaria":"pendiente"}},{"type":"Feature","geometry":{"type":"Point","coordinates":[-69.8410699,18.485459]},"properties":{"id":"SALC-OSM-NODE-13906903002","nombre":"Centro Medico Express","categoria":"Clínicas y centros de salud","direccion":"","ciudad":"","provincia":"","telefono":"","website":"","osm_type":"node","osm_id":13906903002,"osm_url":"https://www.openstreetmap.org/node/13906903002","fuente":"OpenStreetMap","validada":false,"habilitacion_sanitaria":"pendiente"}},{"type":"Feature","geometry":{"type":"Point","coordinates":[-69.9398173,18.5396956]},"properties":{"id":"SALC-OSM-WAY-409861248","nombre":"Centro Medico Fedopo","categoria":"Clínicas y centros de salud","direccion":"Julio de Pena Valdez","ciudad":"","provincia":"","telefono":"","website":"","osm_type":"way","osm_id":409861248,"osm_url":"https://www.openstreetmap.org/way/409861248","fuente":"OpenStreetMap","validada":false,"habilitacion_sanitaria":"pendiente"}},{"type":"Feature","geometry":{"type":"Point","coordinates":[-71.4216064,18.480413]},"properties":{"id":"SALC-OSM-WAY-1227709045","nombre":"Centro Medico Gil Roldan","categoria":"Clínicas y centros de salud","direccion":"Avenida San Bartolomé","ciudad":"Neiba","provincia":"","telefono":"","website":"","osm_type":"way","osm_id":1227709045,"osm_url":"https://www.openstreetmap.org/way/1227709045","fuente":"OpenStreetMap","validada":false,"habilitacion_sanitaria":"pendiente"}},{"type":"Feature","geometry":{"type":"Point","coordinates":[-71.3420931,19.4767403]},"properties":{"id":"SALC-OSM-NODE-5047231120","nombre":"CENTRO MEDICO GRAN PODER DE DIOS","categoria":"Clínicas y centros de salud","direccion":"Calle San Ignacio","ciudad":"","provincia":"","telefono":"","website":"","osm_type":"node","osm_id":5047231120,"osm_url":"https://www.openstreetmap.org/node/5047231120","fuente":"OpenStreetMap","validada":false,"habilitacion_sanitaria":"pendiente"}},{"type":"Feature","geometry":{"type":"Point","coordinates":[-69.8494703,18.4876775]},"properties":{"id":"SALC-OSM-NODE-4336412289","nombre":"centro medico hispánico","categoria":"Clínicas y centros de salud","direccion":"","ciudad":"","provincia":"","telefono":"","website":"","osm_type":"node","osm_id":4336412289,"osm_url":"https://www.openstreetmap.org/node/4336412289","fuente":"OpenStreetMap","validada":false,"habilitacion_sanitaria":"pendiente"}},{"type":"Feature","geometry":{"type":"Point","coordinates":[-71.2264794,18.8071492]},"properties":{"id":"SALC-OSM-WAY-1225100045","nombre":"Centro Medico Igualas Medicas","categoria":"Clínicas y centros de salud","direccion":"","ciudad":"","provincia":"","telefono":"","website":"","osm_type":"way","osm_id":1225100045,"osm_url":"https://www.openstreetmap.org/way/1225100045","fuente":"OpenStreetMap","validada":false,"habilitacion_sanitaria":"pendiente"}},{"type":"Feature","geometry":{"type":"Point","coordinates":[-69.8242457,18.5005979]},"properties":{"id":"SALC-OSM-WAY-412811917","nombre":"Centro Medico Maria Dolores","categoria":"Clínicas y centros de salud","direccion":"","ciudad":"","provincia":"","telefono":"","website":"","osm_type":"way","osm_id":412811917,"osm_url":"https://www.openstreetmap.org/way/412811917","fuente":"OpenStreetMap","validada":false,"habilitacion_sanitaria":"pendiente"}},{"type":"Feature","geometry":{"type":"Point","coordinates":[-70.3288377,18.2787983]},"properties":{"id":"SALC-OSM-NODE-3121451941","nombre":"Centro Medico Regional Aguasviva","categoria":"Clínicas y centros de salud","direccion":"Avenida Presidente Francisco Gregorio Billini","ciudad":"","provincia":"","telefono":"8093464400","website":"","osm_type":"node","osm_id":3121451941,"osm_url":"https://www.openstreetmap.org/node/3121451941","fuente":"OpenStreetMap","validada":false,"habilitacion_sanitaria":"pendiente"}},{"type":"Feature","geometry":{"type":"Point","coordinates":[-70.258682,19.3014456]},"properties":{"id":"SALC-OSM-NODE-2716452261","nombre":"Centro Medico Siglo XXI","categoria":"Clínicas y centros de salud","direccion":"Juan Pablo Duarte","ciudad":"SAN FRANCISCO DE MACORIS","provincia":"","telefono":"","website":"","osm_type":"node","osm_id":2716452261,"osm_url":"https://www.openstreetmap.org/node/2716452261","fuente":"OpenStreetMap","validada":false,"habilitacion_sanitaria":"pendiente"}},{"type":"Feature","geometry":{"type":"Point","coordinates":[-69.868421,18.4864825]},"properties":{"id":"SALC-OSM-WAY-414005827","nombre":"Centro Medico Universal Castillo Rodriguez & Asociados","categoria":"Clínicas y centros de salud","direccion":"Calle Club Rotario 58","ciudad":"","provincia":"","telefono":"","website":"","osm_type":"way","osm_id":414005827,"osm_url":"https://www.openstreetmap.org/way/414005827","fuente":"OpenStreetMap","validada":false,"habilitacion_sanitaria":"pendiente"}},{"type":"Feature","geometry":{"type":"Point","coordinates":[-70.5309544,19.2260426]},"properties":{"id":"SALC-OSM-WAY-414205540","nombre":"Centro Médica y Centenario S.A.","categoria":"Clínicas y centros de salud","direccion":"Calle Duarte","ciudad":"La Vega","provincia":"","telefono":"","website":"","osm_type":"way","osm_id":414205540,"osm_url":"https://www.openstreetmap.org/way/414205540","fuente":"OpenStreetMap","validada":false,"habilitacion_sanitaria":"pendiente"}},{"type":"Feature","geometry":{"type":"Point","coordinates":[-70.6885901,19.7936903]},"properties":{"id":"SALC-OSM-NODE-4348756289","nombre":"Centro Médico Bournigal","categoria":"Clínicas y centros de salud","direccion":"Calle Antera Mota","ciudad":"","provincia":"","telefono":"","website":"","osm_type":"node","osm_id":4348756289,"osm_url":"https://www.openstreetmap.org/node/4348756289","fuente":"OpenStreetMap","validada":false,"habilitacion_sanitaria":"pendiente"}},{"type":"Feature","geometry":{"type":"Point","coordinates":[-70.7443057,18.9094178]},"properties":{"id":"SALC-OSM-NODE-5890879887","nombre":"centro médico contanza","categoria":"Clínicas y centros de salud","direccion":"Enriquillo","ciudad":"","provincia":"","telefono":"","website":"","osm_type":"node","osm_id":5890879887,"osm_url":"https://www.openstreetmap.org/node/5890879887","fuente":"OpenStreetMap","validada":false,"habilitacion_sanitaria":"pendiente"}},{"type":"Feature","geometry":{"type":"Point","coordinates":[-71.2284129,18.8163469]},"properties":{"id":"SALC-OSM-NODE-4618995489","nombre":"Centro Médico de Atención Primaria","categoria":"Clínicas y centros de salud","direccion":"","ciudad":"","provincia":"","telefono":"","website":"","osm_type":"node","osm_id":4618995489,"osm_url":"https://www.openstreetmap.org/node/4618995489","fuente":"OpenStreetMap","validada":false,"habilitacion_sanitaria":"pendiente"}},{"type":"Feature","geometry":{"type":"Point","coordinates":[-69.9843065,18.4755984]},"properties":{"id":"SALC-OSM-WAY-411485027","nombre":"Centro Médico Dr. Jefferson","categoria":"Clínicas y centros de salud","direccion":"","ciudad":"","provincia":"","telefono":"","website":"","osm_type":"way","osm_id":411485027,"osm_url":"https://www.openstreetmap.org/way/411485027","fuente":"OpenStreetMap","validada":false,"habilitacion_sanitaria":"pendiente"}},{"type":"Feature","geometry":{"type":"Point","coordinates":[-69.9176368,18.4726495]},"properties":{"id":"SALC-OSM-NODE-4297344596","nombre":"Centro Médico El Vergel","categoria":"Clínicas y centros de salud","direccion":"Calle El Vergel 0","ciudad":"","provincia":"","telefono":"","website":"","osm_type":"node","osm_id":4297344596,"osm_url":"https://www.openstreetmap.org/node/4297344596","fuente":"OpenStreetMap","validada":false,"habilitacion_sanitaria":"pendiente"}},{"type":"Feature","geometry":{"type":"Point","coordinates":[-69.9828454,18.4517886]},"properties":{"id":"SALC-OSM-NODE-4704471691","nombre":"Centro Médico Herrera","categoria":"Clínicas y centros de salud","direccion":"Calle 31","ciudad":"","provincia":"","telefono":"","website":"","osm_type":"node","osm_id":4704471691,"osm_url":"https://www.openstreetmap.org/node/4704471691","fuente":"OpenStreetMap","validada":false,"habilitacion_sanitaria":"pendiente"}},{"type":"Feature","geometry":{"type":"Point","coordinates":[-69.8638723,18.4829174]},"properties":{"id":"SALC-OSM-WAY-384983876","nombre":"Centro Médico Juan Carlos","categoria":"Clínicas y centros de salud","direccion":"Avenida 25 De Febrero 144","ciudad":"Santo Domingo Este","provincia":"","telefono":"+18096991111","website":"","osm_type":"way","osm_id":384983876,"osm_url":"https://www.openstreetmap.org/way/384983876","fuente":"OpenStreetMap","validada":false,"habilitacion_sanitaria":"pendiente"}},{"type":"Feature","geometry":{"type":"Point","coordinates":[-71.0709714,19.5538843]},"properties":{"id":"SALC-OSM-NODE-4414391694","nombre":"Centro Médico Quirúrgico Dr. Rafael Rodríguez Colón","categoria":"Clínicas y centros de salud","direccion":"María Trinidad Sánchez","ciudad":"","provincia":"","telefono":"8095726301","website":"","osm_type":"node","osm_id":4414391694,"osm_url":"https://www.openstreetmap.org/node/4414391694","fuente":"OpenStreetMap","validada":false,"habilitacion_sanitaria":"pendiente"}},{"type":"Feature","geometry":{"type":"Point","coordinates":[-69.904356,18.4636735]},"properties":{"id":"SALC-OSM-NODE-6283122093","nombre":"Centro Oncologico Médico","categoria":"Clínicas y centros de salud","direccion":"Padre Boil 1","ciudad":"","provincia":"","telefono":"","website":"","osm_type":"node","osm_id":6283122093,"osm_url":"https://www.openstreetmap.org/node/6283122093","fuente":"OpenStreetMap","validada":false,"habilitacion_sanitaria":"pendiente"}},{"type":"Feature","geometry":{"type":"Point","coordinates":[-71.4210615,18.4792653]},"properties":{"id":"SALC-OSM-WAY-1227709715","nombre":"Centro Optico Fe y Esperanza","categoria":"Clínicas y centros de salud","direccion":"Avenida Ramón Matías Mella","ciudad":"Neiba","provincia":"","telefono":"","website":"","osm_type":"way","osm_id":1227709715,"osm_url":"https://www.openstreetmap.org/way/1227709715","fuente":"OpenStreetMap","validada":false,"habilitacion_sanitaria":"pendiente"}},{"type":"Feature","geometry":{"type":"Point","coordinates":[-69.9079843,18.4635263]},"properties":{"id":"SALC-OSM-WAY-1268464968","nombre":"Centro profesional de Especiaidades Tecnicas","categoria":"Clínicas y centros de salud","direccion":"","ciudad":"","provincia":"","telefono":"","website":"","osm_type":"way","osm_id":1268464968,"osm_url":"https://www.openstreetmap.org/way/1268464968","fuente":"OpenStreetMap","validada":false,"habilitacion_sanitaria":"pendiente"}},{"type":"Feature","geometry":{"type":"Point","coordinates":[-70.6951124,19.4622763]},"properties":{"id":"SALC-OSM-WAY-409864179","nombre":"Centro Quiropráctico Mission Life","categoria":"Clínicas y centros de salud","direccion":"","ciudad":"","provincia":"","telefono":"+1 809 582 5408","website":"","osm_type":"way","osm_id":409864179,"osm_url":"https://www.openstreetmap.org/way/409864179","fuente":"OpenStreetMap","validada":false,"habilitacion_sanitaria":"pendiente"}},{"type":"Feature","geometry":{"type":"Point","coordinates":[-69.9656795,18.4480122]},"properties":{"id":"SALC-OSM-NODE-5654245024","nombre":"Centro Quirurgico Dr. Jose Calderon","categoria":"Clínicas y centros de salud","direccion":"Calle Manuel Rueda Gonzales","ciudad":"","provincia":"","telefono":"","website":"","osm_type":"node","osm_id":5654245024,"osm_url":"https://www.openstreetmap.org/node/5654245024","fuente":"OpenStreetMap","validada":false,"habilitacion_sanitaria":"pendiente"}},{"type":"Feature","geometry":{"type":"Point","coordinates":[-69.9025055,18.474771]},"properties":{"id":"SALC-OSM-NODE-4109807310","nombre":"centro reumatologico","categoria":"Clínicas y centros de salud","direccion":"Rosa Duarte","ciudad":"","provincia":"","telefono":"","website":"","osm_type":"node","osm_id":4109807310,"osm_url":"https://www.openstreetmap.org/node/4109807310","fuente":"OpenStreetMap","validada":false,"habilitacion_sanitaria":"pendiente"}},{"type":"Feature","geometry":{"type":"Point","coordinates":[-69.9965595,18.4769347]},"properties":{"id":"SALC-OSM-WAY-408053932","nombre":"Centro Sonografia","categoria":"Clínicas y centros de salud","direccion":"Prolong Avenida 27 De Febrero","ciudad":"Santo Domingo Oeste","provincia":"","telefono":"849 751 6150","website":"","osm_type":"way","osm_id":408053932,"osm_url":"https://www.openstreetmap.org/way/408053932","fuente":"OpenStreetMap","validada":false,"habilitacion_sanitaria":"pendiente"}},{"type":"Feature","geometry":{"type":"Point","coordinates":[-70.6983237,19.4485382]},"properties":{"id":"SALC-OSM-WAY-409572205","nombre":"CEPSISA","categoria":"Clínicas y centros de salud","direccion":"Calle 16 de Agosto","ciudad":"Santiago","provincia":"","telefono":"","website":"","osm_type":"way","osm_id":409572205,"osm_url":"https://www.openstreetmap.org/way/409572205","fuente":"OpenStreetMap","validada":false,"habilitacion_sanitaria":"pendiente"}},{"type":"Feature","geometry":{"type":"Point","coordinates":[-69.9704595,18.4769503]},"properties":{"id":"SALC-OSM-NODE-6008439188","nombre":"Ceragem","categoria":"Clínicas y centros de salud","direccion":"","ciudad":"","provincia":"","telefono":"","website":"","osm_type":"node","osm_id":6008439188,"osm_url":"https://www.openstreetmap.org/node/6008439188","fuente":"OpenStreetMap","validada":false,"habilitacion_sanitaria":"pendiente"}},{"type":"Feature","geometry":{"type":"Point","coordinates":[-71.2410858,18.8103212]},"properties":{"id":"SALC-OSM-NODE-3684756816","nombre":"Christian Clinic for Integrated Health","categoria":"Clínicas y centros de salud","direccion":"","ciudad":"","provincia":"","telefono":"","website":"","osm_type":"node","osm_id":3684756816,"osm_url":"https://www.openstreetmap.org/node/3684756816","fuente":"OpenStreetMap","validada":false,"habilitacion_sanitaria":"pendiente"}},{"type":"Feature","geometry":{"type":"Point","coordinates":[-70.2801784,19.284806]},"properties":{"id":"SALC-OSM-NODE-3238936700","nombre":"Ciplaci","categoria":"Clínicas y centros de salud","direccion":"Antonio Guzman Fernandez","ciudad":"San francisco De Macoris","provincia":"","telefono":"","website":"https://www.ciplaci.com/index.html","osm_type":"node","osm_id":3238936700,"osm_url":"https://www.openstreetmap.org/node/3238936700","fuente":"OpenStreetMap","validada":false,"habilitacion_sanitaria":"pendiente"}},{"type":"Feature","geometry":{"type":"Point","coordinates":[-69.9292826,18.4671818]},"properties":{"id":"SALC-OSM-WAY-328852140","nombre":"Cirugía Plástica Facial Avanzada","categoria":"Clínicas y centros de salud","direccion":"","ciudad":"","provincia":"","telefono":"8097324903","website":"","osm_type":"way","osm_id":328852140,"osm_url":"https://www.openstreetmap.org/way/328852140","fuente":"OpenStreetMap","validada":false,"habilitacion_sanitaria":"pendiente"}},{"type":"Feature","geometry":{"type":"Point","coordinates":[-69.9220456,18.4766401]},"properties":{"id":"SALC-OSM-WAY-397173308","nombre":"Cirugía Plástica y Estética","categoria":"Clínicas y centros de salud","direccion":"Calle Socrates Nolasco 4","ciudad":"Santo Domingo","provincia":"","telefono":"","website":"","osm_type":"way","osm_id":397173308,"osm_url":"https://www.openstreetmap.org/way/397173308","fuente":"OpenStreetMap","validada":false,"habilitacion_sanitaria":"pendiente"}},{"type":"Feature","geometry":{"type":"Point","coordinates":[-69.9419994,18.4783822]},"properties":{"id":"SALC-OSM-NODE-10262516709","nombre":"Cliderm","categoria":"Clínicas y centros de salud","direccion":"Calle Manuel de Jesús Troncoso 63","ciudad":"","provincia":"","telefono":"+18096891025","website":"","osm_type":"node","osm_id":10262516709,"osm_url":"https://www.openstreetmap.org/node/10262516709","fuente":"OpenStreetMap","validada":false,"habilitacion_sanitaria":"pendiente"}},{"type":"Feature","geometry":{"type":"Point","coordinates":[-70.0143553,18.5215387]},"properties":{"id":"SALC-OSM-NODE-10274351409","nombre":"CLIDERMES","categoria":"Clínicas y centros de salud","direccion":"Calle Duarte 53","ciudad":"","provincia":"","telefono":"8095481878","website":"https://clidermes.negocio.site/?utm_source=gmb&utm_medium=referral","osm_type":"node","osm_id":10274351409,"osm_url":"https://www.openstreetmap.org/node/10274351409","fuente":"OpenStreetMap","validada":false,"habilitacion_sanitaria":"pendiente"}},{"type":"Feature","geometry":{"type":"Point","coordinates":[-68.4627212,18.7260712]},"properties":{"id":"SALC-OSM-NODE-9720992583","nombre":"Clinic Assist","categoria":"Clínicas y centros de salud","direccion":"","ciudad":"","provincia":"","telefono":"","website":"","osm_type":"node","osm_id":9720992583,"osm_url":"https://www.openstreetmap.org/node/9720992583","fuente":"OpenStreetMap","validada":false,"habilitacion_sanitaria":"pendiente"}},{"type":"Feature","geometry":{"type":"Point","coordinates":[-69.9841553,18.4476656]},"properties":{"id":"SALC-OSM-NODE-5744375320","nombre":"Clinica Central Dr. Roberto Circo","categoria":"Clínicas y centros de salud","direccion":"","ciudad":"","provincia":"","telefono":"","website":"","osm_type":"node","osm_id":5744375320,"osm_url":"https://www.openstreetmap.org/node/5744375320","fuente":"OpenStreetMap","validada":false,"habilitacion_sanitaria":"pendiente"}},{"type":"Feature","geometry":{"type":"Point","coordinates":[-69.9131157,18.4574096]},"properties":{"id":"SALC-OSM-WAY-414459590","nombre":"Clinica de Cirugia Integrada","categoria":"Clínicas y centros de salud","direccion":"Avenida Independencia 1061","ciudad":"","provincia":"","telefono":"","website":"","osm_type":"way","osm_id":414459590,"osm_url":"https://www.openstreetmap.org/way/414459590","fuente":"OpenStreetMap","validada":false,"habilitacion_sanitaria":"pendiente"}},{"type":"Feature","geometry":{"type":"Point","coordinates":[-70.5525515,18.547239]},"properties":{"id":"SALC-OSM-NODE-3684837266","nombre":"Clinica de El Pinar","categoria":"Clínicas y centros de salud","direccion":"","ciudad":"","provincia":"","telefono":"","website":"","osm_type":"node","osm_id":3684837266,"osm_url":"https://www.openstreetmap.org/node/3684837266","fuente":"OpenStreetMap","validada":false,"habilitacion_sanitaria":"pendiente"}},{"type":"Feature","geometry":{"type":"Point","coordinates":[-70.0226245,18.5237027]},"properties":{"id":"SALC-OSM-NODE-4154269414","nombre":"Clinica De La Diel","categoria":"Clínicas y centros de salud","direccion":"Calle Duarte","ciudad":"Los Alcarrizos","provincia":"","telefono":"","website":"","osm_type":"node","osm_id":4154269414,"osm_url":"https://www.openstreetmap.org/node/4154269414","fuente":"OpenStreetMap","validada":false,"habilitacion_sanitaria":"pendiente"}},{"type":"Feature","geometry":{"type":"Point","coordinates":[-68.7091664,18.6032364]},"properties":{"id":"SALC-OSM-NODE-8064116574","nombre":"Clinica de Maternidad Dr. Gil","categoria":"Clínicas y centros de salud","direccion":"","ciudad":"","provincia":"","telefono":"","website":"","osm_type":"node","osm_id":8064116574,"osm_url":"https://www.openstreetmap.org/node/8064116574","fuente":"OpenStreetMap","validada":false,"habilitacion_sanitaria":"pendiente"}},{"type":"Feature","geometry":{"type":"Point","coordinates":[-69.8827676,18.5018704]},"properties":{"id":"SALC-OSM-WAY-407780267","nombre":"Clinica de Salud Familia Los Guandules","categoria":"Clínicas y centros de salud","direccion":"Calle Maria Nazaret","ciudad":"","provincia":"","telefono":"","website":"","osm_type":"way","osm_id":407780267,"osm_url":"https://www.openstreetmap.org/way/407780267","fuente":"OpenStreetMap","validada":false,"habilitacion_sanitaria":"pendiente"}},{"type":"Feature","geometry":{"type":"Point","coordinates":[-69.959569,18.4349026]},"properties":{"id":"SALC-OSM-NODE-4147428801","nombre":"Clinica Dr McKinney Sonografia","categoria":"Clínicas y centros de salud","direccion":"","ciudad":"","provincia":"","telefono":"","website":"","osm_type":"node","osm_id":4147428801,"osm_url":"https://www.openstreetmap.org/node/4147428801","fuente":"OpenStreetMap","validada":false,"habilitacion_sanitaria":"pendiente"}},{"type":"Feature","geometry":{"type":"Point","coordinates":[-70.1746629,18.6749675]},"properties":{"id":"SALC-OSM-WAY-413693367","nombre":"Clinica Dr. D'Oleo","categoria":"Clínicas y centros de salud","direccion":"27 De Febrero","ciudad":"Villa Altagracia","provincia":"","telefono":"","website":"","osm_type":"way","osm_id":413693367,"osm_url":"https://www.openstreetmap.org/way/413693367","fuente":"OpenStreetMap","validada":false,"habilitacion_sanitaria":"pendiente"}},{"type":"Feature","geometry":{"type":"Point","coordinates":[-70.0993059,18.4212134]},"properties":{"id":"SALC-OSM-WAY-412557142","nombre":"Clinica Dr. Gonzalez Binet","categoria":"Clínicas y centros de salud","direccion":"","ciudad":"","provincia":"","telefono":"","website":"","osm_type":"way","osm_id":412557142,"osm_url":"https://www.openstreetmap.org/way/412557142","fuente":"OpenStreetMap","validada":false,"habilitacion_sanitaria":"pendiente"}},{"type":"Feature","geometry":{"type":"Point","coordinates":[-69.9818418,18.4766222]},"properties":{"id":"SALC-OSM-WAY-410669585","nombre":"Clinica Dr. Medrano","categoria":"Clínicas y centros de salud","direccion":"","ciudad":"","provincia":"","telefono":"","website":"","osm_type":"way","osm_id":410669585,"osm_url":"https://www.openstreetmap.org/way/410669585","fuente":"OpenStreetMap","validada":false,"habilitacion_sanitaria":"pendiente"}},{"type":"Feature","geometry":{"type":"Point","coordinates":[-69.8902238,18.4792256]},"properties":{"id":"SALC-OSM-NODE-4097839623","nombre":"Clinica Dr. Mojica Peña","categoria":"Clínicas y centros de salud","direccion":"Calle Jacinto de La Concha","ciudad":"","provincia":"","telefono":"","website":"","osm_type":"node","osm_id":4097839623,"osm_url":"https://www.openstreetmap.org/node/4097839623","fuente":"OpenStreetMap","validada":false,"habilitacion_sanitaria":"pendiente"}},{"type":"Feature","geometry":{"type":"Point","coordinates":[-70.2492633,19.2948859]},"properties":{"id":"SALC-OSM-NODE-3093886035","nombre":"Clinica Dr. Reynoso","categoria":"Clínicas y centros de salud","direccion":"","ciudad":"San Francisco De Macoris","provincia":"","telefono":"","website":"","osm_type":"node","osm_id":3093886035,"osm_url":"https://www.openstreetmap.org/node/3093886035","fuente":"OpenStreetMap","validada":false,"habilitacion_sanitaria":"pendiente"}},{"type":"Feature","geometry":{"type":"Point","coordinates":[-69.9105769,18.527507]},"properties":{"id":"SALC-OSM-WAY-418417016","nombre":"Clinica Dr. Ureña Arias","categoria":"Clínicas y centros de salud","direccion":"Avenida Hermanas Mirabal 341","ciudad":"Santo Domingo Norte","provincia":"","telefono":"+18095698925","website":"","osm_type":"way","osm_id":418417016,"osm_url":"https://www.openstreetmap.org/way/418417016","fuente":"OpenStreetMap","validada":false,"habilitacion_sanitaria":"pendiente"}},{"type":"Feature","geometry":{"type":"Point","coordinates":[-70.6085345,19.3432714]},"properties":{"id":"SALC-OSM-WAY-1525315323","nombre":"Clinica Dra. Mirna","categoria":"Clínicas y centros de salud","direccion":"","ciudad":"","provincia":"","telefono":"","website":"","osm_type":"way","osm_id":1525315323,"osm_url":"https://www.openstreetmap.org/way/1525315323","fuente":"OpenStreetMap","validada":false,"habilitacion_sanitaria":"pendiente"}},{"type":"Feature","geometry":{"type":"Point","coordinates":[-70.5083458,18.5430911]},"properties":{"id":"SALC-OSM-NODE-3121493771","nombre":"Clinica El Maniel","categoria":"Clínicas y centros de salud","direccion":"","ciudad":"","provincia":"","telefono":"","website":"","osm_type":"node","osm_id":3121493771,"osm_url":"https://www.openstreetmap.org/node/3121493771","fuente":"OpenStreetMap","validada":false,"habilitacion_sanitaria":"pendiente"}},{"type":"Feature","geometry":{"type":"Point","coordinates":[-69.942296,18.4793456]},"properties":{"id":"SALC-OSM-WAY-336764438","nombre":"Clinica IDSS Zona G","categoria":"Clínicas y centros de salud","direccion":"Calle Manuel de Jesus Troncoso","ciudad":"Santo Domingo","provincia":"","telefono":"","website":"","osm_type":"way","osm_id":336764438,"osm_url":"https://www.openstreetmap.org/way/336764438","fuente":"OpenStreetMap","validada":false,"habilitacion_sanitaria":"pendiente"}},{"type":"Feature","geometry":{"type":"Point","coordinates":[-69.9605025,18.5010187]},"properties":{"id":"SALC-OSM-WAY-408668631","nombre":"Clinica Independencia Norte","categoria":"Clínicas y centros de salud","direccion":"Avenida Coronel Juan Maria Lora Fernandez","ciudad":"Santo Domingo","provincia":"","telefono":"","website":"","osm_type":"way","osm_id":408668631,"osm_url":"https://www.openstreetmap.org/way/408668631","fuente":"OpenStreetMap","validada":false,"habilitacion_sanitaria":"pendiente"}},{"type":"Feature","geometry":{"type":"Point","coordinates":[-69.8653987,18.493962]},"properties":{"id":"SALC-OSM-WAY-414017349","nombre":"Clinica La Altagracia","categoria":"Clínicas y centros de salud","direccion":"Avenida Sabana Larga","ciudad":"Santo Domingo Este","provincia":"","telefono":"","website":"","osm_type":"way","osm_id":414017349,"osm_url":"https://www.openstreetmap.org/way/414017349","fuente":"OpenStreetMap","validada":false,"habilitacion_sanitaria":"pendiente"}},{"type":"Feature","geometry":{"type":"Point","coordinates":[-70.6401821,19.1254499]},"properties":{"id":"SALC-OSM-NODE-6210499798","nombre":"Clinica Los Rios","categoria":"Clínicas y centros de salud","direccion":"","ciudad":"","provincia":"","telefono":"","website":"","osm_type":"node","osm_id":6210499798,"osm_url":"https://www.openstreetmap.org/node/6210499798","fuente":"OpenStreetMap","validada":false,"habilitacion_sanitaria":"pendiente"}},{"type":"Feature","geometry":{"type":"Point","coordinates":[-69.8658318,18.4879058]},"properties":{"id":"SALC-OSM-WAY-344545121","nombre":"Clinica Medico Integral Santana Guzman","categoria":"Clínicas y centros de salud","direccion":"Avenida Sabana Larga","ciudad":"Santo Domingo Este","provincia":"","telefono":"","website":"","osm_type":"way","osm_id":344545121,"osm_url":"https://www.openstreetmap.org/way/344545121","fuente":"OpenStreetMap","validada":false,"habilitacion_sanitaria":"pendiente"}},{"type":"Feature","geometry":{"type":"Point","coordinates":[-69.932453,18.4623657]},"properties":{"id":"SALC-OSM-NODE-4983888222","nombre":"Clinica Oftalmologica de Santo Domingo","categoria":"Clínicas y centros de salud","direccion":"Desiderio Arias","ciudad":"","provincia":"","telefono":"","website":"","osm_type":"node","osm_id":4983888222,"osm_url":"https://www.openstreetmap.org/node/4983888222","fuente":"OpenStreetMap","validada":false,"habilitacion_sanitaria":"pendiente"}},{"type":"Feature","geometry":{"type":"Point","coordinates":[-70.4333724,19.6576908]},"properties":{"id":"SALC-OSM-WAY-398683323","nombre":"Clinica Rural Los Brazos","categoria":"Clínicas y centros de salud","direccion":"","ciudad":"","provincia":"","telefono":"","website":"","osm_type":"way","osm_id":398683323,"osm_url":"https://www.openstreetmap.org/way/398683323","fuente":"OpenStreetMap","validada":false,"habilitacion_sanitaria":"pendiente"}},{"type":"Feature","geometry":{"type":"Point","coordinates":[-68.7879566,18.4950213]},"properties":{"id":"SALC-OSM-WAY-1368695940","nombre":"Clinica Rural Magdalena","categoria":"Clínicas y centros de salud","direccion":"","ciudad":"","provincia":"","telefono":"","website":"","osm_type":"way","osm_id":1368695940,"osm_url":"https://www.openstreetmap.org/way/1368695940","fuente":"OpenStreetMap","validada":false,"habilitacion_sanitaria":"pendiente"}},{"type":"Feature","geometry":{"type":"Point","coordinates":[-69.8634347,18.5101255]},"properties":{"id":"SALC-OSM-WAY-413984940","nombre":"Clinica Soto Gonzalez","categoria":"Clínicas y centros de salud","direccion":"San Vicente de Paúl","ciudad":"","provincia":"","telefono":"","website":"","osm_type":"way","osm_id":413984940,"osm_url":"https://www.openstreetmap.org/way/413984940","fuente":"OpenStreetMap","validada":false,"habilitacion_sanitaria":"pendiente"}},{"type":"Feature","geometry":{"type":"Point","coordinates":[-69.8920254,18.4929536]},"properties":{"id":"SALC-OSM-WAY-408747230","nombre":"Clinica Urbana Yolanda Guzman","categoria":"Clínicas y centros de salud","direccion":"Avenida Yolanda Guzman","ciudad":"","provincia":"","telefono":"","website":"","osm_type":"way","osm_id":408747230,"osm_url":"https://www.openstreetmap.org/way/408747230","fuente":"OpenStreetMap","validada":false,"habilitacion_sanitaria":"pendiente"}},{"type":"Feature","geometry":{"type":"Point","coordinates":[-68.4664278,18.7203192]},"properties":{"id":"SALC-OSM-NODE-9716348373","nombre":"Clinoc Assist","categoria":"Clínicas y centros de salud","direccion":"","ciudad":"","provincia":"","telefono":"","website":"","osm_type":"node","osm_id":9716348373,"osm_url":"https://www.openstreetmap.org/node/9716348373","fuente":"OpenStreetMap","validada":false,"habilitacion_sanitaria":"pendiente"}},{"type":"Feature","geometry":{"type":"Point","coordinates":[-71.7046415,18.8723474]},"properties":{"id":"SALC-OSM-WAY-363539102","nombre":"Clínica Ana Patria Martínez","categoria":"Clínicas y centros de salud","direccion":"","ciudad":"","provincia":"","telefono":"","website":"","osm_type":"way","osm_id":363539102,"osm_url":"https://www.openstreetmap.org/way/363539102","fuente":"OpenStreetMap","validada":false,"habilitacion_sanitaria":"pendiente"}},{"type":"Feature","geometry":{"type":"Point","coordinates":[-70.504932,18.5475381]},"properties":{"id":"SALC-OSM-NODE-2685407385","nombre":"Clínica Arias","categoria":"Clínicas y centros de salud","direccion":"","ciudad":"","provincia":"","telefono":"","website":"","osm_type":"node","osm_id":2685407385,"osm_url":"https://www.openstreetmap.org/node/2685407385","fuente":"OpenStreetMap","validada":false,"habilitacion_sanitaria":"pendiente"}},{"type":"Feature","geometry":{"type":"Point","coordinates":[-70.6997896,19.4526951]},"properties":{"id":"SALC-OSM-WAY-408431177","nombre":"Clínica Corominas","categoria":"Clínicas y centros de salud","direccion":"Independencia","ciudad":"Santiago","provincia":"","telefono":"809-580-1171","website":"","osm_type":"way","osm_id":408431177,"osm_url":"https://www.openstreetmap.org/way/408431177","fuente":"OpenStreetMap","validada":false,"habilitacion_sanitaria":"pendiente"}},{"type":"Feature","geometry":{"type":"Point","coordinates":[-69.9165411,18.5215623]},"properties":{"id":"SALC-OSM-WAY-408379593","nombre":"Clínica de Dermatología Villa Mella","categoria":"Clínicas y centros de salud","direccion":"Avenida Hermanas Mirabal","ciudad":"","provincia":"","telefono":"","website":"","osm_type":"way","osm_id":408379593,"osm_url":"https://www.openstreetmap.org/way/408379593","fuente":"OpenStreetMap","validada":false,"habilitacion_sanitaria":"pendiente"}},{"type":"Feature","geometry":{"type":"Point","coordinates":[-70.4087029,18.9386587]},"properties":{"id":"SALC-OSM-WAY-222814362","nombre":"Clínica de Ojos","categoria":"Clínicas y centros de salud","direccion":"Doctor Salvador Gautier","ciudad":"Bonao","provincia":"","telefono":"809 525 5383","website":"","osm_type":"way","osm_id":222814362,"osm_url":"https://www.openstreetmap.org/way/222814362","fuente":"OpenStreetMap","validada":false,"habilitacion_sanitaria":"pendiente"}},{"type":"Feature","geometry":{"type":"Point","coordinates":[-70.2796089,19.6289174]},"properties":{"id":"SALC-OSM-NODE-2901348801","nombre":"Clínica Dental Dra. Nieves Hidalgo Papaterra","categoria":"Clínicas y centros de salud","direccion":"","ciudad":"","provincia":"","telefono":"","website":"","osm_type":"node","osm_id":2901348801,"osm_url":"https://www.openstreetmap.org/node/2901348801","fuente":"OpenStreetMap","validada":false,"habilitacion_sanitaria":"pendiente"}},{"type":"Feature","geometry":{"type":"Point","coordinates":[-69.9741147,18.4644292]},"properties":{"id":"SALC-OSM-NODE-4233682791","nombre":"Clínica Dermatologica De Herrera","categoria":"Clínicas y centros de salud","direccion":"Calle San Anton","ciudad":"","provincia":"","telefono":"","website":"","osm_type":"node","osm_id":4233682791,"osm_url":"https://www.openstreetmap.org/node/4233682791","fuente":"OpenStreetMap","validada":false,"habilitacion_sanitaria":"pendiente"}},{"type":"Feature","geometry":{"type":"Point","coordinates":[-69.9954857,18.4703367]},"properties":{"id":"SALC-OSM-NODE-4853829322","nombre":"Clínica doctor arias 2","categoria":"Clínicas y centros de salud","direccion":"Calle Orlando Martinez","ciudad":"","provincia":"","telefono":"","website":"","osm_type":"node","osm_id":4853829322,"osm_url":"https://www.openstreetmap.org/node/4853829322","fuente":"OpenStreetMap","validada":false,"habilitacion_sanitaria":"pendiente"}},{"type":"Feature","geometry":{"type":"Point","coordinates":[-70.7033478,19.4532722]},"properties":{"id":"SALC-OSM-WAY-411768108","nombre":"Clínica Dr. Bonilla","categoria":"Clínicas y centros de salud","direccion":"Duarte","ciudad":"Santiago","provincia":"","telefono":"","website":"","osm_type":"way","osm_id":411768108,"osm_url":"https://www.openstreetmap.org/way/411768108","fuente":"OpenStreetMap","validada":false,"habilitacion_sanitaria":"pendiente"}},{"type":"Feature","geometry":{"type":"Point","coordinates":[-70.7099827,19.4558228]},"properties":{"id":"SALC-OSM-WAY-410359207","nombre":"Clínica Dr. Minier Hernández","categoria":"Clínicas y centros de salud","direccion":"Avenida Hermanas Mirabal","ciudad":"Santiago de los Caballeros","provincia":"","telefono":"","website":"","osm_type":"way","osm_id":410359207,"osm_url":"https://www.openstreetmap.org/way/410359207","fuente":"OpenStreetMap","validada":false,"habilitacion_sanitaria":"pendiente"}},{"type":"Feature","geometry":{"type":"Point","coordinates":[-71.1550734,19.4112653]},"properties":{"id":"SALC-OSM-WAY-1359382093","nombre":"Clínica Dr. Morel","categoria":"Clínicas y centros de salud","direccion":"","ciudad":"","provincia":"","telefono":"","website":"","osm_type":"way","osm_id":1359382093,"osm_url":"https://www.openstreetmap.org/way/1359382093","fuente":"OpenStreetMap","validada":false,"habilitacion_sanitaria":"pendiente"}},{"type":"Feature","geometry":{"type":"Point","coordinates":[-70.9881808,19.5827579]},"properties":{"id":"SALC-OSM-WAY-445890786","nombre":"Clínica Dr. Pedro Aquino","categoria":"Clínicas y centros de salud","direccion":"Calle Francisca Viuda Vargas","ciudad":"Esperanza","provincia":"","telefono":"","website":"","osm_type":"way","osm_id":445890786,"osm_url":"https://www.openstreetmap.org/way/445890786","fuente":"OpenStreetMap","validada":false,"habilitacion_sanitaria":"pendiente"}},{"type":"Feature","geometry":{"type":"Point","coordinates":[-68.7194912,18.6120078]},"properties":{"id":"SALC-OSM-NODE-5073190925","nombre":"Clínica Dr. Perozo","categoria":"Clínicas y centros de salud","direccion":"","ciudad":"","provincia":"","telefono":"","website":"","osm_type":"node","osm_id":5073190925,"osm_url":"https://www.openstreetmap.org/node/5073190925","fuente":"OpenStreetMap","validada":false,"habilitacion_sanitaria":"pendiente"}},{"type":"Feature","geometry":{"type":"Point","coordinates":[-70.7065305,19.4531829]},"properties":{"id":"SALC-OSM-WAY-409860054","nombre":"Clínica Dr. Pichardo","categoria":"Clínicas y centros de salud","direccion":"Calle Restauración 135","ciudad":"Santiago","provincia":"","telefono":"","website":"","osm_type":"way","osm_id":409860054,"osm_url":"https://www.openstreetmap.org/way/409860054","fuente":"OpenStreetMap","validada":false,"habilitacion_sanitaria":"pendiente"}},{"type":"Feature","geometry":{"type":"Point","coordinates":[-69.9852424,18.4478177]},"properties":{"id":"SALC-OSM-NODE-4366960589","nombre":"clínica Dr. Reyes","categoria":"Clínicas y centros de salud","direccion":"Calle C","ciudad":"Santo Domingo Oeste","provincia":"","telefono":"809-534-3000","website":"","osm_type":"node","osm_id":4366960589,"osm_url":"https://www.openstreetmap.org/node/4366960589","fuente":"OpenStreetMap","validada":false,"habilitacion_sanitaria":"pendiente"}},{"type":"Feature","geometry":{"type":"Point","coordinates":[-69.9093805,18.4598407]},"properties":{"id":"SALC-OSM-WAY-1271517693","nombre":"Clínica Eloim","categoria":"Clínicas y centros de salud","direccion":"Calle Elvira de Mendoza","ciudad":"Santo Domingo","provincia":"","telefono":"","website":"","osm_type":"way","osm_id":1271517693,"osm_url":"https://www.openstreetmap.org/way/1271517693","fuente":"OpenStreetMap","validada":false,"habilitacion_sanitaria":"pendiente"}},{"type":"Feature","geometry":{"type":"Point","coordinates":[-70.6793666,19.4614518]},"properties":{"id":"SALC-OSM-WAY-408453375","nombre":"Clínica Especializada en Heridas, Pie y Salvamento de Extremidades","categoria":"Clínicas y centros de salud","direccion":"Avenida 27 de Febrero","ciudad":"Santiago","provincia":"","telefono":"","website":"","osm_type":"way","osm_id":408453375,"osm_url":"https://www.openstreetmap.org/way/408453375","fuente":"OpenStreetMap","validada":false,"habilitacion_sanitaria":"pendiente"}},{"type":"Feature","geometry":{"type":"Point","coordinates":[-70.7089515,19.4588557]},"properties":{"id":"SALC-OSM-WAY-409874188","nombre":"Clínica Jiménez","categoria":"Clínicas y centros de salud","direccion":"Avenida 27 de Febrero","ciudad":"Santiago","provincia":"","telefono":"","website":"","osm_type":"way","osm_id":409874188,"osm_url":"https://www.openstreetmap.org/way/409874188","fuente":"OpenStreetMap","validada":false,"habilitacion_sanitaria":"pendiente"}},{"type":"Feature","geometry":{"type":"Point","coordinates":[-69.8869193,18.4767979]},"properties":{"id":"SALC-OSM-WAY-406788866","nombre":"Clínica Luis Pasteur","categoria":"Clínicas y centros de salud","direccion":"","ciudad":"","provincia":"","telefono":"","website":"","osm_type":"way","osm_id":406788866,"osm_url":"https://www.openstreetmap.org/way/406788866","fuente":"OpenStreetMap","validada":false,"habilitacion_sanitaria":"pendiente"}},{"type":"Feature","geometry":{"type":"Point","coordinates":[-70.9849571,19.5845137]},"properties":{"id":"SALC-OSM-NODE-4169891189","nombre":"Clínica Montesino","categoria":"Clínicas y centros de salud","direccion":"","ciudad":"","provincia":"","telefono":"","website":"","osm_type":"node","osm_id":4169891189,"osm_url":"https://www.openstreetmap.org/node/4169891189","fuente":"OpenStreetMap","validada":false,"habilitacion_sanitaria":"pendiente"}},{"type":"Feature","geometry":{"type":"Point","coordinates":[-69.9827663,18.4469654]},"properties":{"id":"SALC-OSM-NODE-4366960590","nombre":"clínica nuevo amanecer","categoria":"Clínicas y centros de salud","direccion":"","ciudad":"","provincia":"","telefono":"","website":"","osm_type":"node","osm_id":4366960590,"osm_url":"https://www.openstreetmap.org/node/4366960590","fuente":"OpenStreetMap","validada":false,"habilitacion_sanitaria":"pendiente"}},{"type":"Feature","geometry":{"type":"Point","coordinates":[-70.7082168,19.4532141]},"properties":{"id":"SALC-OSM-NODE-7328193287","nombre":"Clínica ProFamilia","categoria":"Clínicas y centros de salud","direccion":"","ciudad":"","provincia":"","telefono":"","website":"","osm_type":"node","osm_id":7328193287,"osm_url":"https://www.openstreetmap.org/node/7328193287","fuente":"OpenStreetMap","validada":false,"habilitacion_sanitaria":"pendiente"}},{"type":"Feature","geometry":{"type":"Point","coordinates":[-71.7063884,19.5505759]},"properties":{"id":"SALC-OSM-NODE-5548745623","nombre":"Clínica Rosa Benita","categoria":"Clínicas y centros de salud","direccion":"Calle Manuel Ramón Roca","ciudad":"","provincia":"","telefono":"","website":"","osm_type":"node","osm_id":5548745623,"osm_url":"https://www.openstreetmap.org/node/5548745623","fuente":"OpenStreetMap","validada":false,"habilitacion_sanitaria":"pendiente"}},{"type":"Feature","geometry":{"type":"Point","coordinates":[-71.6292856,18.8494973]},"properties":{"id":"SALC-OSM-NODE-4390200193","nombre":"Clínica Rural","categoria":"Clínicas y centros de salud","direccion":"Duarte","ciudad":"","provincia":"","telefono":"","website":"","osm_type":"node","osm_id":4390200193,"osm_url":"https://www.openstreetmap.org/node/4390200193","fuente":"OpenStreetMap","validada":false,"habilitacion_sanitaria":"pendiente"}},{"type":"Feature","geometry":{"type":"Point","coordinates":[-70.8119762,19.4424639]},"properties":{"id":"SALC-OSM-WAY-368609207","nombre":"Clínica Rural Villa Bao","categoria":"Clínicas y centros de salud","direccion":"","ciudad":"","provincia":"","telefono":"","website":"","osm_type":"way","osm_id":368609207,"osm_url":"https://www.openstreetmap.org/way/368609207","fuente":"OpenStreetMap","validada":false,"habilitacion_sanitaria":"pendiente"}},{"type":"Feature","geometry":{"type":"Point","coordinates":[-69.9928045,18.4862105]},"properties":{"id":"SALC-OSM-WAY-412119719","nombre":"Clínica Tamárez Espinal","categoria":"Clínicas y centros de salud","direccion":"Avenida Los Beisbolistas 64","ciudad":"Santo Domingo Oeste","provincia":"","telefono":"+1-809-379-1100","website":"","osm_type":"way","osm_id":412119719,"osm_url":"https://www.openstreetmap.org/way/412119719","fuente":"OpenStreetMap","validada":false,"habilitacion_sanitaria":"pendiente"}},{"type":"Feature","geometry":{"type":"Point","coordinates":[-71.3383622,19.4780565]},"properties":{"id":"SALC-OSM-NODE-11618613790","nombre":"Clínica Villafaña Jiménez","categoria":"Clínicas y centros de salud","direccion":"Av. Próceres de la Restauración 61","ciudad":"","provincia":"","telefono":"8095802480","website":"","osm_type":"node","osm_id":11618613790,"osm_url":"https://www.openstreetmap.org/node/11618613790","fuente":"OpenStreetMap","validada":false,"habilitacion_sanitaria":"pendiente"}},{"type":"Feature","geometry":{"type":"Point","coordinates":[-69.9591136,18.4791539]},"properties":{"id":"SALC-OSM-NODE-10936868305","nombre":"Clínicas y centros de salud sin nombre","categoria":"Clínicas y centros de salud","direccion":"Calle Juan Isidro Ortega 53","ciudad":"","provincia":"","telefono":"","website":"","osm_type":"node","osm_id":10936868305,"osm_url":"https://www.openstreetmap.org/node/10936868305","fuente":"OpenStreetMap","validada":false,"habilitacion_sanitaria":"pendiente"}},{"type":"Feature","geometry":{"type":"Point","coordinates":[-70.1784347,19.6139927]},"properties":{"id":"SALC-OSM-NODE-2782386388","nombre":"Clínicas y centros de salud sin nombre","categoria":"Clínicas y centros de salud","direccion":"","ciudad":"","provincia":"","telefono":"","website":"","osm_type":"node","osm_id":2782386388,"osm_url":"https://www.openstreetmap.org/node/2782386388","fuente":"OpenStreetMap","validada":false,"habilitacion_sanitaria":"pendiente"}},{"type":"Feature","geometry":{"type":"Point","coordinates":[-68.4177832,18.6870414]},"properties":{"id":"SALC-OSM-NODE-3195362020","nombre":"Clínicas y centros de salud sin nombre","categoria":"Clínicas y centros de salud","direccion":"","ciudad":"","provincia":"","telefono":"","website":"","osm_type":"node","osm_id":3195362020,"osm_url":"https://www.openstreetmap.org/node/3195362020","fuente":"OpenStreetMap","validada":false,"habilitacion_sanitaria":"pendiente"}},{"type":"Feature","geometry":{"type":"Point","coordinates":[-69.8893283,18.4717668]},"properties":{"id":"SALC-OSM-NODE-4087224438","nombre":"Clínicas y centros de salud sin nombre","categoria":"Clínicas y centros de salud","direccion":"","ciudad":"","provincia":"","telefono":"","website":"","osm_type":"node","osm_id":4087224438,"osm_url":"https://www.openstreetmap.org/node/4087224438","fuente":"OpenStreetMap","validada":false,"habilitacion_sanitaria":"pendiente"}},{"type":"Feature","geometry":{"type":"Point","coordinates":[-69.9220866,18.4889422]},"properties":{"id":"SALC-OSM-NODE-4503617590","nombre":"Clínicas y centros de salud sin nombre","categoria":"Clínicas y centros de salud","direccion":"","ciudad":"","provincia":"","telefono":"","website":"","osm_type":"node","osm_id":4503617590,"osm_url":"https://www.openstreetmap.org/node/4503617590","fuente":"OpenStreetMap","validada":false,"habilitacion_sanitaria":"pendiente"}},{"type":"Feature","geometry":{"type":"Point","coordinates":[-69.9247027,18.4959237]},"properties":{"id":"SALC-OSM-NODE-4614523593","nombre":"Clínicas y centros de salud sin nombre","categoria":"Clínicas y centros de salud","direccion":"","ciudad":"","provincia":"","telefono":"","website":"","osm_type":"node","osm_id":4614523593,"osm_url":"https://www.openstreetmap.org/node/4614523593","fuente":"OpenStreetMap","validada":false,"habilitacion_sanitaria":"pendiente"}},{"type":"Feature","geometry":{"type":"Point","coordinates":[-69.9065901,18.5435038]},"properties":{"id":"SALC-OSM-NODE-4719846391","nombre":"Clínicas y centros de salud sin nombre","categoria":"Clínicas y centros de salud","direccion":"","ciudad":"","provincia":"","telefono":"","website":"","osm_type":"node","osm_id":4719846391,"osm_url":"https://www.openstreetmap.org/node/4719846391","fuente":"OpenStreetMap","validada":false,"habilitacion_sanitaria":"pendiente"}},{"type":"Feature","geometry":{"type":"Point","coordinates":[-68.452826,18.7144136]},"properties":{"id":"SALC-OSM-NODE-4960522242","nombre":"Clínicas y centros de salud sin nombre","categoria":"Clínicas y centros de salud","direccion":"","ciudad":"","provincia":"","telefono":"","website":"","osm_type":"node","osm_id":4960522242,"osm_url":"https://www.openstreetmap.org/node/4960522242","fuente":"OpenStreetMap","validada":false,"habilitacion_sanitaria":"pendiente"}},{"type":"Feature","geometry":{"type":"Point","coordinates":[-69.3371419,19.2082017]},"properties":{"id":"SALC-OSM-NODE-8777695817","nombre":"Clínicas y centros de salud sin nombre","categoria":"Clínicas y centros de salud","direccion":"","ciudad":"","provincia":"","telefono":"","website":"","osm_type":"node","osm_id":8777695817,"osm_url":"https://www.openstreetmap.org/node/8777695817","fuente":"OpenStreetMap","validada":false,"habilitacion_sanitaria":"pendiente"}},{"type":"Feature","geometry":{"type":"Point","coordinates":[-68.5916872,18.8152161]},"properties":{"id":"SALC-OSM-NODE-9128748686","nombre":"Clínicas y centros de salud sin nombre","categoria":"Clínicas y centros de salud","direccion":"","ciudad":"","provincia":"","telefono":"","website":"","osm_type":"node","osm_id":9128748686,"osm_url":"https://www.openstreetmap.org/node/9128748686","fuente":"OpenStreetMap","validada":false,"habilitacion_sanitaria":"pendiente"}},{"type":"Feature","geometry":{"type":"Point","coordinates":[-69.3879367,19.0553746]},"properties":{"id":"SALC-OSM-WAY-1100695735","nombre":"Clínicas y centros de salud sin nombre","categoria":"Clínicas y centros de salud","direccion":"","ciudad":"","provincia":"","telefono":"","website":"","osm_type":"way","osm_id":1100695735,"osm_url":"https://www.openstreetmap.org/way/1100695735","fuente":"OpenStreetMap","validada":false,"habilitacion_sanitaria":"pendiente"}},{"type":"Feature","geometry":{"type":"Point","coordinates":[-70.3925332,19.1732733]},"properties":{"id":"SALC-OSM-WAY-1420322032","nombre":"Clínicas y centros de salud sin nombre","categoria":"Clínicas y centros de salud","direccion":"","ciudad":"","provincia":"","telefono":"","website":"","osm_type":"way","osm_id":1420322032,"osm_url":"https://www.openstreetmap.org/way/1420322032","fuente":"OpenStreetMap","validada":false,"habilitacion_sanitaria":"pendiente"}},{"type":"Feature","geometry":{"type":"Point","coordinates":[-70.3924441,19.1734415]},"properties":{"id":"SALC-OSM-WAY-1420322033","nombre":"Clínicas y centros de salud sin nombre","categoria":"Clínicas y centros de salud","direccion":"","ciudad":"","provincia":"","telefono":"","website":"","osm_type":"way","osm_id":1420322033,"osm_url":"https://www.openstreetmap.org/way/1420322033","fuente":"OpenStreetMap","validada":false,"habilitacion_sanitaria":"pendiente"}},{"type":"Feature","geometry":{"type":"Point","coordinates":[-70.3130847,19.2501342]},"properties":{"id":"SALC-OSM-WAY-1488471969","nombre":"Clínicas y centros de salud sin nombre","categoria":"Clínicas y centros de salud","direccion":"","ciudad":"","provincia":"","telefono":"","website":"","osm_type":"way","osm_id":1488471969,"osm_url":"https://www.openstreetmap.org/way/1488471969","fuente":"OpenStreetMap","validada":false,"habilitacion_sanitaria":"pendiente"}},{"type":"Feature","geometry":{"type":"Point","coordinates":[-69.3235265,18.8534449]},"properties":{"id":"SALC-OSM-WAY-1507573329","nombre":"Clínicas y centros de salud sin nombre","categoria":"Clínicas y centros de salud","direccion":"","ciudad":"","provincia":"","telefono":"","website":"","osm_type":"way","osm_id":1507573329,"osm_url":"https://www.openstreetmap.org/way/1507573329","fuente":"OpenStreetMap","validada":false,"habilitacion_sanitaria":"pendiente"}},{"type":"Feature","geometry":{"type":"Point","coordinates":[-71.3952791,19.5915919]},"properties":{"id":"SALC-OSM-WAY-397872023","nombre":"Clínicas y centros de salud sin nombre","categoria":"Clínicas y centros de salud","direccion":"","ciudad":"","provincia":"","telefono":"","website":"","osm_type":"way","osm_id":397872023,"osm_url":"https://www.openstreetmap.org/way/397872023","fuente":"OpenStreetMap","validada":false,"habilitacion_sanitaria":"pendiente"}},{"type":"Feature","geometry":{"type":"Point","coordinates":[-69.649029,18.4482322]},"properties":{"id":"SALC-OSM-WAY-407005632","nombre":"Clínicas y centros de salud sin nombre","categoria":"Clínicas y centros de salud","direccion":"","ciudad":"","provincia":"","telefono":"","website":"","osm_type":"way","osm_id":407005632,"osm_url":"https://www.openstreetmap.org/way/407005632","fuente":"OpenStreetMap","validada":false,"habilitacion_sanitaria":"pendiente"}},{"type":"Feature","geometry":{"type":"Point","coordinates":[-69.8747185,18.4865823]},"properties":{"id":"SALC-OSM-WAY-413744983","nombre":"Clínicas y centros de salud sin nombre","categoria":"Clínicas y centros de salud","direccion":"Calle Club Rotario","ciudad":"","provincia":"","telefono":"","website":"","osm_type":"way","osm_id":413744983,"osm_url":"https://www.openstreetmap.org/way/413744983","fuente":"OpenStreetMap","validada":false,"habilitacion_sanitaria":"pendiente"}},{"type":"Feature","geometry":{"type":"Point","coordinates":[-69.3320562,19.247081]},"properties":{"id":"SALC-OSM-WAY-529319001","nombre":"Clínicas y centros de salud sin nombre","categoria":"Clínicas y centros de salud","direccion":"","ciudad":"","provincia":"","telefono":"","website":"","osm_type":"way","osm_id":529319001,"osm_url":"https://www.openstreetmap.org/way/529319001","fuente":"OpenStreetMap","validada":false,"habilitacion_sanitaria":"pendiente"}},{"type":"Feature","geometry":{"type":"Point","coordinates":[-68.7141982,18.6047903]},"properties":{"id":"SALC-OSM-WAY-864736786","nombre":"Clínicas y centros de salud sin nombre","categoria":"Clínicas y centros de salud","direccion":"","ciudad":"","provincia":"","telefono":"","website":"","osm_type":"way","osm_id":864736786,"osm_url":"https://www.openstreetmap.org/way/864736786","fuente":"OpenStreetMap","validada":false,"habilitacion_sanitaria":"pendiente"}},{"type":"Feature","geometry":{"type":"Point","coordinates":[-68.7138676,18.6078484]},"properties":{"id":"SALC-OSM-WAY-937867915","nombre":"Clínicas y centros de salud sin nombre","categoria":"Clínicas y centros de salud","direccion":"","ciudad":"","provincia":"","telefono":"","website":"","osm_type":"way","osm_id":937867915,"osm_url":"https://www.openstreetmap.org/way/937867915","fuente":"OpenStreetMap","validada":false,"habilitacion_sanitaria":"pendiente"}},{"type":"Feature","geometry":{"type":"Point","coordinates":[-69.5812655,19.2994277]},"properties":{"id":"SALC-OSM-WAY-975017782","nombre":"Clínicas y centros de salud sin nombre","categoria":"Clínicas y centros de salud","direccion":"","ciudad":"","provincia":"","telefono":"","website":"","osm_type":"way","osm_id":975017782,"osm_url":"https://www.openstreetmap.org/way/975017782","fuente":"OpenStreetMap","validada":false,"habilitacion_sanitaria":"pendiente"}},{"type":"Feature","geometry":{"type":"Point","coordinates":[-68.5914101,18.8162346]},"properties":{"id":"SALC-OSM-WAY-987641978","nombre":"Clínicas y centros de salud sin nombre","categoria":"Clínicas y centros de salud","direccion":"","ciudad":"","provincia":"","telefono":"","website":"","osm_type":"way","osm_id":987641978,"osm_url":"https://www.openstreetmap.org/way/987641978","fuente":"OpenStreetMap","validada":false,"habilitacion_sanitaria":"pendiente"}},{"type":"Feature","geometry":{"type":"Point","coordinates":[-69.885067,18.5323232]},"properties":{"id":"SALC-OSM-WAY-1496734654","nombre":"Clínico y Diagnóstico de Atención Primaria La Nueva Barquita","categoria":"Clínicas y centros de salud","direccion":"","ciudad":"","provincia":"","telefono":"","website":"","osm_type":"way","osm_id":1496734654,"osm_url":"https://www.openstreetmap.org/way/1496734654","fuente":"OpenStreetMap","validada":false,"habilitacion_sanitaria":"pendiente"}},{"type":"Feature","geometry":{"type":"Point","coordinates":[-69.5675719,18.485506]},"properties":{"id":"SALC-OSM-WAY-1374524609","nombre":"Con Gautier","categoria":"Clínicas y centros de salud","direccion":"","ciudad":"","provincia":"","telefono":"","website":"","osm_type":"way","osm_id":1374524609,"osm_url":"https://www.openstreetmap.org/way/1374524609","fuente":"OpenStreetMap","validada":false,"habilitacion_sanitaria":"pendiente"}},{"type":"Feature","geometry":{"type":"Point","coordinates":[-69.8681391,18.5455568]},"properties":{"id":"SALC-OSM-WAY-413385762","nombre":"Consultorio Medico Familiar Dr. Perez Valdez","categoria":"Clínicas y centros de salud","direccion":"San Francisco","ciudad":"Santo Domingo Este","provincia":"","telefono":"","website":"","osm_type":"way","osm_id":413385762,"osm_url":"https://www.openstreetmap.org/way/413385762","fuente":"OpenStreetMap","validada":false,"habilitacion_sanitaria":"pendiente"}},{"type":"Feature","geometry":{"type":"Point","coordinates":[-69.8914978,18.4985034]},"properties":{"id":"SALC-OSM-WAY-410653378","nombre":"Consultorio Medico Luciano & Javier S.R.L.","categoria":"Clínicas y centros de salud","direccion":"Avenida Padre Castellanos Calle 17","ciudad":"","provincia":"","telefono":"","website":"","osm_type":"way","osm_id":410653378,"osm_url":"https://www.openstreetmap.org/way/410653378","fuente":"OpenStreetMap","validada":false,"habilitacion_sanitaria":"pendiente"}},{"type":"Feature","geometry":{"type":"Point","coordinates":[-69.92331,18.4776531]},"properties":{"id":"SALC-OSM-WAY-410110149","nombre":"Consultorios Medicos I","categoria":"Clínicas y centros de salud","direccion":"Padre Fantino Falco 23","ciudad":"Santo Domingo","provincia":"","telefono":"","website":"","osm_type":"way","osm_id":410110149,"osm_url":"https://www.openstreetmap.org/way/410110149","fuente":"OpenStreetMap","validada":false,"habilitacion_sanitaria":"pendiente"}},{"type":"Feature","geometry":{"type":"Point","coordinates":[-70.5290283,19.2218328]},"properties":{"id":"SALC-OSM-WAY-413973310","nombre":"Coopsalud","categoria":"Clínicas y centros de salud","direccion":"Avenida Garcia Godoy","ciudad":"La Vega","provincia":"","telefono":"","website":"","osm_type":"way","osm_id":413973310,"osm_url":"https://www.openstreetmap.org/way/413973310","fuente":"OpenStreetMap","validada":false,"habilitacion_sanitaria":"pendiente"}},{"type":"Feature","geometry":{"type":"Point","coordinates":[-69.9220993,18.4806886]},"properties":{"id":"SALC-OSM-NODE-4138721589","nombre":"corominas pepin","categoria":"Clínicas y centros de salud","direccion":"Calle Profesor Ajiro Paulino","ciudad":"","provincia":"","telefono":"","website":"","osm_type":"node","osm_id":4138721589,"osm_url":"https://www.openstreetmap.org/node/4138721589","fuente":"OpenStreetMap","validada":false,"habilitacion_sanitaria":"pendiente"}},{"type":"Feature","geometry":{"type":"Point","coordinates":[-69.8629532,18.4949542]},"properties":{"id":"SALC-OSM-NODE-4151948665","nombre":"Cortina Gonzalez1","categoria":"Clínicas y centros de salud","direccion":"Carretera Mella","ciudad":"Santo Domingo Este","provincia":"","telefono":"","website":"","osm_type":"node","osm_id":4151948665,"osm_url":"https://www.openstreetmap.org/node/4151948665","fuente":"OpenStreetMap","validada":false,"habilitacion_sanitaria":"pendiente"}},{"type":"Feature","geometry":{"type":"Point","coordinates":[-69.5929275,18.5944202]},"properties":{"id":"SALC-OSM-WAY-1373435213","nombre":"CPN Amelia","categoria":"Clínicas y centros de salud","direccion":"","ciudad":"","provincia":"","telefono":"","website":"","osm_type":"way","osm_id":1373435213,"osm_url":"https://www.openstreetmap.org/way/1373435213","fuente":"OpenStreetMap","validada":false,"habilitacion_sanitaria":"pendiente"}},{"type":"Feature","geometry":{"type":"Point","coordinates":[-68.6783096,18.5248902]},"properties":{"id":"SALC-OSM-WAY-1368754724","nombre":"CPN Palo Bonito","categoria":"Clínicas y centros de salud","direccion":"","ciudad":"","provincia":"","telefono":"","website":"","osm_type":"way","osm_id":1368754724,"osm_url":"https://www.openstreetmap.org/way/1368754724","fuente":"OpenStreetMap","validada":false,"habilitacion_sanitaria":"pendiente"}},{"type":"Feature","geometry":{"type":"Point","coordinates":[-69.9845051,18.4482409]},"properties":{"id":"SALC-OSM-NODE-4319696608","nombre":"CPNA Especializado y Diagnostico Inocencio Diaz Piñeyro","categoria":"Clínicas y centros de salud","direccion":"Calle 10 10","ciudad":"","provincia":"","telefono":"8095343093","website":"http://www.facebook.com/inocencio.diazpineyro","osm_type":"node","osm_id":4319696608,"osm_url":"https://www.openstreetmap.org/node/4319696608","fuente":"OpenStreetMap","validada":false,"habilitacion_sanitaria":"pendiente"}},{"type":"Feature","geometry":{"type":"Point","coordinates":[-70.6897761,19.4659694]},"properties":{"id":"SALC-OSM-NODE-4407815292","nombre":"CRESA","categoria":"Clínicas y centros de salud","direccion":"Padre Ramon Dubert 304","ciudad":"","provincia":"","telefono":"8095818328","website":"https://www.cresa.com.do/","osm_type":"node","osm_id":4407815292,"osm_url":"https://www.openstreetmap.org/node/4407815292","fuente":"OpenStreetMap","validada":false,"habilitacion_sanitaria":"pendiente"}},{"type":"Feature","geometry":{"type":"Point","coordinates":[-70.5225381,19.2235547]},"properties":{"id":"SALC-OSM-NODE-4699907689","nombre":"CRESA","categoria":"Clínicas y centros de salud","direccion":"Calle Chefito Batista","ciudad":"","provincia":"","telefono":"8095731227","website":"","osm_type":"node","osm_id":4699907689,"osm_url":"https://www.openstreetmap.org/node/4699907689","fuente":"OpenStreetMap","validada":false,"habilitacion_sanitaria":"pendiente"}},{"type":"Feature","geometry":{"type":"Point","coordinates":[-69.9172387,18.4698154]},"properties":{"id":"SALC-OSM-NODE-5468199822","nombre":"CRESA (Centro de radiología especializada )","categoria":"Clínicas y centros de salud","direccion":"Avenida Pedro Henríquez Ureña 62","ciudad":"","provincia":"","telefono":"","website":"","osm_type":"node","osm_id":5468199822,"osm_url":"https://www.openstreetmap.org/node/5468199822","fuente":"OpenStreetMap","validada":false,"habilitacion_sanitaria":"pendiente"}},{"type":"Feature","geometry":{"type":"Point","coordinates":[-69.9224144,18.5016114]},"properties":{"id":"SALC-OSM-NODE-4573519889","nombre":"Cruz Jiminian","categoria":"Clínicas y centros de salud","direccion":"","ciudad":"","provincia":"","telefono":"","website":"","osm_type":"node","osm_id":4573519889,"osm_url":"https://www.openstreetmap.org/node/4573519889","fuente":"OpenStreetMap","validada":false,"habilitacion_sanitaria":"pendiente"}},{"type":"Feature","geometry":{"type":"Point","coordinates":[-69.4312482,19.291379]},"properties":{"id":"SALC-OSM-NODE-9201453756","nombre":"Cruz Roja","categoria":"Clínicas y centros de salud","direccion":"","ciudad":"","provincia":"","telefono":"","website":"","osm_type":"node","osm_id":9201453756,"osm_url":"https://www.openstreetmap.org/node/9201453756","fuente":"OpenStreetMap","validada":false,"habilitacion_sanitaria":"pendiente"}},{"type":"Feature","geometry":{"type":"Point","coordinates":[-69.9593164,18.4741614]},"properties":{"id":"SALC-OSM-NODE-4361656889","nombre":"Dermachange Clinica","categoria":"Clínicas y centros de salud","direccion":"Manuel María Valencia","ciudad":"","provincia":"","telefono":"809-378-1348","website":"","osm_type":"node","osm_id":4361656889,"osm_url":"https://www.openstreetmap.org/node/4361656889","fuente":"OpenStreetMap","validada":false,"habilitacion_sanitaria":"pendiente"}},{"type":"Feature","geometry":{"type":"Point","coordinates":[-69.8698371,18.4929494]},"properties":{"id":"SALC-OSM-NODE-4156373263","nombre":"Dermistetic","categoria":"Clínicas y centros de salud","direccion":"Avenida Venezuela","ciudad":"","provincia":"","telefono":"","website":"","osm_type":"node","osm_id":4156373263,"osm_url":"https://www.openstreetmap.org/node/4156373263","fuente":"OpenStreetMap","validada":false,"habilitacion_sanitaria":"pendiente"}},{"type":"Feature","geometry":{"type":"Point","coordinates":[-69.8995107,18.4671137]},"properties":{"id":"SALC-OSM-NODE-4278652890","nombre":"Diagnostica SA","categoria":"Clínicas y centros de salud","direccion":"","ciudad":"","provincia":"","telefono":"","website":"","osm_type":"node","osm_id":4278652890,"osm_url":"https://www.openstreetmap.org/node/4278652890","fuente":"OpenStreetMap","validada":false,"habilitacion_sanitaria":"pendiente"}},{"type":"Feature","geometry":{"type":"Point","coordinates":[-69.9480079,18.4504818]},"properties":{"id":"SALC-OSM-NODE-6363866485","nombre":"Dieta HCG Dominicana","categoria":"Clínicas y centros de salud","direccion":"Avenida Sarasota 105","ciudad":"","provincia":"","telefono":"8095334035","website":"https://www.instagram.com/mgpcontroldepesord","osm_type":"node","osm_id":6363866485,"osm_url":"https://www.openstreetmap.org/node/6363866485","fuente":"OpenStreetMap","validada":false,"habilitacion_sanitaria":"pendiente"}},{"type":"Feature","geometry":{"type":"Point","coordinates":[-70.174504,18.6723099]},"properties":{"id":"SALC-OSM-NODE-4149647786","nombre":"Dispensario Medico Paraoquial","categoria":"Clínicas y centros de salud","direccion":"30 De Marzo","ciudad":"Villa Altagracia","provincia":"","telefono":"","website":"","osm_type":"node","osm_id":4149647786,"osm_url":"https://www.openstreetmap.org/node/4149647786","fuente":"OpenStreetMap","validada":false,"habilitacion_sanitaria":"pendiente"}},{"type":"Feature","geometry":{"type":"Point","coordinates":[-69.8917819,18.4768667]},"properties":{"id":"SALC-OSM-WAY-406823157","nombre":"Dispensario Médico San Felipe Diacono","categoria":"Clínicas y centros de salud","direccion":"Calle Libertador","ciudad":"","provincia":"","telefono":"","website":"","osm_type":"way","osm_id":406823157,"osm_url":"https://www.openstreetmap.org/way/406823157","fuente":"OpenStreetMap","validada":false,"habilitacion_sanitaria":"pendiente"}},{"type":"Feature","geometry":{"type":"Point","coordinates":[-69.8980559,18.4699483]},"properties":{"id":"SALC-OSM-WAY-407742571","nombre":"DocaMed","categoria":"Clínicas y centros de salud","direccion":"Calle Enrique Rique","ciudad":"","provincia":"","telefono":"","website":"","osm_type":"way","osm_id":407742571,"osm_url":"https://www.openstreetmap.org/way/407742571","fuente":"OpenStreetMap","validada":false,"habilitacion_sanitaria":"pendiente"}},{"type":"Feature","geometry":{"type":"Point","coordinates":[-68.4147388,18.6790902]},"properties":{"id":"SALC-OSM-WAY-1006947328","nombre":"Doctor","categoria":"Clínicas y centros de salud","direccion":"","ciudad":"","provincia":"","telefono":"","website":"","osm_type":"way","osm_id":1006947328,"osm_url":"https://www.openstreetmap.org/way/1006947328","fuente":"OpenStreetMap","validada":false,"habilitacion_sanitaria":"pendiente"}},{"type":"Feature","geometry":{"type":"Point","coordinates":[-70.5232925,19.2204725]},"properties":{"id":"SALC-OSM-NODE-4151770128","nombre":"Dr. Agustin Burgos","categoria":"Clínicas y centros de salud","direccion":"Avenida Garcia Godoy","ciudad":"La Vega","provincia":"","telefono":"","website":"","osm_type":"node","osm_id":4151770128,"osm_url":"https://www.openstreetmap.org/node/4151770128","fuente":"OpenStreetMap","validada":false,"habilitacion_sanitaria":"pendiente"}},{"type":"Feature","geometry":{"type":"Point","coordinates":[-68.7136002,18.6080501]},"properties":{"id":"SALC-OSM-NODE-5351762021","nombre":"Dr. Baltazar","categoria":"Clínicas y centros de salud","direccion":"","ciudad":"","provincia":"","telefono":"","website":"","osm_type":"node","osm_id":5351762021,"osm_url":"https://www.openstreetmap.org/node/5351762021","fuente":"OpenStreetMap","validada":false,"habilitacion_sanitaria":"pendiente"}},{"type":"Feature","geometry":{"type":"Point","coordinates":[-70.6983429,19.4587943]},"properties":{"id":"SALC-OSM-WAY-409615667","nombre":"Dr. Bolívar García","categoria":"Clínicas y centros de salud","direccion":"","ciudad":"","provincia":"","telefono":"","website":"","osm_type":"way","osm_id":409615667,"osm_url":"https://www.openstreetmap.org/way/409615667","fuente":"OpenStreetMap","validada":false,"habilitacion_sanitaria":"pendiente"}},{"type":"Feature","geometry":{"type":"Point","coordinates":[-70.5330179,19.2225157]},"properties":{"id":"SALC-OSM-NODE-4151676939","nombre":"Dr. Elvin Peralta","categoria":"Clínicas y centros de salud","direccion":"Don Antonio Guzman Fernandez","ciudad":"La Vega","provincia":"","telefono":"","website":"","osm_type":"node","osm_id":4151676939,"osm_url":"https://www.openstreetmap.org/node/4151676939","fuente":"OpenStreetMap","validada":false,"habilitacion_sanitaria":"pendiente"}},{"type":"Feature","geometry":{"type":"Point","coordinates":[-70.6866013,19.7912684]},"properties":{"id":"SALC-OSM-WAY-1532387175","nombre":"Dr. José Gregorio Hernández","categoria":"Clínicas y centros de salud","direccion":"","ciudad":"","provincia":"","telefono":"","website":"","osm_type":"way","osm_id":1532387175,"osm_url":"https://www.openstreetmap.org/way/1532387175","fuente":"OpenStreetMap","validada":false,"habilitacion_sanitaria":"pendiente"}},{"type":"Feature","geometry":{"type":"Point","coordinates":[-70.6715091,19.4451131]},"properties":{"id":"SALC-OSM-NODE-4119589809","nombre":"Dr. Julio César Lazala","categoria":"Clínicas y centros de salud","direccion":"","ciudad":"","provincia":"","telefono":"","website":"","osm_type":"node","osm_id":4119589809,"osm_url":"https://www.openstreetmap.org/node/4119589809","fuente":"OpenStreetMap","validada":false,"habilitacion_sanitaria":"pendiente"}},{"type":"Feature","geometry":{"type":"Point","coordinates":[-69.9054939,18.5408735]},"properties":{"id":"SALC-OSM-NODE-4187949049","nombre":"Dr. Rosario Bautista","categoria":"Clínicas y centros de salud","direccion":"","ciudad":"","provincia":"","telefono":"+18299958914","website":"","osm_type":"node","osm_id":4187949049,"osm_url":"https://www.openstreetmap.org/node/4187949049","fuente":"OpenStreetMap","validada":false,"habilitacion_sanitaria":"pendiente"}},{"type":"Feature","geometry":{"type":"Point","coordinates":[-69.8951098,18.466885]},"properties":{"id":"SALC-OSM-NODE-13166753201","nombre":"Dra. Natalia Frías Guzman","categoria":"Clínicas y centros de salud","direccion":"Avenida Independencia 202","ciudad":"","provincia":"","telefono":"+1 (829) 599-0095","website":"","osm_type":"node","osm_id":13166753201,"osm_url":"https://www.openstreetmap.org/node/13166753201","fuente":"OpenStreetMap","validada":false,"habilitacion_sanitaria":"pendiente"}},{"type":"Feature","geometry":{"type":"Point","coordinates":[-69.8683962,18.485968]},"properties":{"id":"SALC-OSM-WAY-413990847","nombre":"Edificio Profesional Dr. Mario R. Castillo","categoria":"Clínicas y centros de salud","direccion":"","ciudad":"","provincia":"","telefono":"","website":"","osm_type":"way","osm_id":413990847,"osm_url":"https://www.openstreetmap.org/way/413990847","fuente":"OpenStreetMap","validada":false,"habilitacion_sanitaria":"pendiente"}},{"type":"Feature","geometry":{"type":"Point","coordinates":[-69.949096,18.4699784]},"properties":{"id":"SALC-OSM-NODE-5790932753","nombre":"Edificio Profesional PPA","categoria":"Clínicas y centros de salud","direccion":"Calle 8 16","ciudad":"","provincia":"","telefono":"8092275424","website":"","osm_type":"node","osm_id":5790932753,"osm_url":"https://www.openstreetmap.org/node/5790932753","fuente":"OpenStreetMap","validada":false,"habilitacion_sanitaria":"pendiente"}},{"type":"Feature","geometry":{"type":"Point","coordinates":[-69.9207392,18.4780285]},"properties":{"id":"SALC-OSM-WAY-334190414","nombre":"ElectroMedica","categoria":"Clínicas y centros de salud","direccion":"Avenida Ortega y Gasset 42","ciudad":"","provincia":"","telefono":"+18095626999","website":"","osm_type":"way","osm_id":334190414,"osm_url":"https://www.openstreetmap.org/way/334190414","fuente":"OpenStreetMap","validada":false,"habilitacion_sanitaria":"pendiente"}},{"type":"Feature","geometry":{"type":"Point","coordinates":[-69.9356109,18.491045]},"properties":{"id":"SALC-OSM-NODE-12132151030","nombre":"escudea centro de vacunación","categoria":"Clínicas y centros de salud","direccion":"","ciudad":"","provincia":"","telefono":"","website":"","osm_type":"node","osm_id":12132151030,"osm_url":"https://www.openstreetmap.org/node/12132151030","fuente":"OpenStreetMap","validada":false,"habilitacion_sanitaria":"pendiente"}},{"type":"Feature","geometry":{"type":"Point","coordinates":[-70.6710392,19.4274879]},"properties":{"id":"SALC-OSM-NODE-4405643691","nombre":"fabiola uñas.","categoria":"Clínicas y centros de salud","direccion":"","ciudad":"","provincia":"","telefono":"","website":"","osm_type":"node","osm_id":4405643691,"osm_url":"https://www.openstreetmap.org/node/4405643691","fuente":"OpenStreetMap","validada":false,"habilitacion_sanitaria":"pendiente"}},{"type":"Feature","geometry":{"type":"Point","coordinates":[-69.9679631,18.4491063]},"properties":{"id":"SALC-OSM-NODE-4139483284","nombre":"Farmacia Medicar GBC","categoria":"Clínicas y centros de salud","direccion":"Avenida Caonabo","ciudad":"","provincia":"","telefono":"","website":"","osm_type":"node","osm_id":4139483284,"osm_url":"https://www.openstreetmap.org/node/4139483284","fuente":"OpenStreetMap","validada":false,"habilitacion_sanitaria":"pendiente"}},{"type":"Feature","geometry":{"type":"Point","coordinates":[-69.9591625,18.4347665]},"properties":{"id":"SALC-OSM-NODE-4147418293","nombre":"Farmacia Medicar GBC","categoria":"Clínicas y centros de salud","direccion":"","ciudad":"","provincia":"","telefono":"809 363 0990","website":"","osm_type":"node","osm_id":4147418293,"osm_url":"https://www.openstreetmap.org/node/4147418293","fuente":"OpenStreetMap","validada":false,"habilitacion_sanitaria":"pendiente"}},{"type":"Feature","geometry":{"type":"Point","coordinates":[-69.9251242,18.4841306]},"properties":{"id":"SALC-OSM-NODE-4147687741","nombre":"Farmacia Medicar GBC","categoria":"Clínicas y centros de salud","direccion":"","ciudad":"","provincia":"","telefono":"","website":"","osm_type":"node","osm_id":4147687741,"osm_url":"https://www.openstreetmap.org/node/4147687741","fuente":"OpenStreetMap","validada":false,"habilitacion_sanitaria":"pendiente"}},{"type":"Feature","geometry":{"type":"Point","coordinates":[-69.9439329,18.5030545]},"properties":{"id":"SALC-OSM-NODE-6311194185","nombre":"Fundación Nido para Ángeles","categoria":"Clínicas y centros de salud","direccion":"Calle Luis Amiama Tió","ciudad":"","provincia":"","telefono":"","website":"","osm_type":"node","osm_id":6311194185,"osm_url":"https://www.openstreetmap.org/node/6311194185","fuente":"OpenStreetMap","validada":false,"habilitacion_sanitaria":"pendiente"}},{"type":"Feature","geometry":{"type":"Point","coordinates":[-69.9723892,18.4706918]},"properties":{"id":"SALC-OSM-WAY-411804447","nombre":"Gastro","categoria":"Clínicas y centros de salud","direccion":"","ciudad":"","provincia":"","telefono":"","website":"","osm_type":"way","osm_id":411804447,"osm_url":"https://www.openstreetmap.org/way/411804447","fuente":"OpenStreetMap","validada":false,"habilitacion_sanitaria":"pendiente"}},{"type":"Feature","geometry":{"type":"Point","coordinates":[-69.8997032,18.4690544]},"properties":{"id":"SALC-OSM-NODE-4400540989","nombre":"Globulab (before San Lucas)","categoria":"Clínicas y centros de salud","direccion":"Calle Josefa Perdomo 16","ciudad":"","provincia":"","telefono":"","website":"","osm_type":"node","osm_id":4400540989,"osm_url":"https://www.openstreetmap.org/node/4400540989","fuente":"OpenStreetMap","validada":false,"habilitacion_sanitaria":"pendiente"}},{"type":"Feature","geometry":{"type":"Point","coordinates":[-68.7251595,18.6212659]},"properties":{"id":"SALC-OSM-WAY-937886145","nombre":"Grupo Medico Libertad","categoria":"Clínicas y centros de salud","direccion":"","ciudad":"","provincia":"","telefono":"","website":"","osm_type":"way","osm_id":937886145,"osm_url":"https://www.openstreetmap.org/way/937886145","fuente":"OpenStreetMap","validada":false,"habilitacion_sanitaria":"pendiente"}},{"type":"Feature","geometry":{"type":"Point","coordinates":[-69.9238129,18.4771075]},"properties":{"id":"SALC-OSM-WAY-334192780","nombre":"Grupo Medico Naco","categoria":"Clínicas y centros de salud","direccion":"Padre Fantino Falco","ciudad":"Santo Domingo","provincia":"","telefono":"","website":"","osm_type":"way","osm_id":334192780,"osm_url":"https://www.openstreetmap.org/way/334192780","fuente":"OpenStreetMap","validada":false,"habilitacion_sanitaria":"pendiente"}},{"type":"Feature","geometry":{"type":"Point","coordinates":[-69.9189589,18.4847421]},"properties":{"id":"SALC-OSM-WAY-413448990","nombre":"Grupo Medico San Martin","categoria":"Clínicas y centros de salud","direccion":"Avenida San Martín","ciudad":"","provincia":"","telefono":"","website":"","osm_type":"way","osm_id":413448990,"osm_url":"https://www.openstreetmap.org/way/413448990","fuente":"OpenStreetMap","validada":false,"habilitacion_sanitaria":"pendiente"}},{"type":"Feature","geometry":{"type":"Point","coordinates":[-70.3337864,18.279205]},"properties":{"id":"SALC-OSM-NODE-10582828906","nombre":"Grupo Médico Bani","categoria":"Clínicas y centros de salud","direccion":"Calle Santomé 27","ciudad":"Baní","provincia":"","telefono":"8093464444","website":"","osm_type":"node","osm_id":10582828906,"osm_url":"https://www.openstreetmap.org/node/10582828906","fuente":"OpenStreetMap","validada":false,"habilitacion_sanitaria":"pendiente"}},{"type":"Feature","geometry":{"type":"Point","coordinates":[-71.0774918,19.5558656]},"properties":{"id":"SALC-OSM-NODE-4414391696","nombre":"Grupo Médico Mao","categoria":"Clínicas y centros de salud","direccion":"Desiderio Arias","ciudad":"","provincia":"","telefono":"","website":"","osm_type":"node","osm_id":4414391696,"osm_url":"https://www.openstreetmap.org/node/4414391696","fuente":"OpenStreetMap","validada":false,"habilitacion_sanitaria":"pendiente"}},{"type":"Feature","geometry":{"type":"Point","coordinates":[-71.5498474,18.3886036]},"properties":{"id":"SALC-OSM-NODE-3158565971","nombre":"Hospital","categoria":"Clínicas y centros de salud","direccion":"","ciudad":"","provincia":"","telefono":"","website":"","osm_type":"node","osm_id":3158565971,"osm_url":"https://www.openstreetmap.org/node/3158565971","fuente":"OpenStreetMap","validada":false,"habilitacion_sanitaria":"pendiente"}},{"type":"Feature","geometry":{"type":"Point","coordinates":[-69.9966206,18.4772633]},"properties":{"id":"SALC-OSM-NODE-6311193885","nombre":"Hospital Local Las Caobas","categoria":"Clínicas y centros de salud","direccion":"Prolong Avenida 27 De Febrero","ciudad":"","provincia":"","telefono":"","website":"","osm_type":"node","osm_id":6311193885,"osm_url":"https://www.openstreetmap.org/node/6311193885","fuente":"OpenStreetMap","validada":false,"habilitacion_sanitaria":"pendiente"}},{"type":"Feature","geometry":{"type":"Point","coordinates":[-70.8190221,19.3257875]},"properties":{"id":"SALC-OSM-NODE-11778770128","nombre":"Hospital Yrene Fernandez de Jánico","categoria":"Clínicas y centros de salud","direccion":"","ciudad":"","provincia":"","telefono":"","website":"","osm_type":"node","osm_id":11778770128,"osm_url":"https://www.openstreetmap.org/node/11778770128","fuente":"OpenStreetMap","validada":false,"habilitacion_sanitaria":"pendiente"}},{"type":"Feature","geometry":{"type":"Point","coordinates":[-69.8831847,18.4787927]},"properties":{"id":"SALC-OSM-NODE-12128570993","nombre":"Inieicont","categoria":"Clínicas y centros de salud","direccion":"Calle La Atarazana 2","ciudad":"Santo Domingo","provincia":"","telefono":"+1-809-793-9565","website":"https://inieicont.org/","osm_type":"node","osm_id":12128570993,"osm_url":"https://www.openstreetmap.org/node/12128570993","fuente":"OpenStreetMap","validada":false,"habilitacion_sanitaria":"pendiente"}},{"type":"Feature","geometry":{"type":"Point","coordinates":[-69.8979525,18.4698242]},"properties":{"id":"SALC-OSM-WAY-407742570","nombre":"Instituto Clínico Quirmerico San Rafael","categoria":"Clínicas y centros de salud","direccion":"Calle Enrique Rique","ciudad":"","provincia":"","telefono":"","website":"","osm_type":"way","osm_id":407742570,"osm_url":"https://www.openstreetmap.org/way/407742570","fuente":"OpenStreetMap","validada":false,"habilitacion_sanitaria":"pendiente"}},{"type":"Feature","geometry":{"type":"Point","coordinates":[-71.21377,18.8005033]},"properties":{"id":"SALC-OSM-NODE-4618995389","nombre":"Instituto de la Diabetes, Endocrinologia y Nutrición","categoria":"Clínicas y centros de salud","direccion":"Azua - San Juan","ciudad":"","provincia":"","telefono":"","website":"","osm_type":"node","osm_id":4618995389,"osm_url":"https://www.openstreetmap.org/node/4618995389","fuente":"OpenStreetMap","validada":false,"habilitacion_sanitaria":"pendiente"}},{"type":"Feature","geometry":{"type":"Point","coordinates":[-71.0918653,19.5563266]},"properties":{"id":"SALC-OSM-WAY-1455571207","nombre":"Instituto de Medicina Avanzada del Noroeste \"INMANOR\"","categoria":"Clínicas y centros de salud","direccion":"Avenida Miguel Crespo","ciudad":"","provincia":"","telefono":"","website":"","osm_type":"way","osm_id":1455571207,"osm_url":"https://www.openstreetmap.org/way/1455571207","fuente":"OpenStreetMap","validada":false,"habilitacion_sanitaria":"pendiente"}},{"type":"Feature","geometry":{"type":"Point","coordinates":[-70.6849048,19.4556112]},"properties":{"id":"SALC-OSM-NODE-4085705524","nombre":"Instituto Oftalmológico","categoria":"Clínicas y centros de salud","direccion":"Avenida Salvador Estrella Sadhala 89","ciudad":"Santiago","provincia":"","telefono":"+1 809 583 1902","website":"https://www.institutooftalmologicord.com","osm_type":"node","osm_id":4085705524,"osm_url":"https://www.openstreetmap.org/node/4085705524","fuente":"OpenStreetMap","validada":false,"habilitacion_sanitaria":"pendiente"}},{"type":"Feature","geometry":{"type":"Point","coordinates":[-70.3280838,18.2793779]},"properties":{"id":"SALC-OSM-NODE-10590572792","nombre":"Instituto Regional Materno Infantil y Especialidades Medicas IRMIE","categoria":"Clínicas y centros de salud","direccion":"Avenida Presidente Francisco Gregorio Billini 48","ciudad":"Bani","provincia":"","telefono":"+18098987300","website":"http://www.clinicairmie.net/","osm_type":"node","osm_id":10590572792,"osm_url":"https://www.openstreetmap.org/node/10590572792","fuente":"OpenStreetMap","validada":false,"habilitacion_sanitaria":"pendiente"}},{"type":"Feature","geometry":{"type":"Point","coordinates":[-69.9377275,18.4631696]},"properties":{"id":"SALC-OSM-NODE-10262497009","nombre":"Isa Grupo Dermatológico","categoria":"Clínicas y centros de salud","direccion":"Calle Luis F. Thomén","ciudad":"","provincia":"","telefono":"+18095440661","website":"","osm_type":"node","osm_id":10262497009,"osm_url":"https://www.openstreetmap.org/node/10262497009","fuente":"OpenStreetMap","validada":false,"habilitacion_sanitaria":"pendiente"}},{"type":"Feature","geometry":{"type":"Point","coordinates":[-69.8998642,18.4696456]},"properties":{"id":"SALC-OSM-WAY-407743912","nombre":"ISEO","categoria":"Clínicas y centros de salud","direccion":"Avenida Simón Bolivar 212","ciudad":"","provincia":"","telefono":"","website":"","osm_type":"way","osm_id":407743912,"osm_url":"https://www.openstreetmap.org/way/407743912","fuente":"OpenStreetMap","validada":false,"habilitacion_sanitaria":"pendiente"}},{"type":"Feature","geometry":{"type":"Point","coordinates":[-69.8206285,18.487453]},"properties":{"id":"SALC-OSM-NODE-8914867768","nombre":"Jade Recovery House","categoria":"Clínicas y centros de salud","direccion":"","ciudad":"","provincia":"","telefono":"","website":"","osm_type":"node","osm_id":8914867768,"osm_url":"https://www.openstreetmap.org/node/8914867768","fuente":"OpenStreetMap","validada":false,"habilitacion_sanitaria":"pendiente"}},{"type":"Feature","geometry":{"type":"Point","coordinates":[-70.6656781,19.4519189]},"properties":{"id":"SALC-OSM-NODE-4624471690","nombre":"Jesús Abreu Body Maker","categoria":"Clínicas y centros de salud","direccion":"Avenida Rafael Vidal","ciudad":"","provincia":"","telefono":"8095834510","website":"","osm_type":"node","osm_id":4624471690,"osm_url":"https://www.openstreetmap.org/node/4624471690","fuente":"OpenStreetMap","validada":false,"habilitacion_sanitaria":"pendiente"}},{"type":"Feature","geometry":{"type":"Point","coordinates":[-70.6656615,19.451877]},"properties":{"id":"SALC-OSM-NODE-4711813090","nombre":"Jesús Abreu Cirugía Plástica","categoria":"Clínicas y centros de salud","direccion":"Avenida Rafael Vidal","ciudad":"","provincia":"","telefono":"8095834510","website":"","osm_type":"node","osm_id":4711813090,"osm_url":"https://www.openstreetmap.org/node/4711813090","fuente":"OpenStreetMap","validada":false,"habilitacion_sanitaria":"pendiente"}},{"type":"Feature","geometry":{"type":"Point","coordinates":[-69.8594294,18.4869537]},"properties":{"id":"SALC-OSM-WAY-414254716","nombre":"Kamaleón Doctora Felicia Parra B.","categoria":"Clínicas y centros de salud","direccion":"","ciudad":"","provincia":"","telefono":"","website":"","osm_type":"way","osm_id":414254716,"osm_url":"https://www.openstreetmap.org/way/414254716","fuente":"OpenStreetMap","validada":false,"habilitacion_sanitaria":"pendiente"}},{"type":"Feature","geometry":{"type":"Point","coordinates":[-69.945877,18.4713913]},"properties":{"id":"SALC-OSM-NODE-8156004317","nombre":"Kids la center","categoria":"Clínicas y centros de salud","direccion":"Máximo Áviles Blonda","ciudad":"","provincia":"","telefono":"","website":"","osm_type":"node","osm_id":8156004317,"osm_url":"https://www.openstreetmap.org/node/8156004317","fuente":"OpenStreetMap","validada":false,"habilitacion_sanitaria":"pendiente"}},{"type":"Feature","geometry":{"type":"Point","coordinates":[-69.8281236,18.487623]},"properties":{"id":"SALC-OSM-NODE-13666090201","nombre":"Laboratorio Amadita","categoria":"Clínicas y centros de salud","direccion":"","ciudad":"","provincia":"","telefono":"","website":"","osm_type":"node","osm_id":13666090201,"osm_url":"https://www.openstreetmap.org/node/13666090201","fuente":"OpenStreetMap","validada":false,"habilitacion_sanitaria":"pendiente"}},{"type":"Feature","geometry":{"type":"Point","coordinates":[-69.6973471,18.4563333]},"properties":{"id":"SALC-OSM-NODE-4460955192","nombre":"Laboratorio beato","categoria":"Clínicas y centros de salud","direccion":"","ciudad":"","provincia":"","telefono":"","website":"","osm_type":"node","osm_id":4460955192,"osm_url":"https://www.openstreetmap.org/node/4460955192","fuente":"OpenStreetMap","validada":false,"habilitacion_sanitaria":"pendiente"}},{"type":"Feature","geometry":{"type":"Point","coordinates":[-69.9765268,18.477842]},"properties":{"id":"SALC-OSM-WAY-411455624","nombre":"Laboratorio Clinico","categoria":"Clínicas y centros de salud","direccion":"","ciudad":"","provincia":"","telefono":"","website":"","osm_type":"way","osm_id":411455624,"osm_url":"https://www.openstreetmap.org/way/411455624","fuente":"OpenStreetMap","validada":false,"habilitacion_sanitaria":"pendiente"}},{"type":"Feature","geometry":{"type":"Point","coordinates":[-69.6315589,18.4533545]},"properties":{"id":"SALC-OSM-WAY-408930472","nombre":"Laboratorio Clinico La Fe","categoria":"Clínicas y centros de salud","direccion":"Duarte","ciudad":"André","provincia":"","telefono":"","website":"","osm_type":"way","osm_id":408930472,"osm_url":"https://www.openstreetmap.org/way/408930472","fuente":"OpenStreetMap","validada":false,"habilitacion_sanitaria":"pendiente"}},{"type":"Feature","geometry":{"type":"Point","coordinates":[-69.9843866,18.4755154]},"properties":{"id":"SALC-OSM-NODE-4131416646","nombre":"Laboratorio Clinico Lidamer","categoria":"Clínicas y centros de salud","direccion":"","ciudad":"","provincia":"","telefono":"","website":"","osm_type":"node","osm_id":4131416646,"osm_url":"https://www.openstreetmap.org/node/4131416646","fuente":"OpenStreetMap","validada":false,"habilitacion_sanitaria":"pendiente"}},{"type":"Feature","geometry":{"type":"Point","coordinates":[-70.7059262,19.4390541]},"properties":{"id":"SALC-OSM-WAY-408007377","nombre":"Laboratorio Clinico Payamps","categoria":"Clínicas y centros de salud","direccion":"Av. Nuñez De Cácerez","ciudad":"Santiago","provincia":"","telefono":"","website":"","osm_type":"way","osm_id":408007377,"osm_url":"https://www.openstreetmap.org/way/408007377","fuente":"OpenStreetMap","validada":false,"habilitacion_sanitaria":"pendiente"}},{"type":"Feature","geometry":{"type":"Point","coordinates":[-70.0213209,18.5235437]},"properties":{"id":"SALC-OSM-WAY-414256900","nombre":"Laboratorio Clinico Sonografia","categoria":"Clínicas y centros de salud","direccion":"Calle Duarte","ciudad":"Los Alcarrizos","provincia":"","telefono":"","website":"","osm_type":"way","osm_id":414256900,"osm_url":"https://www.openstreetmap.org/way/414256900","fuente":"OpenStreetMap","validada":false,"habilitacion_sanitaria":"pendiente"}},{"type":"Feature","geometry":{"type":"Point","coordinates":[-69.9575254,18.4756481]},"properties":{"id":"SALC-OSM-NODE-8194648017","nombre":"Laboratorio clínico amadita","categoria":"Clínicas y centros de salud","direccion":"Avenida Charles Sumner 101","ciudad":"","provincia":"","telefono":"809-682-5414","website":"https://amadita.com/","osm_type":"node","osm_id":8194648017,"osm_url":"https://www.openstreetmap.org/node/8194648017","fuente":"OpenStreetMap","validada":false,"habilitacion_sanitaria":"pendiente"}},{"type":"Feature","geometry":{"type":"Point","coordinates":[-69.9021463,18.5023376]},"properties":{"id":"SALC-OSM-NODE-4099986450","nombre":"Laboratorio Clínico Pichardo Gonzalez","categoria":"Clínicas y centros de salud","direccion":"Avenida Nicolás de Ovando","ciudad":"","provincia":"","telefono":"","website":"","osm_type":"node","osm_id":4099986450,"osm_url":"https://www.openstreetmap.org/node/4099986450","fuente":"OpenStreetMap","validada":false,"habilitacion_sanitaria":"pendiente"}},{"type":"Feature","geometry":{"type":"Point","coordinates":[-70.5149777,19.7631222]},"properties":{"id":"SALC-OSM-NODE-4642617891","nombre":"Laboratorio Clínico Puerto Plata","categoria":"Clínicas y centros de salud","direccion":"Puerto Plata - Sosúa","ciudad":"","provincia":"","telefono":"8095714999","website":"","osm_type":"node","osm_id":4642617891,"osm_url":"https://www.openstreetmap.org/node/4642617891","fuente":"OpenStreetMap","validada":false,"habilitacion_sanitaria":"pendiente"}},{"type":"Feature","geometry":{"type":"Point","coordinates":[-71.3407128,19.4775456]},"properties":{"id":"SALC-OSM-NODE-4740503062","nombre":"Laboratorio Clínico Rodríguez Taveras","categoria":"Clínicas y centros de salud","direccion":"Av. Próceres de la Restauración","ciudad":"","provincia":"","telefono":"","website":"","osm_type":"node","osm_id":4740503062,"osm_url":"https://www.openstreetmap.org/node/4740503062","fuente":"OpenStreetMap","validada":false,"habilitacion_sanitaria":"pendiente"}},{"type":"Feature","geometry":{"type":"Point","coordinates":[-70.6890248,19.7942637]},"properties":{"id":"SALC-OSM-WAY-1532387174","nombre":"Laboratorio CMB","categoria":"Clínicas y centros de salud","direccion":"","ciudad":"","provincia":"","telefono":"","website":"","osm_type":"way","osm_id":1532387174,"osm_url":"https://www.openstreetmap.org/way/1532387174","fuente":"OpenStreetMap","validada":false,"habilitacion_sanitaria":"pendiente"}},{"type":"Feature","geometry":{"type":"Point","coordinates":[-70.7033122,19.4551582]},"properties":{"id":"SALC-OSM-NODE-4605646590","nombre":"Laboratorio Micologico","categoria":"Clínicas y centros de salud","direccion":"Duarte 90","ciudad":"","provincia":"","telefono":"8092474166","website":"","osm_type":"node","osm_id":4605646590,"osm_url":"https://www.openstreetmap.org/node/4605646590","fuente":"OpenStreetMap","validada":false,"habilitacion_sanitaria":"pendiente"}},{"type":"Feature","geometry":{"type":"Point","coordinates":[-69.9612998,18.448019]},"properties":{"id":"SALC-OSM-NODE-4514152490","nombre":"laboratorio patria Rivas","categoria":"Clínicas y centros de salud","direccion":"","ciudad":"","provincia":"","telefono":"","website":"","osm_type":"node","osm_id":4514152490,"osm_url":"https://www.openstreetmap.org/node/4514152490","fuente":"OpenStreetMap","validada":false,"habilitacion_sanitaria":"pendiente"}},{"type":"Feature","geometry":{"type":"Point","coordinates":[-69.9842,18.4357985]},"properties":{"id":"SALC-OSM-NODE-4704470195","nombre":"laboratorio Referencia","categoria":"Clínicas y centros de salud","direccion":"","ciudad":"","provincia":"","telefono":"","website":"","osm_type":"node","osm_id":4704470195,"osm_url":"https://www.openstreetmap.org/node/4704470195","fuente":"OpenStreetMap","validada":false,"habilitacion_sanitaria":"pendiente"}},{"type":"Feature","geometry":{"type":"Point","coordinates":[-69.9368789,18.4600683]},"properties":{"id":"SALC-OSM-NODE-4823239526","nombre":"Laboratorio VANTER","categoria":"Clínicas y centros de salud","direccion":"","ciudad":"","provincia":"","telefono":"","website":"","osm_type":"node","osm_id":4823239526,"osm_url":"https://www.openstreetmap.org/node/4823239526","fuente":"OpenStreetMap","validada":false,"habilitacion_sanitaria":"pendiente"}},{"type":"Feature","geometry":{"type":"Point","coordinates":[-70.6831911,19.4586317]},"properties":{"id":"SALC-OSM-WAY-356579621","nombre":"Materno Infantil","categoria":"Clínicas y centros de salud","direccion":"","ciudad":"","provincia":"","telefono":"","website":"","osm_type":"way","osm_id":356579621,"osm_url":"https://www.openstreetmap.org/way/356579621","fuente":"OpenStreetMap","validada":false,"habilitacion_sanitaria":"pendiente"}},{"type":"Feature","geometry":{"type":"Point","coordinates":[-69.8278637,18.5071864]},"properties":{"id":"SALC-OSM-WAY-990095376","nombre":"Medialink DR","categoria":"Clínicas y centros de salud","direccion":"","ciudad":"","provincia":"","telefono":"","website":"","osm_type":"way","osm_id":990095376,"osm_url":"https://www.openstreetmap.org/way/990095376","fuente":"OpenStreetMap","validada":false,"habilitacion_sanitaria":"pendiente"}},{"type":"Feature","geometry":{"type":"Point","coordinates":[-68.8458867,18.3765542]},"properties":{"id":"SALC-OSM-WAY-537218074","nombre":"Medical Center","categoria":"Clínicas y centros de salud","direccion":"","ciudad":"","provincia":"","telefono":"","website":"","osm_type":"way","osm_id":537218074,"osm_url":"https://www.openstreetmap.org/way/537218074","fuente":"OpenStreetMap","validada":false,"habilitacion_sanitaria":"pendiente"}},{"type":"Feature","geometry":{"type":"Point","coordinates":[-69.9349703,18.4717363]},"properties":{"id":"SALC-OSM-WAY-310694389","nombre":"Medical Net","categoria":"Clínicas y centros de salud","direccion":"Calle Rafael Augusto Sanchez 45","ciudad":"santo Domingo","provincia":"","telefono":"","website":"","osm_type":"way","osm_id":310694389,"osm_url":"https://www.openstreetmap.org/way/310694389","fuente":"OpenStreetMap","validada":false,"habilitacion_sanitaria":"pendiente"}},{"type":"Feature","geometry":{"type":"Point","coordinates":[-69.8996826,18.4876378]},"properties":{"id":"SALC-OSM-NODE-4814318921","nombre":"Medicamentos","categoria":"Clínicas y centros de salud","direccion":"","ciudad":"","provincia":"","telefono":"","website":"","osm_type":"node","osm_id":4814318921,"osm_url":"https://www.openstreetmap.org/node/4814318921","fuente":"OpenStreetMap","validada":false,"habilitacion_sanitaria":"pendiente"}},{"type":"Feature","geometry":{"type":"Point","coordinates":[-70.4108456,18.9378359]},"properties":{"id":"SALC-OSM-WAY-413458403","nombre":"MediLab","categoria":"Clínicas y centros de salud","direccion":"Juan Pablo Duarte","ciudad":"Bonao","provincia":"","telefono":"","website":"","osm_type":"way","osm_id":413458403,"osm_url":"https://www.openstreetmap.org/way/413458403","fuente":"OpenStreetMap","validada":false,"habilitacion_sanitaria":"pendiente"}},{"type":"Feature","geometry":{"type":"Point","coordinates":[-69.9556806,18.476723]},"properties":{"id":"SALC-OSM-NODE-4557571096","nombre":"MedPediátrica","categoria":"Clínicas y centros de salud","direccion":"","ciudad":"","provincia":"","telefono":"","website":"","osm_type":"node","osm_id":4557571096,"osm_url":"https://www.openstreetmap.org/node/4557571096","fuente":"OpenStreetMap","validada":false,"habilitacion_sanitaria":"pendiente"}},{"type":"Feature","geometry":{"type":"Point","coordinates":[-69.8564869,18.5065148]},"properties":{"id":"SALC-OSM-NODE-10000092127","nombre":"Meds","categoria":"Clínicas y centros de salud","direccion":"","ciudad":"","provincia":"","telefono":"","website":"","osm_type":"node","osm_id":10000092127,"osm_url":"https://www.openstreetmap.org/node/10000092127","fuente":"OpenStreetMap","validada":false,"habilitacion_sanitaria":"pendiente"}},{"type":"Feature","geometry":{"type":"Point","coordinates":[-69.9048863,18.4623744]},"properties":{"id":"SALC-OSM-WAY-407739430","nombre":"MetaSalud","categoria":"Clínicas y centros de salud","direccion":"Avenida Independencia","ciudad":"","provincia":"","telefono":"","website":"","osm_type":"way","osm_id":407739430,"osm_url":"https://www.openstreetmap.org/way/407739430","fuente":"OpenStreetMap","validada":false,"habilitacion_sanitaria":"pendiente"}},{"type":"Feature","geometry":{"type":"Point","coordinates":[-69.9422689,18.4598755]},"properties":{"id":"SALC-OSM-WAY-410594544","nombre":"Natural Difference","categoria":"Clínicas y centros de salud","direccion":"Avenida 27 de Febrero","ciudad":"Santo Domingo","provincia":"","telefono":"","website":"","osm_type":"way","osm_id":410594544,"osm_url":"https://www.openstreetmap.org/way/410594544","fuente":"OpenStreetMap","validada":false,"habilitacion_sanitaria":"pendiente"}},{"type":"Feature","geometry":{"type":"Point","coordinates":[-70.6923223,19.7965034]},"properties":{"id":"SALC-OSM-NODE-4489120793","nombre":"nefrodimar","categoria":"Clínicas y centros de salud","direccion":"Duarte","ciudad":"","provincia":"","telefono":"8092613391","website":"","osm_type":"node","osm_id":4489120793,"osm_url":"https://www.openstreetmap.org/node/4489120793","fuente":"OpenStreetMap","validada":false,"habilitacion_sanitaria":"pendiente"}},{"type":"Feature","geometry":{"type":"Point","coordinates":[-70.6983622,19.4542084]},"properties":{"id":"SALC-OSM-NODE-4356215592","nombre":"Oftalmolaser","categoria":"Clínicas y centros de salud","direccion":"Sábana Larga","ciudad":"","provincia":"","telefono":"","website":"","osm_type":"node","osm_id":4356215592,"osm_url":"https://www.openstreetmap.org/node/4356215592","fuente":"OpenStreetMap","validada":false,"habilitacion_sanitaria":"pendiente"}},{"type":"Feature","geometry":{"type":"Point","coordinates":[-69.9207586,18.457321]},"properties":{"id":"SALC-OSM-WAY-413460912","nombre":"ONCOSERV Santo Domingo","categoria":"Clínicas y centros de salud","direccion":"","ciudad":"","provincia":"","telefono":"","website":"","osm_type":"way","osm_id":413460912,"osm_url":"https://www.openstreetmap.org/way/413460912","fuente":"OpenStreetMap","validada":false,"habilitacion_sanitaria":"pendiente"}},{"type":"Feature","geometry":{"type":"Point","coordinates":[-70.6993457,19.4543749]},"properties":{"id":"SALC-OSM-NODE-4114906322","nombre":"Orthomedical del Cibao","categoria":"Clínicas y centros de salud","direccion":"Pedro Fco. Bonó Deschamps","ciudad":"Santiago","provincia":"","telefono":"","website":"","osm_type":"node","osm_id":4114906322,"osm_url":"https://www.openstreetmap.org/node/4114906322","fuente":"OpenStreetMap","validada":false,"habilitacion_sanitaria":"pendiente"}},{"type":"Feature","geometry":{"type":"Point","coordinates":[-69.9219111,18.4733489]},"properties":{"id":"SALC-OSM-WAY-337273207","nombre":"OxiSalud","categoria":"Clínicas y centros de salud","direccion":"Avenida Roberto Pastoriza 59","ciudad":"","provincia":"","telefono":"+18096838698","website":"","osm_type":"way","osm_id":337273207,"osm_url":"https://www.openstreetmap.org/way/337273207","fuente":"OpenStreetMap","validada":false,"habilitacion_sanitaria":"pendiente"}},{"type":"Feature","geometry":{"type":"Point","coordinates":[-70.7007436,19.4580031]},"properties":{"id":"SALC-OSM-NODE-4117416666","nombre":"Patria Rivas","categoria":"Clínicas y centros de salud","direccion":"Germán Soriano","ciudad":"Santiago de los Caballeros","provincia":"","telefono":"","website":"","osm_type":"node","osm_id":4117416666,"osm_url":"https://www.openstreetmap.org/node/4117416666","fuente":"OpenStreetMap","validada":false,"habilitacion_sanitaria":"pendiente"}},{"type":"Feature","geometry":{"type":"Point","coordinates":[-69.9214219,18.4565227]},"properties":{"id":"SALC-OSM-WAY-414479537","nombre":"Patronato Nacional de Ciegos","categoria":"Clínicas y centros de salud","direccion":"Avenida Correa y Cidrón","ciudad":"","provincia":"","telefono":"","website":"","osm_type":"way","osm_id":414479537,"osm_url":"https://www.openstreetmap.org/way/414479537","fuente":"OpenStreetMap","validada":false,"habilitacion_sanitaria":"pendiente"}},{"type":"Feature","geometry":{"type":"Point","coordinates":[-69.7856654,18.500548]},"properties":{"id":"SALC-OSM-WAY-1035205469","nombre":"Policlinca IDSS","categoria":"Clínicas y centros de salud","direccion":"","ciudad":"","provincia":"","telefono":"","website":"","osm_type":"way","osm_id":1035205469,"osm_url":"https://www.openstreetmap.org/way/1035205469","fuente":"OpenStreetMap","validada":false,"habilitacion_sanitaria":"pendiente"}},{"type":"Feature","geometry":{"type":"Point","coordinates":[-69.9724226,18.470785]},"properties":{"id":"SALC-OSM-WAY-411804448","nombre":"Prisma Salud Dominicana","categoria":"Clínicas y centros de salud","direccion":"","ciudad":"","provincia":"","telefono":"","website":"","osm_type":"way","osm_id":411804448,"osm_url":"https://www.openstreetmap.org/way/411804448","fuente":"OpenStreetMap","validada":false,"habilitacion_sanitaria":"pendiente"}},{"type":"Feature","geometry":{"type":"Point","coordinates":[-69.9228326,18.4925129]},"properties":{"id":"SALC-OSM-WAY-231130704","nombre":"Pro Med","categoria":"Clínicas y centros de salud","direccion":"Calle 37","ciudad":"","provincia":"","telefono":"","website":"","osm_type":"way","osm_id":231130704,"osm_url":"https://www.openstreetmap.org/way/231130704","fuente":"OpenStreetMap","validada":false,"habilitacion_sanitaria":"pendiente"}},{"type":"Feature","geometry":{"type":"Point","coordinates":[-69.9024736,18.5019168]},"properties":{"id":"SALC-OSM-NODE-6335892485","nombre":"profamila","categoria":"Clínicas y centros de salud","direccion":"","ciudad":"","provincia":"","telefono":"","website":"","osm_type":"node","osm_id":6335892485,"osm_url":"https://www.openstreetmap.org/node/6335892485","fuente":"OpenStreetMap","validada":false,"habilitacion_sanitaria":"pendiente"}},{"type":"Feature","geometry":{"type":"Point","coordinates":[-69.9050072,18.4626437]},"properties":{"id":"SALC-OSM-NODE-5654308853","nombre":"PROMEDICA","categoria":"Clínicas y centros de salud","direccion":"Benito Monción 4","ciudad":"","provincia":"","telefono":"809-682-2232","website":"https://promedica.com.do/","osm_type":"node","osm_id":5654308853,"osm_url":"https://www.openstreetmap.org/node/5654308853","fuente":"OpenStreetMap","validada":false,"habilitacion_sanitaria":"pendiente"}},{"type":"Feature","geometry":{"type":"Point","coordinates":[-69.8562939,18.5065244]},"properties":{"id":"SALC-OSM-NODE-9998564297","nombre":"Punto Médico","categoria":"Clínicas y centros de salud","direccion":"","ciudad":"","provincia":"","telefono":"","website":"","osm_type":"node","osm_id":9998564297,"osm_url":"https://www.openstreetmap.org/node/9998564297","fuente":"OpenStreetMap","validada":false,"habilitacion_sanitaria":"pendiente"}},{"type":"Feature","geometry":{"type":"Point","coordinates":[-69.9362482,18.4857562]},"properties":{"id":"SALC-OSM-NODE-13956606544","nombre":"RADNET Centro Diagnóstico e Imágenes","categoria":"Clínicas y centros de salud","direccion":"Avenida John F. Kennedy","ciudad":"Santo Domingo","provincia":"","telefono":"+1 809-960-2916","website":"https://radnet.do/","osm_type":"node","osm_id":13956606544,"osm_url":"https://www.openstreetmap.org/node/13956606544","fuente":"OpenStreetMap","validada":false,"habilitacion_sanitaria":"pendiente"}},{"type":"Feature","geometry":{"type":"Point","coordinates":[-70.6940711,19.457029]},"properties":{"id":"SALC-OSM-NODE-5830509711","nombre":"Red Oncológica Dominicana Integral","categoria":"Clínicas y centros de salud","direccion":"","ciudad":"","provincia":"","telefono":"","website":"https://www.rodi.com.do/","osm_type":"node","osm_id":5830509711,"osm_url":"https://www.openstreetmap.org/node/5830509711","fuente":"OpenStreetMap","validada":false,"habilitacion_sanitaria":"pendiente"}},{"type":"Feature","geometry":{"type":"Point","coordinates":[-70.698415,19.4526846]},"properties":{"id":"SALC-OSM-NODE-7862824685","nombre":"RehabiSaludRD","categoria":"Clínicas y centros de salud","direccion":"Sábana Larga 35","ciudad":"","provincia":"","telefono":"8294600496","website":"","osm_type":"node","osm_id":7862824685,"osm_url":"https://www.openstreetmap.org/node/7862824685","fuente":"OpenStreetMap","validada":false,"habilitacion_sanitaria":"pendiente"}},{"type":"Feature","geometry":{"type":"Point","coordinates":[-70.1143844,18.4209766]},"properties":{"id":"SALC-OSM-NODE-4119306866","nombre":"Salud Bucal","categoria":"Clínicas y centros de salud","direccion":"Avenida Constitucion","ciudad":"San Cristóbal","provincia":"","telefono":"","website":"","osm_type":"node","osm_id":4119306866,"osm_url":"https://www.openstreetmap.org/node/4119306866","fuente":"OpenStreetMap","validada":false,"habilitacion_sanitaria":"pendiente"}},{"type":"Feature","geometry":{"type":"Point","coordinates":[-70.6851388,19.4263669]},"properties":{"id":"SALC-OSM-NODE-4121775410","nombre":"Salud Integral Rodriquez Mendoza","categoria":"Clínicas y centros de salud","direccion":"Avenida Circunvalación","ciudad":"Santiago","provincia":"","telefono":"809 724 5699","website":"","osm_type":"node","osm_id":4121775410,"osm_url":"https://www.openstreetmap.org/node/4121775410","fuente":"OpenStreetMap","validada":false,"habilitacion_sanitaria":"pendiente"}},{"type":"Feature","geometry":{"type":"Point","coordinates":[-70.4080355,19.7496564]},"properties":{"id":"SALC-OSM-NODE-3436109893","nombre":"Servimed","categoria":"Clínicas y centros de salud","direccion":"","ciudad":"","provincia":"","telefono":"","website":"","osm_type":"node","osm_id":3436109893,"osm_url":"https://www.openstreetmap.org/node/3436109893","fuente":"OpenStreetMap","validada":false,"habilitacion_sanitaria":"pendiente"}},{"type":"Feature","geometry":{"type":"Point","coordinates":[-69.9216133,18.4767105]},"properties":{"id":"SALC-OSM-WAY-397173846","nombre":"Siluet Esthetic Clinic","categoria":"Clínicas y centros de salud","direccion":"Calle Socrates Nolasco 5","ciudad":"Santo Domingo","provincia":"","telefono":"+18095662300","website":"","osm_type":"way","osm_id":397173846,"osm_url":"https://www.openstreetmap.org/way/397173846","fuente":"OpenStreetMap","validada":false,"habilitacion_sanitaria":"pendiente"}},{"type":"Feature","geometry":{"type":"Point","coordinates":[-69.9021698,18.4695495]},"properties":{"id":"SALC-OSM-NODE-4090481410","nombre":"Sociedad Dominicana de Gastroenterologia","categoria":"Clínicas y centros de salud","direccion":"Avenida Simón Bolivar","ciudad":"","provincia":"","telefono":"","website":"","osm_type":"node","osm_id":4090481410,"osm_url":"https://www.openstreetmap.org/node/4090481410","fuente":"OpenStreetMap","validada":false,"habilitacion_sanitaria":"pendiente"}},{"type":"Feature","geometry":{"type":"Point","coordinates":[-69.9006391,18.5514994]},"properties":{"id":"SALC-OSM-NODE-4114513213","nombre":"Sonografia","categoria":"Clínicas y centros de salud","direccion":"","ciudad":"Villa Mella","provincia":"","telefono":"","website":"","osm_type":"node","osm_id":4114513213,"osm_url":"https://www.openstreetmap.org/node/4114513213","fuente":"OpenStreetMap","validada":false,"habilitacion_sanitaria":"pendiente"}},{"type":"Feature","geometry":{"type":"Point","coordinates":[-69.9012654,18.5512858]},"properties":{"id":"SALC-OSM-WAY-409589220","nombre":"Sonografia","categoria":"Clínicas y centros de salud","direccion":"Avenida Hermanas Mirabal","ciudad":"","provincia":"","telefono":"","website":"","osm_type":"way","osm_id":409589220,"osm_url":"https://www.openstreetmap.org/way/409589220","fuente":"OpenStreetMap","validada":false,"habilitacion_sanitaria":"pendiente"}},{"type":"Feature","geometry":{"type":"Point","coordinates":[-69.8675606,18.5098755]},"properties":{"id":"SALC-OSM-NODE-4141747395","nombre":"Sonografia Dr. Mateo","categoria":"Clínicas y centros de salud","direccion":"San Vicente de Paúl","ciudad":"","provincia":"","telefono":"","website":"","osm_type":"node","osm_id":4141747395,"osm_url":"https://www.openstreetmap.org/node/4141747395","fuente":"OpenStreetMap","validada":false,"habilitacion_sanitaria":"pendiente"}},{"type":"Feature","geometry":{"type":"Point","coordinates":[-70.7065188,19.4529802]},"properties":{"id":"SALC-OSM-NODE-4117100945","nombre":"Sonorad Sonografia","categoria":"Clínicas y centros de salud","direccion":"Calle Restauración","ciudad":"Santiago","provincia":"","telefono":"","website":"","osm_type":"node","osm_id":4117100945,"osm_url":"https://www.openstreetmap.org/node/4117100945","fuente":"OpenStreetMap","validada":false,"habilitacion_sanitaria":"pendiente"}},{"type":"Feature","geometry":{"type":"Point","coordinates":[-69.9327611,18.4757591]},"properties":{"id":"SALC-OSM-NODE-5229212723","nombre":"Super narural","categoria":"Clínicas y centros de salud","direccion":"Avenida Gustavo Mejía Ricart","ciudad":"","provincia":"","telefono":"","website":"","osm_type":"node","osm_id":5229212723,"osm_url":"https://www.openstreetmap.org/node/5229212723","fuente":"OpenStreetMap","validada":false,"habilitacion_sanitaria":"pendiente"}},{"type":"Feature","geometry":{"type":"Point","coordinates":[-69.9194579,18.4852211]},"properties":{"id":"SALC-OSM-NODE-3792212520","nombre":"Torniacero","categoria":"Clínicas y centros de salud","direccion":"Avenida San Martín 247","ciudad":"Santo Domingo","provincia":"","telefono":"+18095082030","website":"https://www.torniacero.com.do/","osm_type":"node","osm_id":3792212520,"osm_url":"https://www.openstreetmap.org/node/3792212520","fuente":"OpenStreetMap","validada":false,"habilitacion_sanitaria":"pendiente"}},{"type":"Feature","geometry":{"type":"Point","coordinates":[-69.408558,19.2345908]},"properties":{"id":"SALC-OSM-WAY-369003643","nombre":"UNAP (Unidad de Atención Primaria)","categoria":"Clínicas y centros de salud","direccion":"","ciudad":"Samaná","provincia":"","telefono":"","website":"","osm_type":"way","osm_id":369003643,"osm_url":"https://www.openstreetmap.org/way/369003643","fuente":"OpenStreetMap","validada":false,"habilitacion_sanitaria":"pendiente"}},{"type":"Feature","geometry":{"type":"Point","coordinates":[-69.3260484,18.592806]},"properties":{"id":"SALC-OSM-WAY-1492933831","nombre":"UNAP Monte Coca","categoria":"Clínicas y centros de salud","direccion":"","ciudad":"","provincia":"","telefono":"","website":"","osm_type":"way","osm_id":1492933831,"osm_url":"https://www.openstreetmap.org/way/1492933831","fuente":"OpenStreetMap","validada":false,"habilitacion_sanitaria":"pendiente"}},{"type":"Feature","geometry":{"type":"Point","coordinates":[-69.8652278,18.4969701]},"properties":{"id":"SALC-OSM-NODE-5005127521","nombre":"Unicardio","categoria":"Clínicas y centros de salud","direccion":"","ciudad":"","provincia":"","telefono":"","website":"","osm_type":"node","osm_id":5005127521,"osm_url":"https://www.openstreetmap.org/node/5005127521","fuente":"OpenStreetMap","validada":false,"habilitacion_sanitaria":"pendiente"}},{"type":"Feature","geometry":{"type":"Point","coordinates":[-69.751417,18.4847927]},"properties":{"id":"SALC-OSM-NODE-9815771844","nombre":"Unidad de Atención Primaria","categoria":"Clínicas y centros de salud","direccion":"","ciudad":"","provincia":"","telefono":"","website":"","osm_type":"node","osm_id":9815771844,"osm_url":"https://www.openstreetmap.org/node/9815771844","fuente":"OpenStreetMap","validada":false,"habilitacion_sanitaria":"pendiente"}},{"type":"Feature","geometry":{"type":"Point","coordinates":[-70.5284462,19.2220323]},"properties":{"id":"SALC-OSM-WAY-413956983","nombre":"Unidad de Medicina Fisica y Rehabilitacion","categoria":"Clínicas y centros de salud","direccion":"Avenida Garcia Godoy","ciudad":"La Vega","provincia":"","telefono":"","website":"","osm_type":"way","osm_id":413956983,"osm_url":"https://www.openstreetmap.org/way/413956983","fuente":"OpenStreetMap","validada":false,"habilitacion_sanitaria":"pendiente"}},{"type":"Feature","geometry":{"type":"Point","coordinates":[-70.6799211,19.4592999]},"properties":{"id":"SALC-OSM-WAY-120478735","nombre":"Union Médica del Norte","categoria":"Clínicas y centros de salud","direccion":"","ciudad":"","provincia":"","telefono":"","website":"","osm_type":"way","osm_id":120478735,"osm_url":"https://www.openstreetmap.org/way/120478735","fuente":"OpenStreetMap","validada":false,"habilitacion_sanitaria":"pendiente"}},{"type":"Feature","geometry":{"type":"Point","coordinates":[-69.9220249,18.4726647]},"properties":{"id":"SALC-OSM-WAY-361060792","nombre":"Unirehab","categoria":"Clínicas y centros de salud","direccion":"Avenida Roberto Pastoriza 52","ciudad":"","provincia":"","telefono":"+18094722000","website":"","osm_type":"way","osm_id":361060792,"osm_url":"https://www.openstreetmap.org/way/361060792","fuente":"OpenStreetMap","validada":false,"habilitacion_sanitaria":"pendiente"}},{"type":"Feature","geometry":{"type":"Point","coordinates":[-69.9050193,18.462348]},"properties":{"id":"SALC-OSM-WAY-407739431","nombre":"Urodiagnostico","categoria":"Clínicas y centros de salud","direccion":"Avenida Independencia 603","ciudad":"","provincia":"","telefono":"","website":"","osm_type":"way","osm_id":407739431,"osm_url":"https://www.openstreetmap.org/way/407739431","fuente":"OpenStreetMap","validada":false,"habilitacion_sanitaria":"pendiente"}},{"type":"Feature","geometry":{"type":"Point","coordinates":[-70.6986921,19.4518699]},"properties":{"id":"SALC-OSM-WAY-409841206","nombre":"Vida Sana","categoria":"Clínicas y centros de salud","direccion":"Calle Restauración 38","ciudad":"Santiago","provincia":"","telefono":"","website":"","osm_type":"way","osm_id":409841206,"osm_url":"https://www.openstreetmap.org/way/409841206","fuente":"OpenStreetMap","validada":false,"habilitacion_sanitaria":"pendiente"}},{"type":"Feature","geometry":{"type":"Point","coordinates":[-69.9342298,18.4560407]},"properties":{"id":"SALC-OSM-NODE-12999969708","nombre":"VIP Laser Clinic","categoria":"Clínicas y centros de salud","direccion":"C/ Jardines del Embajador No. 3","ciudad":"Bella Vista, Santo Domingo, República","provincia":"","telefono":"+1 (809) 535.1010","website":"https://viplaserclinic.net/","osm_type":"node","osm_id":12999969708,"osm_url":"https://www.openstreetmap.org/node/12999969708","fuente":"OpenStreetMap","validada":false,"habilitacion_sanitaria":"pendiente"}}]}