{"type":"FeatureCollection","name":"iglesias_incorporadas_candidatas_rd","attribution":"© OpenStreetMap contributors, ODbL 1.0","generated_at":"2026-09-18T16:46:15.991053Z","features":[{"type":"Feature","geometry":{"type":"Point","coordinates":[-68.7015337,18.5938861]},"properties":{"id":"IGL-OSM-WAY-865181611","nombre":"18va. Iglesia De Dios Pentecostal, M.I., Inc","categoria":"Iglesias debidamente incorporadas - candidatas","religion":"christian","denominacion":"","direccion":"","ciudad":"","municipio":"","provincia":"","telefono":"","website":"","osm_type":"way","osm_id":865181611,"osm_url":"https://www.openstreetmap.org/way/865181611","fuente":"OpenStreetMap","validada":false,"incorporada":"pendiente","incorporacion_verificada":false,"validacion_pgr_dgii":"pendiente"}},{"type":"Feature","geometry":{"type":"Point","coordinates":[-68.7098574,18.5970947]},"properties":{"id":"IGL-OSM-NODE-4190025806","nombre":"1ra. Iglesia Pentecostal","categoria":"Iglesias debidamente incorporadas - candidatas","religion":"","denominacion":"","direccion":"","ciudad":"","municipio":"","provincia":"","telefono":"","website":"","osm_type":"node","osm_id":4190025806,"osm_url":"https://www.openstreetmap.org/node/4190025806","fuente":"OpenStreetMap","validada":false,"incorporada":"pendiente","incorporacion_verificada":false,"validacion_pgr_dgii":"pendiente"}},{"type":"Feature","geometry":{"type":"Point","coordinates":[-68.7176032,18.6071558]},"properties":{"id":"IGL-OSM-NODE-8065939093","nombre":"2da Iglesia De Las Asambleas De Dios","categoria":"Iglesias debidamente incorporadas - candidatas","religion":"christian","denominacion":"","direccion":"","ciudad":"","municipio":"","provincia":"","telefono":"","website":"","osm_type":"node","osm_id":8065939093,"osm_url":"https://www.openstreetmap.org/node/8065939093","fuente":"OpenStreetMap","validada":false,"incorporada":"pendiente","incorporacion_verificada":false,"validacion_pgr_dgii":"pendiente"}},{"type":"Feature","geometry":{"type":"Point","coordinates":[-68.7198552,18.623179]},"properties":{"id":"IGL-OSM-NODE-4190029402","nombre":"2da. Iglesia Pentecostal","categoria":"Iglesias debidamente incorporadas - candidatas","religion":"christian","denominacion":"","direccion":"","ciudad":"","municipio":"","provincia":"","telefono":"","website":"","osm_type":"node","osm_id":4190029402,"osm_url":"https://www.openstreetmap.org/node/4190029402","fuente":"OpenStreetMap","validada":false,"incorporada":"pendiente","incorporacion_verificada":false,"validacion_pgr_dgii":"pendiente"}},{"type":"Feature","geometry":{"type":"Point","coordinates":[-68.7386091,18.6117828]},"properties":{"id":"IGL-OSM-NODE-4189967623","nombre":"4ta. Iglesia pentecostal Jesucristo es poder senda antigua","categoria":"Iglesias debidamente incorporadas - candidatas","religion":"","denominacion":"","direccion":"","ciudad":"","municipio":"","provincia":"","telefono":"","website":"","osm_type":"node","osm_id":4189967623,"osm_url":"https://www.openstreetmap.org/node/4189967623","fuente":"OpenStreetMap","validada":false,"incorporada":"pendiente","incorporacion_verificada":false,"validacion_pgr_dgii":"pendiente"}},{"type":"Feature","geometry":{"type":"Point","coordinates":[-68.9893105,18.4287595]},"properties":{"id":"IGL-OSM-WAY-503891027","nombre":"7ma. Asamblea de Dios","categoria":"Iglesias debidamente incorporadas - candidatas","religion":"christian","denominacion":"assemblies_of_god","direccion":"","ciudad":"","municipio":"","provincia":"","telefono":"","website":"","osm_type":"way","osm_id":503891027,"osm_url":"https://www.openstreetmap.org/way/503891027","fuente":"OpenStreetMap","validada":false,"incorporada":"pendiente","incorporacion_verificada":false,"validacion_pgr_dgii":"pendiente"}},{"type":"Feature","geometry":{"type":"Point","coordinates":[-69.9502344,18.5054383]},"properties":{"id":"IGL-OSM-WAY-408017032","nombre":"Adventista del Septimo Dia","categoria":"Iglesias debidamente incorporadas - candidatas","religion":"christian","denominacion":"","direccion":"","ciudad":"","municipio":"","provincia":"","telefono":"","website":"","osm_type":"way","osm_id":408017032,"osm_url":"https://www.openstreetmap.org/way/408017032","fuente":"OpenStreetMap","validada":false,"incorporada":"pendiente","incorporacion_verificada":false,"validacion_pgr_dgii":"pendiente"}},{"type":"Feature","geometry":{"type":"Point","coordinates":[-68.3724562,18.5555931]},"properties":{"id":"IGL-OSM-WAY-583792059","nombre":"Alianza Punta Cana","categoria":"Iglesias debidamente incorporadas - candidatas","religion":"christian","denominacion":"christian","direccion":"","ciudad":"","municipio":"","provincia":"","telefono":"","website":"","osm_type":"way","osm_id":583792059,"osm_url":"https://www.openstreetmap.org/way/583792059","fuente":"OpenStreetMap","validada":false,"incorporada":"pendiente","incorporacion_verificada":false,"validacion_pgr_dgii":"pendiente"}},{"type":"Feature","geometry":{"type":"Point","coordinates":[-70.0251679,18.5250948]},"properties":{"id":"IGL-OSM-WAY-414260445","nombre":"Asamblea de Dios Central de los Alcarrizos","categoria":"Iglesias debidamente incorporadas - candidatas","religion":"christian","denominacion":"protestant","direccion":"Calle Duarte","ciudad":"Los Alcarrizos","municipio":"","provincia":"","telefono":"","website":"","osm_type":"way","osm_id":414260445,"osm_url":"https://www.openstreetmap.org/way/414260445","fuente":"OpenStreetMap","validada":false,"incorporada":"pendiente","incorporacion_verificada":false,"validacion_pgr_dgii":"pendiente"}},{"type":"Feature","geometry":{"type":"Point","coordinates":[-70.114353,18.420942]},"properties":{"id":"IGL-OSM-NODE-4119306867","nombre":"Asamblea de Iglesias Cristianas, Inc","categoria":"Iglesias debidamente incorporadas - candidatas","religion":"christian","denominacion":"protestant","direccion":"Avenida Constitucion","ciudad":"San Cristóbal","municipio":"","provincia":"","telefono":"","website":"","osm_type":"node","osm_id":4119306867,"osm_url":"https://www.openstreetmap.org/node/4119306867","fuente":"OpenStreetMap","validada":false,"incorporada":"pendiente","incorporacion_verificada":false,"validacion_pgr_dgii":"pendiente"}},{"type":"Feature","geometry":{"type":"Point","coordinates":[-69.8887914,18.4700643]},"properties":{"id":"IGL-OSM-WAY-406647743","nombre":"Asambleas de Dios El Tabernaculo","categoria":"Iglesias debidamente incorporadas - candidatas","religion":"christian","denominacion":"","direccion":"","ciudad":"","municipio":"","provincia":"","telefono":"","website":"","osm_type":"way","osm_id":406647743,"osm_url":"https://www.openstreetmap.org/way/406647743","fuente":"OpenStreetMap","validada":false,"incorporada":"pendiente","incorporacion_verificada":false,"validacion_pgr_dgii":"pendiente"}},{"type":"Feature","geometry":{"type":"Point","coordinates":[-69.9072686,18.489611]},"properties":{"id":"IGL-OSM-NODE-4186319398","nombre":"Asociacion de Damas Salesianas","categoria":"Iglesias debidamente incorporadas - candidatas","religion":"christian","denominacion":"","direccion":"","ciudad":"","municipio":"","provincia":"","telefono":"","website":"","osm_type":"node","osm_id":4186319398,"osm_url":"https://www.openstreetmap.org/node/4186319398","fuente":"OpenStreetMap","validada":false,"incorporada":"pendiente","incorporacion_verificada":false,"validacion_pgr_dgii":"pendiente"}},{"type":"Feature","geometry":{"type":"Point","coordinates":[-69.8839493,18.4729903]},"properties":{"id":"IGL-OSM-WAY-41565898","nombre":"Basílica Catedral Metropolitana Santa María de la Encarnación Primada de América","categoria":"Iglesias debidamente incorporadas - candidatas","religion":"christian","denominacion":"catholic","direccion":"","ciudad":"","municipio":"","provincia":"","telefono":"","website":"","osm_type":"way","osm_id":41565898,"osm_url":"https://www.openstreetmap.org/way/41565898","fuente":"OpenStreetMap","validada":false,"incorporada":"pendiente","incorporacion_verificada":false,"validacion_pgr_dgii":"pendiente"}},{"type":"Feature","geometry":{"type":"Point","coordinates":[-68.7168719,18.615514]},"properties":{"id":"IGL-OSM-WAY-191929310","nombre":"Basílica Nuestra Señora de La Altagracia","categoria":"Iglesias debidamente incorporadas - candidatas","religion":"christian","denominacion":"catholic","direccion":"","ciudad":"","municipio":"","provincia":"","telefono":"","website":"","osm_type":"way","osm_id":191929310,"osm_url":"https://www.openstreetmap.org/way/191929310","fuente":"OpenStreetMap","validada":false,"incorporada":"pendiente","incorporacion_verificada":false,"validacion_pgr_dgii":"pendiente"}},{"type":"Feature","geometry":{"type":"Point","coordinates":[-70.2564436,19.2933555]},"properties":{"id":"IGL-OSM-WAY-690349517","nombre":"Calle Santa Ana","categoria":"Iglesias debidamente incorporadas - candidatas","religion":"","denominacion":"","direccion":"","ciudad":"","municipio":"","provincia":"","telefono":"","website":"","osm_type":"way","osm_id":690349517,"osm_url":"https://www.openstreetmap.org/way/690349517","fuente":"OpenStreetMap","validada":false,"incorporada":"pendiente","incorporacion_verificada":false,"validacion_pgr_dgii":"pendiente"}},{"type":"Feature","geometry":{"type":"Point","coordinates":[-68.9816651,18.4241136]},"properties":{"id":"IGL-OSM-NODE-8435737432","nombre":"Caminemos A Jerusalén","categoria":"Iglesias debidamente incorporadas - candidatas","religion":"","denominacion":"","direccion":"","ciudad":"","municipio":"","provincia":"","telefono":"","website":"","osm_type":"node","osm_id":8435737432,"osm_url":"https://www.openstreetmap.org/node/8435737432","fuente":"OpenStreetMap","validada":false,"incorporada":"pendiente","incorporacion_verificada":false,"validacion_pgr_dgii":"pendiente"}},{"type":"Feature","geometry":{"type":"Point","coordinates":[-68.5903414,18.742766]},"properties":{"id":"IGL-OSM-NODE-4281345732","nombre":"Campamento de Avivamiento","categoria":"Iglesias debidamente incorporadas - candidatas","religion":"christian","denominacion":"pentecostal","direccion":"","ciudad":"","municipio":"","provincia":"","telefono":"","website":"","osm_type":"node","osm_id":4281345732,"osm_url":"https://www.openstreetmap.org/node/4281345732","fuente":"OpenStreetMap","validada":false,"incorporada":"pendiente","incorporacion_verificada":false,"validacion_pgr_dgii":"pendiente"}},{"type":"Feature","geometry":{"type":"Point","coordinates":[-68.9917831,18.4277558]},"properties":{"id":"IGL-OSM-NODE-3528593553","nombre":"Canaán","categoria":"Iglesias debidamente incorporadas - candidatas","religion":"christian","denominacion":"Evangélica Pentecostal","direccion":"","ciudad":"","municipio":"","provincia":"","telefono":"","website":"","osm_type":"node","osm_id":3528593553,"osm_url":"https://www.openstreetmap.org/node/3528593553","fuente":"OpenStreetMap","validada":false,"incorporada":"pendiente","incorporacion_verificada":false,"validacion_pgr_dgii":"pendiente"}},{"type":"Feature","geometry":{"type":"Point","coordinates":[-70.5426608,19.2937511]},"properties":{"id":"IGL-OSM-WAY-320462113","nombre":"Capilla","categoria":"Iglesias debidamente incorporadas - candidatas","religion":"christian","denominacion":"catholic","direccion":"","ciudad":"","municipio":"","provincia":"","telefono":"","website":"","osm_type":"way","osm_id":320462113,"osm_url":"https://www.openstreetmap.org/way/320462113","fuente":"OpenStreetMap","validada":false,"incorporada":"pendiente","incorporacion_verificada":false,"validacion_pgr_dgii":"pendiente"}},{"type":"Feature","geometry":{"type":"Point","coordinates":[-70.6046144,19.4623052]},"properties":{"id":"IGL-OSM-WAY-451268264","nombre":"capilla  Los Marcano","categoria":"Iglesias debidamente incorporadas - candidatas","religion":"christian","denominacion":"catholic","direccion":"","ciudad":"","municipio":"","provincia":"","telefono":"","website":"","osm_type":"way","osm_id":451268264,"osm_url":"https://www.openstreetmap.org/way/451268264","fuente":"OpenStreetMap","validada":false,"incorporada":"pendiente","incorporacion_verificada":false,"validacion_pgr_dgii":"pendiente"}},{"type":"Feature","geometry":{"type":"Point","coordinates":[-71.445034,19.7454998]},"properties":{"id":"IGL-OSM-WAY-223749334","nombre":"Capilla Catolica","categoria":"Iglesias debidamente incorporadas - candidatas","religion":"","denominacion":"","direccion":"","ciudad":"","municipio":"","provincia":"","telefono":"","website":"","osm_type":"way","osm_id":223749334,"osm_url":"https://www.openstreetmap.org/way/223749334","fuente":"OpenStreetMap","validada":false,"incorporada":"pendiente","incorporacion_verificada":false,"validacion_pgr_dgii":"pendiente"}},{"type":"Feature","geometry":{"type":"Point","coordinates":[-69.3978094,18.4298306]},"properties":{"id":"IGL-OSM-WAY-545028236","nombre":"Capilla Club Hemingway","categoria":"Iglesias debidamente incorporadas - candidatas","religion":"","denominacion":"","direccion":"","ciudad":"","municipio":"","provincia":"","telefono":"","website":"","osm_type":"way","osm_id":545028236,"osm_url":"https://www.openstreetmap.org/way/545028236","fuente":"OpenStreetMap","validada":false,"incorporada":"pendiente","incorporacion_verificada":false,"validacion_pgr_dgii":"pendiente"}},{"type":"Feature","geometry":{"type":"Point","coordinates":[-70.0984865,19.1193738]},"properties":{"id":"IGL-OSM-NODE-3437201297","nombre":"Capilla Comunitaria","categoria":"Iglesias debidamente incorporadas - candidatas","religion":"","denominacion":"","direccion":"","ciudad":"","municipio":"","provincia":"","telefono":"","website":"","osm_type":"node","osm_id":3437201297,"osm_url":"https://www.openstreetmap.org/node/3437201297","fuente":"OpenStreetMap","validada":false,"incorporada":"pendiente","incorporacion_verificada":false,"validacion_pgr_dgii":"pendiente"}},{"type":"Feature","geometry":{"type":"Point","coordinates":[-69.9589959,18.5492316]},"properties":{"id":"IGL-OSM-WAY-627156986","nombre":"Capilla de Jacagua","categoria":"Iglesias debidamente incorporadas - candidatas","religion":"","denominacion":"","direccion":"","ciudad":"","municipio":"","provincia":"","telefono":"","website":"","osm_type":"way","osm_id":627156986,"osm_url":"https://www.openstreetmap.org/way/627156986","fuente":"OpenStreetMap","validada":false,"incorporada":"pendiente","incorporacion_verificada":false,"validacion_pgr_dgii":"pendiente"}},{"type":"Feature","geometry":{"type":"Point","coordinates":[-69.8856308,18.4712407]},"properties":{"id":"IGL-OSM-WAY-318766930","nombre":"Capilla de la Tercera Orden","categoria":"Iglesias debidamente incorporadas - candidatas","religion":"christian","denominacion":"catholic","direccion":"Calle Padre Billini","ciudad":"","municipio":"","provincia":"","telefono":"","website":"","osm_type":"way","osm_id":318766930,"osm_url":"https://www.openstreetmap.org/way/318766930","fuente":"OpenStreetMap","validada":false,"incorporada":"pendiente","incorporacion_verificada":false,"validacion_pgr_dgii":"pendiente"}},{"type":"Feature","geometry":{"type":"Point","coordinates":[-69.8559561,18.5024866]},"properties":{"id":"IGL-OSM-WAY-480092044","nombre":"Capilla del Buen Consejo","categoria":"Iglesias debidamente incorporadas - candidatas","religion":"christian","denominacion":"","direccion":"","ciudad":"","municipio":"","provincia":"","telefono":"","website":"","osm_type":"way","osm_id":480092044,"osm_url":"https://www.openstreetmap.org/way/480092044","fuente":"OpenStreetMap","validada":false,"incorporada":"pendiente","incorporacion_verificada":false,"validacion_pgr_dgii":"pendiente"}},{"type":"Feature","geometry":{"type":"Point","coordinates":[-69.9451856,18.5317341]},"properties":{"id":"IGL-OSM-WAY-662615046","nombre":"Capilla del Chimbú","categoria":"Iglesias debidamente incorporadas - candidatas","religion":"","denominacion":"","direccion":"","ciudad":"","municipio":"","provincia":"","telefono":"","website":"","osm_type":"way","osm_id":662615046,"osm_url":"https://www.openstreetmap.org/way/662615046","fuente":"OpenStreetMap","validada":false,"incorporada":"pendiente","incorporacion_verificada":false,"validacion_pgr_dgii":"pendiente"}},{"type":"Feature","geometry":{"type":"Point","coordinates":[-70.1706406,19.1058208]},"properties":{"id":"IGL-OSM-WAY-914241752","nombre":"Capilla el Buen Pastor","categoria":"Iglesias debidamente incorporadas - candidatas","religion":"","denominacion":"","direccion":"","ciudad":"","municipio":"","provincia":"","telefono":"","website":"","osm_type":"way","osm_id":914241752,"osm_url":"https://www.openstreetmap.org/way/914241752","fuente":"OpenStreetMap","validada":false,"incorporada":"pendiente","incorporacion_verificada":false,"validacion_pgr_dgii":"pendiente"}},{"type":"Feature","geometry":{"type":"Point","coordinates":[-69.3842105,19.0628126]},"properties":{"id":"IGL-OSM-WAY-270915587","nombre":"Capilla Elupina Cordero","categoria":"Iglesias debidamente incorporadas - candidatas","religion":"christian","denominacion":"catholic","direccion":"27 de Febrero","ciudad":"Sabana de la Mar","municipio":"","provincia":"","telefono":"","website":"","osm_type":"way","osm_id":270915587,"osm_url":"https://www.openstreetmap.org/way/270915587","fuente":"OpenStreetMap","validada":false,"incorporada":"pendiente","incorporacion_verificada":false,"validacion_pgr_dgii":"pendiente"}},{"type":"Feature","geometry":{"type":"Point","coordinates":[-69.9374548,18.5403598]},"properties":{"id":"IGL-OSM-WAY-1290741019","nombre":"Capilla Emaús","categoria":"Iglesias debidamente incorporadas - candidatas","religion":"christian","denominacion":"roman_catholic","direccion":"","ciudad":"","municipio":"","provincia":"","telefono":"","website":"","osm_type":"way","osm_id":1290741019,"osm_url":"https://www.openstreetmap.org/way/1290741019","fuente":"OpenStreetMap","validada":false,"incorporada":"pendiente","incorporacion_verificada":false,"validacion_pgr_dgii":"pendiente"}},{"type":"Feature","geometry":{"type":"Point","coordinates":[-69.9032185,18.4838432]},"properties":{"id":"IGL-OSM-NODE-2381518263","nombre":"Capilla Espiritu Santo","categoria":"Iglesias debidamente incorporadas - candidatas","religion":"christian","denominacion":"","direccion":"","ciudad":"","municipio":"","provincia":"","telefono":"","website":"","osm_type":"node","osm_id":2381518263,"osm_url":"https://www.openstreetmap.org/node/2381518263","fuente":"OpenStreetMap","validada":false,"incorporada":"pendiente","incorporacion_verificada":false,"validacion_pgr_dgii":"pendiente"}},{"type":"Feature","geometry":{"type":"Point","coordinates":[-69.9467452,18.5325333]},"properties":{"id":"IGL-OSM-WAY-1146534383","nombre":"Capilla Espíritu Santo","categoria":"Iglesias debidamente incorporadas - candidatas","religion":"","denominacion":"","direccion":"","ciudad":"","municipio":"","provincia":"","telefono":"","website":"","osm_type":"way","osm_id":1146534383,"osm_url":"https://www.openstreetmap.org/way/1146534383","fuente":"OpenStreetMap","validada":false,"incorporada":"pendiente","incorporacion_verificada":false,"validacion_pgr_dgii":"pendiente"}},{"type":"Feature","geometry":{"type":"Point","coordinates":[-69.7637956,18.4924]},"properties":{"id":"IGL-OSM-NODE-13888424701","nombre":"Capilla inmaculada concepción de María","categoria":"Iglesias debidamente incorporadas - candidatas","religion":"","denominacion":"","direccion":"","ciudad":"","municipio":"","provincia":"","telefono":"","website":"","osm_type":"node","osm_id":13888424701,"osm_url":"https://www.openstreetmap.org/node/13888424701","fuente":"OpenStreetMap","validada":false,"incorporada":"pendiente","incorporacion_verificada":false,"validacion_pgr_dgii":"pendiente"}},{"type":"Feature","geometry":{"type":"Point","coordinates":[-70.9291301,19.2588143]},"properties":{"id":"IGL-OSM-WAY-732142530","nombre":"Capilla La Milagrosa","categoria":"Iglesias debidamente incorporadas - candidatas","religion":"","denominacion":"","direccion":"","ciudad":"","municipio":"","provincia":"","telefono":"","website":"","osm_type":"way","osm_id":732142530,"osm_url":"https://www.openstreetmap.org/way/732142530","fuente":"OpenStreetMap","validada":false,"incorporada":"pendiente","incorporacion_verificada":false,"validacion_pgr_dgii":"pendiente"}},{"type":"Feature","geometry":{"type":"Point","coordinates":[-70.6004271,19.3758557]},"properties":{"id":"IGL-OSM-NODE-11934819754","nombre":"Capilla Las Mercedez","categoria":"Iglesias debidamente incorporadas - candidatas","religion":"christian","denominacion":"catholic","direccion":"","ciudad":"","municipio":"","provincia":"","telefono":"","website":"","osm_type":"node","osm_id":11934819754,"osm_url":"https://www.openstreetmap.org/node/11934819754","fuente":"OpenStreetMap","validada":false,"incorporada":"pendiente","incorporacion_verificada":false,"validacion_pgr_dgii":"pendiente"}},{"type":"Feature","geometry":{"type":"Point","coordinates":[-70.6642029,19.4685595]},"properties":{"id":"IGL-OSM-WAY-408070521","nombre":"Capilla Nuestra Señora de la Salud","categoria":"Iglesias debidamente incorporadas - candidatas","religion":"christian","denominacion":"","direccion":"","ciudad":"","municipio":"","provincia":"","telefono":"","website":"","osm_type":"way","osm_id":408070521,"osm_url":"https://www.openstreetmap.org/way/408070521","fuente":"OpenStreetMap","validada":false,"incorporada":"pendiente","incorporacion_verificada":false,"validacion_pgr_dgii":"pendiente"}},{"type":"Feature","geometry":{"type":"Point","coordinates":[-69.9849178,18.4788419]},"properties":{"id":"IGL-OSM-WAY-213866420","nombre":"Capilla Nuestra Señora De Las Mercedes","categoria":"Iglesias debidamente incorporadas - candidatas","religion":"christian","denominacion":"","direccion":"","ciudad":"","municipio":"","provincia":"","telefono":"","website":"","osm_type":"way","osm_id":213866420,"osm_url":"https://www.openstreetmap.org/way/213866420","fuente":"OpenStreetMap","validada":false,"incorporada":"pendiente","incorporacion_verificada":false,"validacion_pgr_dgii":"pendiente"}},{"type":"Feature","geometry":{"type":"Point","coordinates":[-70.6486956,18.784878]},"properties":{"id":"IGL-OSM-NODE-4190496790","nombre":"Capilla Nuestra Señora De Valle Nuevo","categoria":"Iglesias debidamente incorporadas - candidatas","religion":"","denominacion":"","direccion":"SJO - Constanza","ciudad":"","municipio":"","provincia":"","telefono":"","website":"","osm_type":"node","osm_id":4190496790,"osm_url":"https://www.openstreetmap.org/node/4190496790","fuente":"OpenStreetMap","validada":false,"incorporada":"pendiente","incorporacion_verificada":false,"validacion_pgr_dgii":"pendiente"}},{"type":"Feature","geometry":{"type":"Point","coordinates":[-69.9404286,18.5423394]},"properties":{"id":"IGL-OSM-WAY-1290739644","nombre":"Capilla Nueva Alianza","categoria":"Iglesias debidamente incorporadas - candidatas","religion":"christian","denominacion":"roman_catholic","direccion":"","ciudad":"","municipio":"","provincia":"","telefono":"","website":"","osm_type":"way","osm_id":1290739644,"osm_url":"https://www.openstreetmap.org/way/1290739644","fuente":"OpenStreetMap","validada":false,"incorporada":"pendiente","incorporacion_verificada":false,"validacion_pgr_dgii":"pendiente"}},{"type":"Feature","geometry":{"type":"Point","coordinates":[-69.9421153,18.5447353]},"properties":{"id":"IGL-OSM-WAY-626916062","nombre":"Capilla Nueva Jerusalén - Iglesia Católica","categoria":"Iglesias debidamente incorporadas - candidatas","religion":"","denominacion":"","direccion":"","ciudad":"","municipio":"","provincia":"","telefono":"","website":"","osm_type":"way","osm_id":626916062,"osm_url":"https://www.openstreetmap.org/way/626916062","fuente":"OpenStreetMap","validada":false,"incorporada":"pendiente","incorporacion_verificada":false,"validacion_pgr_dgii":"pendiente"}},{"type":"Feature","geometry":{"type":"Point","coordinates":[-70.5735382,19.3424559]},"properties":{"id":"IGL-OSM-NODE-2358963264","nombre":"Capilla San Alonzo","categoria":"Iglesias debidamente incorporadas - candidatas","religion":"","denominacion":"","direccion":"","ciudad":"","municipio":"","provincia":"","telefono":"","website":"","osm_type":"node","osm_id":2358963264,"osm_url":"https://www.openstreetmap.org/node/2358963264","fuente":"OpenStreetMap","validada":false,"incorporada":"pendiente","incorporacion_verificada":false,"validacion_pgr_dgii":"pendiente"}},{"type":"Feature","geometry":{"type":"Point","coordinates":[-69.888945,18.4714331]},"properties":{"id":"IGL-OSM-WAY-318766929","nombre":"Capilla San Andrés","categoria":"Iglesias debidamente incorporadas - candidatas","religion":"christian","denominacion":"catholic","direccion":"Calle Arzobispo Nouel","ciudad":"","municipio":"","provincia":"","telefono":"","website":"","osm_type":"way","osm_id":318766929,"osm_url":"https://www.openstreetmap.org/way/318766929","fuente":"OpenStreetMap","validada":false,"incorporada":"pendiente","incorporacion_verificada":false,"validacion_pgr_dgii":"pendiente"}},{"type":"Feature","geometry":{"type":"Point","coordinates":[-69.9380936,18.5306584]},"properties":{"id":"IGL-OSM-WAY-1184627762","nombre":"Capilla San Esteban","categoria":"Iglesias debidamente incorporadas - candidatas","religion":"christian","denominacion":"roman_catholic","direccion":"","ciudad":"","municipio":"","provincia":"","telefono":"","website":"","osm_type":"way","osm_id":1184627762,"osm_url":"https://www.openstreetmap.org/way/1184627762","fuente":"OpenStreetMap","validada":false,"incorporada":"pendiente","incorporacion_verificada":false,"validacion_pgr_dgii":"pendiente"}},{"type":"Feature","geometry":{"type":"Point","coordinates":[-69.9409705,18.5368418]},"properties":{"id":"IGL-OSM-WAY-626918446","nombre":"Capilla San Francisco - Iglesia Católica","categoria":"Iglesias debidamente incorporadas - candidatas","religion":"","denominacion":"","direccion":"","ciudad":"","municipio":"","provincia":"","telefono":"","website":"","osm_type":"way","osm_id":626918446,"osm_url":"https://www.openstreetmap.org/way/626918446","fuente":"OpenStreetMap","validada":false,"incorporada":"pendiente","incorporacion_verificada":false,"validacion_pgr_dgii":"pendiente"}},{"type":"Feature","geometry":{"type":"Point","coordinates":[-70.5505271,19.3385498]},"properties":{"id":"IGL-OSM-NODE-2339264266","nombre":"Capilla San Francisco de Asis","categoria":"Iglesias debidamente incorporadas - candidatas","religion":"","denominacion":"","direccion":"","ciudad":"","municipio":"","provincia":"","telefono":"","website":"","osm_type":"node","osm_id":2339264266,"osm_url":"https://www.openstreetmap.org/node/2339264266","fuente":"OpenStreetMap","validada":false,"incorporada":"pendiente","incorporacion_verificada":false,"validacion_pgr_dgii":"pendiente"}},{"type":"Feature","geometry":{"type":"Point","coordinates":[-69.9102821,18.5313739]},"properties":{"id":"IGL-OSM-WAY-408684106","nombre":"Capilla San Francisco de Sale","categoria":"Iglesias debidamente incorporadas - candidatas","religion":"christian","denominacion":"","direccion":"Calle Primera Casa Vieja","ciudad":"","municipio":"","provincia":"","telefono":"","website":"","osm_type":"way","osm_id":408684106,"osm_url":"https://www.openstreetmap.org/way/408684106","fuente":"OpenStreetMap","validada":false,"incorporada":"pendiente","incorporacion_verificada":false,"validacion_pgr_dgii":"pendiente"}},{"type":"Feature","geometry":{"type":"Point","coordinates":[-70.4235933,18.7112]},"properties":{"id":"IGL-OSM-NODE-6639414085","nombre":"Capilla San Francisco Javier","categoria":"Iglesias debidamente incorporadas - candidatas","religion":"","denominacion":"","direccion":"Piedra Blanca - San José de Ocoa","ciudad":"","municipio":"","provincia":"","telefono":"","website":"","osm_type":"node","osm_id":6639414085,"osm_url":"https://www.openstreetmap.org/node/6639414085","fuente":"OpenStreetMap","validada":false,"incorporada":"pendiente","incorporacion_verificada":false,"validacion_pgr_dgii":"pendiente"}},{"type":"Feature","geometry":{"type":"Point","coordinates":[-70.5847857,19.3608424]},"properties":{"id":"IGL-OSM-NODE-8860897421","nombre":"Capilla San Francisco Javier","categoria":"Iglesias debidamente incorporadas - candidatas","religion":"christian","denominacion":"catholic","direccion":"","ciudad":"","municipio":"","provincia":"","telefono":"","website":"","osm_type":"node","osm_id":8860897421,"osm_url":"https://www.openstreetmap.org/node/8860897421","fuente":"OpenStreetMap","validada":false,"incorporada":"pendiente","incorporacion_verificada":false,"validacion_pgr_dgii":"pendiente"}},{"type":"Feature","geometry":{"type":"Point","coordinates":[-70.3719851,19.2667883]},"properties":{"id":"IGL-OSM-WAY-697266999","nombre":"Capilla San Joaquin","categoria":"Iglesias debidamente incorporadas - candidatas","religion":"","denominacion":"","direccion":"Carretera De Santa Ana","ciudad":"Santa Ana, Villa Tapia","municipio":"","provincia":"","telefono":"","website":"","osm_type":"way","osm_id":697266999,"osm_url":"https://www.openstreetmap.org/way/697266999","fuente":"OpenStreetMap","validada":false,"incorporada":"pendiente","incorporacion_verificada":false,"validacion_pgr_dgii":"pendiente"}},{"type":"Feature","geometry":{"type":"Point","coordinates":[-69.7943551,18.4746589]},"properties":{"id":"IGL-OSM-WAY-410666860","nombre":"Capilla San Jose","categoria":"Iglesias debidamente incorporadas - candidatas","religion":"","denominacion":"","direccion":"Avenida El Eden","ciudad":"","municipio":"","provincia":"","telefono":"","website":"","osm_type":"way","osm_id":410666860,"osm_url":"https://www.openstreetmap.org/way/410666860","fuente":"OpenStreetMap","validada":false,"incorporada":"pendiente","incorporacion_verificada":false,"validacion_pgr_dgii":"pendiente"}},{"type":"Feature","geometry":{"type":"Point","coordinates":[-70.6922082,19.5930716]},"properties":{"id":"IGL-OSM-WAY-761564747","nombre":"Capilla San Jose","categoria":"Iglesias debidamente incorporadas - candidatas","religion":"christian","denominacion":"","direccion":"","ciudad":"","municipio":"","provincia":"","telefono":"","website":"","osm_type":"way","osm_id":761564747,"osm_url":"https://www.openstreetmap.org/way/761564747","fuente":"OpenStreetMap","validada":false,"incorporada":"pendiente","incorporacion_verificada":false,"validacion_pgr_dgii":"pendiente"}},{"type":"Feature","geometry":{"type":"Point","coordinates":[-69.8207074,18.5085018]},"properties":{"id":"IGL-OSM-WAY-999748672","nombre":"Capilla San Jose","categoria":"Iglesias debidamente incorporadas - candidatas","religion":"christian","denominacion":"catholic","direccion":"Calle Pedro Mir","ciudad":"Santo Domingo Este","municipio":"","provincia":"","telefono":"","website":"","osm_type":"way","osm_id":999748672,"osm_url":"https://www.openstreetmap.org/way/999748672","fuente":"OpenStreetMap","validada":false,"incorporada":"pendiente","incorporacion_verificada":false,"validacion_pgr_dgii":"pendiente"}},{"type":"Feature","geometry":{"type":"Point","coordinates":[-70.0890902,18.4311943]},"properties":{"id":"IGL-OSM-NODE-10874201273","nombre":"Capilla San José","categoria":"Iglesias debidamente incorporadas - candidatas","religion":"christian","denominacion":"catholic","direccion":"","ciudad":"","municipio":"","provincia":"","telefono":"","website":"","osm_type":"node","osm_id":10874201273,"osm_url":"https://www.openstreetmap.org/node/10874201273","fuente":"OpenStreetMap","validada":false,"incorporada":"pendiente","incorporacion_verificada":false,"validacion_pgr_dgii":"pendiente"}},{"type":"Feature","geometry":{"type":"Point","coordinates":[-70.6253041,19.3763394]},"properties":{"id":"IGL-OSM-NODE-250797704","nombre":"Capilla San Juan","categoria":"Iglesias debidamente incorporadas - candidatas","religion":"christian","denominacion":"catholic","direccion":"","ciudad":"","municipio":"","provincia":"","telefono":"","website":"","osm_type":"node","osm_id":250797704,"osm_url":"https://www.openstreetmap.org/node/250797704","fuente":"OpenStreetMap","validada":false,"incorporada":"pendiente","incorporacion_verificada":false,"validacion_pgr_dgii":"pendiente"}},{"type":"Feature","geometry":{"type":"Point","coordinates":[-70.3214039,19.355608]},"properties":{"id":"IGL-OSM-NODE-2721600811","nombre":"Capilla San Pedro","categoria":"Iglesias debidamente incorporadas - candidatas","religion":"christian","denominacion":"","direccion":"","ciudad":"","municipio":"","provincia":"","telefono":"","website":"","osm_type":"node","osm_id":2721600811,"osm_url":"https://www.openstreetmap.org/node/2721600811","fuente":"OpenStreetMap","validada":false,"incorporada":"pendiente","incorporacion_verificada":false,"validacion_pgr_dgii":"pendiente"}},{"type":"Feature","geometry":{"type":"Point","coordinates":[-71.2640817,19.3863381]},"properties":{"id":"IGL-OSM-NODE-3715356481","nombre":"Capilla San Pedro","categoria":"Iglesias debidamente incorporadas - candidatas","religion":"christian","denominacion":"roman_catholic","direccion":"Palmarejo","ciudad":"Santiago Rodriguez","municipio":"","provincia":"","telefono":"","website":"","osm_type":"node","osm_id":3715356481,"osm_url":"https://www.openstreetmap.org/node/3715356481","fuente":"OpenStreetMap","validada":false,"incorporada":"pendiente","incorporacion_verificada":false,"validacion_pgr_dgii":"pendiente"}},{"type":"Feature","geometry":{"type":"Point","coordinates":[-71.2640696,19.3863401]},"properties":{"id":"IGL-OSM-WAY-379907504","nombre":"Capilla San Pedro","categoria":"Iglesias debidamente incorporadas - candidatas","religion":"","denominacion":"","direccion":"Palmarejo","ciudad":"Santiago Rodriguez","municipio":"","provincia":"","telefono":"","website":"","osm_type":"way","osm_id":379907504,"osm_url":"https://www.openstreetmap.org/way/379907504","fuente":"OpenStreetMap","validada":false,"incorporada":"pendiente","incorporacion_verificada":false,"validacion_pgr_dgii":"pendiente"}},{"type":"Feature","geometry":{"type":"Point","coordinates":[-70.3375685,19.3536626]},"properties":{"id":"IGL-OSM-NODE-3559971593","nombre":"Capilla San Rafael","categoria":"Iglesias debidamente incorporadas - candidatas","religion":"christian","denominacion":"","direccion":"","ciudad":"","municipio":"","provincia":"","telefono":"","website":"","osm_type":"node","osm_id":3559971593,"osm_url":"https://www.openstreetmap.org/node/3559971593","fuente":"OpenStreetMap","validada":false,"incorporada":"pendiente","incorporacion_verificada":false,"validacion_pgr_dgii":"pendiente"}},{"type":"Feature","geometry":{"type":"Point","coordinates":[-69.954911,18.5562511]},"properties":{"id":"IGL-OSM-WAY-648509773","nombre":"Capilla San Ramón","categoria":"Iglesias debidamente incorporadas - candidatas","religion":"christian","denominacion":"roman_catholic","direccion":"","ciudad":"","municipio":"","provincia":"","telefono":"","website":"","osm_type":"way","osm_id":648509773,"osm_url":"https://www.openstreetmap.org/way/648509773","fuente":"OpenStreetMap","validada":false,"incorporada":"pendiente","incorporacion_verificada":false,"validacion_pgr_dgii":"pendiente"}},{"type":"Feature","geometry":{"type":"Point","coordinates":[-70.6020856,19.4734166]},"properties":{"id":"IGL-OSM-NODE-4285409061","nombre":"Capilla Santa Ana","categoria":"Iglesias debidamente incorporadas - candidatas","religion":"","denominacion":"","direccion":"","ciudad":"","municipio":"","provincia":"","telefono":"","website":"","osm_type":"node","osm_id":4285409061,"osm_url":"https://www.openstreetmap.org/node/4285409061","fuente":"OpenStreetMap","validada":false,"incorporada":"pendiente","incorporacion_verificada":false,"validacion_pgr_dgii":"pendiente"}},{"type":"Feature","geometry":{"type":"Point","coordinates":[-70.6020384,19.4735112]},"properties":{"id":"IGL-OSM-WAY-451990697","nombre":"Capilla Santa Ana","categoria":"Iglesias debidamente incorporadas - candidatas","religion":"christian","denominacion":"catholic","direccion":"","ciudad":"","municipio":"","provincia":"","telefono":"","website":"","osm_type":"way","osm_id":451990697,"osm_url":"https://www.openstreetmap.org/way/451990697","fuente":"OpenStreetMap","validada":false,"incorporada":"pendiente","incorporacion_verificada":false,"validacion_pgr_dgii":"pendiente"}},{"type":"Feature","geometry":{"type":"Point","coordinates":[-69.9383141,18.535579]},"properties":{"id":"IGL-OSM-WAY-1146540184","nombre":"Capilla Santa Clara","categoria":"Iglesias debidamente incorporadas - candidatas","religion":"christian","denominacion":"roman_catholic","direccion":"","ciudad":"","municipio":"","provincia":"","telefono":"","website":"","osm_type":"way","osm_id":1146540184,"osm_url":"https://www.openstreetmap.org/way/1146540184","fuente":"OpenStreetMap","validada":false,"incorporada":"pendiente","incorporacion_verificada":false,"validacion_pgr_dgii":"pendiente"}},{"type":"Feature","geometry":{"type":"Point","coordinates":[-70.6489445,19.455501]},"properties":{"id":"IGL-OSM-NODE-4519796561","nombre":"Capilla Santa María Magdalena de Pazzi","categoria":"Iglesias debidamente incorporadas - candidatas","religion":"christian","denominacion":"catholic","direccion":"","ciudad":"Santiago","municipio":"","provincia":"","telefono":"","website":"","osm_type":"node","osm_id":4519796561,"osm_url":"https://www.openstreetmap.org/node/4519796561","fuente":"OpenStreetMap","validada":false,"incorporada":"pendiente","incorporacion_verificada":false,"validacion_pgr_dgii":"pendiente"}},{"type":"Feature","geometry":{"type":"Point","coordinates":[-70.4539704,19.3419971]},"properties":{"id":"IGL-OSM-NODE-6324414850","nombre":"Capilla Virgen de las Mercedes Palmar Abajo","categoria":"Iglesias debidamente incorporadas - candidatas","religion":"","denominacion":"","direccion":"","ciudad":"","municipio":"","provincia":"","telefono":"","website":"","osm_type":"node","osm_id":6324414850,"osm_url":"https://www.openstreetmap.org/node/6324414850","fuente":"OpenStreetMap","validada":false,"incorporada":"pendiente","incorporacion_verificada":false,"validacion_pgr_dgii":"pendiente"}},{"type":"Feature","geometry":{"type":"Point","coordinates":[-69.9880378,19.2888641]},"properties":{"id":"IGL-OSM-NODE-1899012097","nombre":"Capilla Vuelta Larga","categoria":"Iglesias debidamente incorporadas - candidatas","religion":"christian","denominacion":"catholic","direccion":"","ciudad":"","municipio":"","provincia":"","telefono":"","website":"","osm_type":"node","osm_id":1899012097,"osm_url":"https://www.openstreetmap.org/node/1899012097","fuente":"OpenStreetMap","validada":false,"incorporada":"pendiente","incorporacion_verificada":false,"validacion_pgr_dgii":"pendiente"}},{"type":"Feature","geometry":{"type":"Point","coordinates":[-69.8827495,18.4755106]},"properties":{"id":"IGL-OSM-WAY-364924341","nombre":"Capille de los Remedios","categoria":"Iglesias debidamente incorporadas - candidatas","religion":"christian","denominacion":"catholic","direccion":"","ciudad":"","municipio":"","provincia":"","telefono":"","website":"","osm_type":"way","osm_id":364924341,"osm_url":"https://www.openstreetmap.org/way/364924341","fuente":"OpenStreetMap","validada":false,"incorporada":"pendiente","incorporacion_verificada":false,"validacion_pgr_dgii":"pendiente"}},{"type":"Feature","geometry":{"type":"Point","coordinates":[-69.7530382,18.4802545]},"properties":{"id":"IGL-OSM-NODE-4516373689","nombre":"Casa Arquidiocesana \"Maria de la Altagracia\" (Convivencias Camino Neocatecumenal, Retiros)","categoria":"Iglesias debidamente incorporadas - candidatas","religion":"","denominacion":"","direccion":"Los Palmeros","ciudad":"","municipio":"","provincia":"","telefono":"809-369-1092","website":"","osm_type":"node","osm_id":4516373689,"osm_url":"https://www.openstreetmap.org/node/4516373689","fuente":"OpenStreetMap","validada":false,"incorporada":"pendiente","incorporacion_verificada":false,"validacion_pgr_dgii":"pendiente"}},{"type":"Feature","geometry":{"type":"Point","coordinates":[-70.6899155,19.4670308]},"properties":{"id":"IGL-OSM-NODE-4114612145","nombre":"Casa de Bendicion","categoria":"Iglesias debidamente incorporadas - candidatas","religion":"christian","denominacion":"","direccion":"Avenida Bartolomé Colón","ciudad":"Santiago","municipio":"","provincia":"","telefono":"","website":"","osm_type":"node","osm_id":4114612145,"osm_url":"https://www.openstreetmap.org/node/4114612145","fuente":"OpenStreetMap","validada":false,"incorporada":"pendiente","incorporacion_verificada":false,"validacion_pgr_dgii":"pendiente"}},{"type":"Feature","geometry":{"type":"Point","coordinates":[-69.8395472,18.5167885]},"properties":{"id":"IGL-OSM-NODE-4789250221","nombre":"Casa de Convivencias Sagrada Familia Santa Monica","categoria":"Iglesias debidamente incorporadas - candidatas","religion":"christian","denominacion":"catholic","direccion":"Carretera Mella","ciudad":"Santo Domingo Este","municipio":"","provincia":"","telefono":"","website":"","osm_type":"node","osm_id":4789250221,"osm_url":"https://www.openstreetmap.org/node/4789250221","fuente":"OpenStreetMap","validada":false,"incorporada":"pendiente","incorporacion_verificada":false,"validacion_pgr_dgii":"pendiente"}},{"type":"Feature","geometry":{"type":"Point","coordinates":[-70.3316381,18.2789894]},"properties":{"id":"IGL-OSM-NODE-13825785779","nombre":"Casa de Dios la Hermosa","categoria":"Iglesias debidamente incorporadas - candidatas","religion":"christian","denominacion":"","direccion":"Calle Juan Pablo Duarte","ciudad":"Baní","municipio":"","provincia":"","telefono":"","website":"","osm_type":"node","osm_id":13825785779,"osm_url":"https://www.openstreetmap.org/node/13825785779","fuente":"OpenStreetMap","validada":false,"incorporada":"pendiente","incorporacion_verificada":false,"validacion_pgr_dgii":"pendiente"}},{"type":"Feature","geometry":{"type":"Point","coordinates":[-69.8562577,18.4940997]},"properties":{"id":"IGL-OSM-WAY-320598539","nombre":"Casa de espiritualidad Maria Inmaculada (HNAS. SANCHINAS)","categoria":"Iglesias debidamente incorporadas - candidatas","religion":"christian","denominacion":"catholic","direccion":"Costa Rica","ciudad":"Santo Domingo Este","municipio":"","provincia":"","telefono":"","website":"","osm_type":"way","osm_id":320598539,"osm_url":"https://www.openstreetmap.org/way/320598539","fuente":"OpenStreetMap","validada":false,"incorporada":"pendiente","incorporacion_verificada":false,"validacion_pgr_dgii":"pendiente"}},{"type":"Feature","geometry":{"type":"Point","coordinates":[-69.9396699,18.463718]},"properties":{"id":"IGL-OSM-WAY-628897089","nombre":"Casa de La Anunciacion","categoria":"Iglesias debidamente incorporadas - candidatas","religion":"","denominacion":"","direccion":"Calle Padre Emiliano Tardif 12","ciudad":"Santo Domigo","municipio":"","provincia":"","telefono":"","website":"","osm_type":"way","osm_id":628897089,"osm_url":"https://www.openstreetmap.org/way/628897089","fuente":"OpenStreetMap","validada":false,"incorporada":"pendiente","incorporacion_verificada":false,"validacion_pgr_dgii":"pendiente"}},{"type":"Feature","geometry":{"type":"Point","coordinates":[-68.7120183,18.6165938]},"properties":{"id":"IGL-OSM-NODE-8078244149","nombre":"casa de liberacion y milagros, por amor a las almas","categoria":"Iglesias debidamente incorporadas - candidatas","religion":"christian","denominacion":"","direccion":"","ciudad":"","municipio":"","provincia":"","telefono":"","website":"","osm_type":"node","osm_id":8078244149,"osm_url":"https://www.openstreetmap.org/node/8078244149","fuente":"OpenStreetMap","validada":false,"incorporada":"pendiente","incorporacion_verificada":false,"validacion_pgr_dgii":"pendiente"}},{"type":"Feature","geometry":{"type":"Point","coordinates":[-69.6978845,18.4669751]},"properties":{"id":"IGL-OSM-WAY-410648706","nombre":"Casa de Oracion","categoria":"Iglesias debidamente incorporadas - candidatas","religion":"christian","denominacion":"","direccion":"Calle 5 57","ciudad":"Campo Lindo","municipio":"","provincia":"","telefono":"","website":"","osm_type":"way","osm_id":410648706,"osm_url":"https://www.openstreetmap.org/way/410648706","fuente":"OpenStreetMap","validada":false,"incorporada":"pendiente","incorporacion_verificada":false,"validacion_pgr_dgii":"pendiente"}},{"type":"Feature","geometry":{"type":"Point","coordinates":[-69.9563644,18.4471913]},"properties":{"id":"IGL-OSM-NODE-4725169897","nombre":"Casa de Oracion Dios es Perfecto","categoria":"Iglesias debidamente incorporadas - candidatas","religion":"christian","denominacion":"","direccion":"Paseo de los Profesores","ciudad":"Santo Domingo","municipio":"","provincia":"","telefono":"","website":"","osm_type":"node","osm_id":4725169897,"osm_url":"https://www.openstreetmap.org/node/4725169897","fuente":"OpenStreetMap","validada":false,"incorporada":"pendiente","incorporacion_verificada":false,"validacion_pgr_dgii":"pendiente"}},{"type":"Feature","geometry":{"type":"Point","coordinates":[-69.8215022,18.4769935]},"properties":{"id":"IGL-OSM-NODE-4525889590","nombre":"Casa de Oracion Madre Elisea (Retiros, Convivencias Camino Neocatecumenal)","categoria":"Iglesias debidamente incorporadas - candidatas","religion":"","denominacion":"","direccion":"Respaldo Avenida 10","ciudad":"","municipio":"","provincia":"","telefono":"","website":"","osm_type":"node","osm_id":4525889590,"osm_url":"https://www.openstreetmap.org/node/4525889590","fuente":"OpenStreetMap","validada":false,"incorporada":"pendiente","incorporacion_verificada":false,"validacion_pgr_dgii":"pendiente"}},{"type":"Feature","geometry":{"type":"Point","coordinates":[-69.3063067,18.4669116]},"properties":{"id":"IGL-OSM-NODE-4746784321","nombre":"Casa de restauracion","categoria":"Iglesias debidamente incorporadas - candidatas","religion":"","denominacion":"","direccion":"calle venezuela","ciudad":"","municipio":"","provincia":"","telefono":"8492870396","website":"https://m.facebook.com/profile.php?id=875656302471091","osm_type":"node","osm_id":4746784321,"osm_url":"https://www.openstreetmap.org/node/4746784321","fuente":"OpenStreetMap","validada":false,"incorporada":"pendiente","incorporacion_verificada":false,"validacion_pgr_dgii":"pendiente"}},{"type":"Feature","geometry":{"type":"Point","coordinates":[-68.7334566,18.6257508]},"properties":{"id":"IGL-OSM-WAY-864492046","nombre":"Casa de Restauracion","categoria":"Iglesias debidamente incorporadas - candidatas","religion":"christian","denominacion":"","direccion":"","ciudad":"","municipio":"","provincia":"","telefono":"","website":"","osm_type":"way","osm_id":864492046,"osm_url":"https://www.openstreetmap.org/way/864492046","fuente":"OpenStreetMap","validada":false,"incorporada":"pendiente","incorporacion_verificada":false,"validacion_pgr_dgii":"pendiente"}},{"type":"Feature","geometry":{"type":"Point","coordinates":[-69.3065642,18.4677342]},"properties":{"id":"IGL-OSM-NODE-4749995423","nombre":"Casa de restauracion Yhawe-tike-nu","categoria":"Iglesias debidamente incorporadas - candidatas","religion":"","denominacion":"","direccion":"calle Venezuela","ciudad":"","municipio":"","provincia":"","telefono":"8293044982","website":"https://m.facebook.com/profile.php?id=875656302471091","osm_type":"node","osm_id":4749995423,"osm_url":"https://www.openstreetmap.org/node/4749995423","fuente":"OpenStreetMap","validada":false,"incorporada":"pendiente","incorporacion_verificada":false,"validacion_pgr_dgii":"pendiente"}},{"type":"Feature","geometry":{"type":"Point","coordinates":[-69.9543623,18.4492696]},"properties":{"id":"IGL-OSM-NODE-4717579253","nombre":"Casa de Retiro","categoria":"Iglesias debidamente incorporadas - candidatas","religion":"christian","denominacion":"","direccion":"Avenida Rómulo Betancourt","ciudad":"Santo Domingo","municipio":"","provincia":"","telefono":"","website":"","osm_type":"node","osm_id":4717579253,"osm_url":"https://www.openstreetmap.org/node/4717579253","fuente":"OpenStreetMap","validada":false,"incorporada":"pendiente","incorporacion_verificada":false,"validacion_pgr_dgii":"pendiente"}},{"type":"Feature","geometry":{"type":"Point","coordinates":[-70.2776913,19.3066682]},"properties":{"id":"IGL-OSM-NODE-2787975597","nombre":"Casa del Sacerdote","categoria":"Iglesias debidamente incorporadas - candidatas","religion":"","denominacion":"","direccion":"Avenida Presidente Caamaño","ciudad":"San Francisco de Macoris","municipio":"","provincia":"","telefono":"","website":"","osm_type":"node","osm_id":2787975597,"osm_url":"https://www.openstreetmap.org/node/2787975597","fuente":"OpenStreetMap","validada":false,"incorporada":"pendiente","incorporacion_verificada":false,"validacion_pgr_dgii":"pendiente"}},{"type":"Feature","geometry":{"type":"Point","coordinates":[-70.6695095,19.4461553]},"properties":{"id":"IGL-OSM-WAY-407800300","nombre":"Casa Divina Providencia","categoria":"Iglesias debidamente incorporadas - candidatas","religion":"christian","denominacion":"catholic","direccion":"Calle 13 33","ciudad":"Santiago de los caballeros","municipio":"","provincia":"","telefono":"","website":"","osm_type":"way","osm_id":407800300,"osm_url":"https://www.openstreetmap.org/way/407800300","fuente":"OpenStreetMap","validada":false,"incorporada":"pendiente","incorporacion_verificada":false,"validacion_pgr_dgii":"pendiente"}},{"type":"Feature","geometry":{"type":"Point","coordinates":[-70.6761919,19.4143375]},"properties":{"id":"IGL-OSM-WAY-310491694","nombre":"Casa Sacerdotal Matanzas Nº 21","categoria":"Iglesias debidamente incorporadas - candidatas","religion":"","denominacion":"","direccion":"","ciudad":"","municipio":"","provincia":"","telefono":"","website":"","osm_type":"way","osm_id":310491694,"osm_url":"https://www.openstreetmap.org/way/310491694","fuente":"OpenStreetMap","validada":false,"incorporada":"pendiente","incorporacion_verificada":false,"validacion_pgr_dgii":"pendiente"}},{"type":"Feature","geometry":{"type":"Point","coordinates":[-69.9971336,18.484815]},"properties":{"id":"IGL-OSM-WAY-213547661","nombre":"Casita de la Divina Misericordia","categoria":"Iglesias debidamente incorporadas - candidatas","religion":"christian","denominacion":"roman_catholic","direccion":"Calle 2 13","ciudad":"Santo Domingo Oeste","municipio":"","provincia":"","telefono":"809-379-1457","website":"https://casitadeladivinamisericordia.org/","osm_type":"way","osm_id":213547661,"osm_url":"https://www.openstreetmap.org/way/213547661","fuente":"OpenStreetMap","validada":false,"incorporada":"pendiente","incorporacion_verificada":false,"validacion_pgr_dgii":"pendiente"}},{"type":"Feature","geometry":{"type":"Point","coordinates":[-69.2954014,18.4542406]},"properties":{"id":"IGL-OSM-NODE-4955274531","nombre":"Catedral de San Pedro","categoria":"Iglesias debidamente incorporadas - candidatas","religion":"christian","denominacion":"","direccion":"","ciudad":"San Pedro De Macoris","municipio":"","provincia":"","telefono":"","website":"","osm_type":"node","osm_id":4955274531,"osm_url":"https://www.openstreetmap.org/node/4955274531","fuente":"OpenStreetMap","validada":false,"incorporada":"pendiente","incorporacion_verificada":false,"validacion_pgr_dgii":"pendiente"}},{"type":"Feature","geometry":{"type":"Point","coordinates":[-70.5327969,19.2240214]},"properties":{"id":"IGL-OSM-WAY-222966238","nombre":"Catedral La Vega","categoria":"Iglesias debidamente incorporadas - candidatas","religion":"christian","denominacion":"catholic","direccion":"","ciudad":"","municipio":"","provincia":"","telefono":"","website":"","osm_type":"way","osm_id":222966238,"osm_url":"https://www.openstreetmap.org/way/222966238","fuente":"OpenStreetMap","validada":false,"incorporada":"pendiente","incorporacion_verificada":false,"validacion_pgr_dgii":"pendiente"}},{"type":"Feature","geometry":{"type":"Point","coordinates":[-71.2325685,18.8076336]},"properties":{"id":"IGL-OSM-WAY-329792633","nombre":"Catedral San Juan Bautista","categoria":"Iglesias debidamente incorporadas - candidatas","religion":"christian","denominacion":"roman_catholic","direccion":"Calle Trinitaria","ciudad":"San Juan de la Maguana","municipio":"","provincia":"","telefono":"","website":"","osm_type":"way","osm_id":329792633,"osm_url":"https://www.openstreetmap.org/way/329792633","fuente":"OpenStreetMap","validada":false,"incorporada":"pendiente","incorporacion_verificada":false,"validacion_pgr_dgii":"pendiente"}},{"type":"Feature","geometry":{"type":"Point","coordinates":[-69.3108457,18.4526734]},"properties":{"id":"IGL-OSM-WAY-246753931","nombre":"Catedral San Pedro Apóstol","categoria":"Iglesias debidamente incorporadas - candidatas","religion":"christian","denominacion":"catholic","direccion":"","ciudad":"San Pedro de Macorís","municipio":"","provincia":"","telefono":"","website":"","osm_type":"way","osm_id":246753931,"osm_url":"https://www.openstreetmap.org/way/246753931","fuente":"OpenStreetMap","validada":false,"incorporada":"pendiente","incorporacion_verificada":false,"validacion_pgr_dgii":"pendiente"}},{"type":"Feature","geometry":{"type":"Point","coordinates":[-70.7066155,19.4502353]},"properties":{"id":"IGL-OSM-WAY-31796421","nombre":"Catedral Santiago Apostol","categoria":"Iglesias debidamente incorporadas - candidatas","religion":"christian","denominacion":"catholic","direccion":"","ciudad":"","municipio":"","provincia":"","telefono":"","website":"","osm_type":"way","osm_id":31796421,"osm_url":"https://www.openstreetmap.org/way/31796421","fuente":"OpenStreetMap","validada":false,"incorporada":"pendiente","incorporacion_verificada":false,"validacion_pgr_dgii":"pendiente"}},{"type":"Feature","geometry":{"type":"Point","coordinates":[-70.2982544,19.2672346]},"properties":{"id":"IGL-OSM-NODE-6371460679","nombre":"Centro Biblico Charis","categoria":"Iglesias debidamente incorporadas - candidatas","religion":"","denominacion":"","direccion":"","ciudad":"","municipio":"","provincia":"","telefono":"","website":"","osm_type":"node","osm_id":6371460679,"osm_url":"https://www.openstreetmap.org/node/6371460679","fuente":"OpenStreetMap","validada":false,"incorporada":"pendiente","incorporacion_verificada":false,"validacion_pgr_dgii":"pendiente"}},{"type":"Feature","geometry":{"type":"Point","coordinates":[-70.7185249,19.420431]},"properties":{"id":"IGL-OSM-WAY-1318513683","nombre":"Centro Católico Carismático","categoria":"Iglesias debidamente incorporadas - candidatas","religion":"","denominacion":"","direccion":"","ciudad":"","municipio":"","provincia":"","telefono":"","website":"","osm_type":"way","osm_id":1318513683,"osm_url":"https://www.openstreetmap.org/way/1318513683","fuente":"OpenStreetMap","validada":false,"incorporada":"pendiente","incorporacion_verificada":false,"validacion_pgr_dgii":"pendiente"}},{"type":"Feature","geometry":{"type":"Point","coordinates":[-70.5210507,19.2263759]},"properties":{"id":"IGL-OSM-NODE-1673888492","nombre":"Centro Conferencial Cristiano","categoria":"Iglesias debidamente incorporadas - candidatas","religion":"christian","denominacion":"","direccion":"","ciudad":"","municipio":"","provincia":"","telefono":"","website":"","osm_type":"node","osm_id":1673888492,"osm_url":"https://www.openstreetmap.org/node/1673888492","fuente":"OpenStreetMap","validada":false,"incorporada":"pendiente","incorporacion_verificada":false,"validacion_pgr_dgii":"pendiente"}},{"type":"Feature","geometry":{"type":"Point","coordinates":[-70.7060619,19.4706061]},"properties":{"id":"IGL-OSM-WAY-410322403","nombre":"Centro Cristiano Generacion Escogida","categoria":"Iglesias debidamente incorporadas - candidatas","religion":"christian","denominacion":"","direccion":"Camino Del Ejido","ciudad":"Santiago","municipio":"","provincia":"","telefono":"","website":"","osm_type":"way","osm_id":410322403,"osm_url":"https://www.openstreetmap.org/way/410322403","fuente":"OpenStreetMap","validada":false,"incorporada":"pendiente","incorporacion_verificada":false,"validacion_pgr_dgii":"pendiente"}},{"type":"Feature","geometry":{"type":"Point","coordinates":[-69.8489629,18.46983]},"properties":{"id":"IGL-OSM-NODE-5093312021","nombre":"Centro de adoración Rey Jesús","categoria":"Iglesias debidamente incorporadas - candidatas","religion":"","denominacion":"","direccion":"","ciudad":"","municipio":"","provincia":"","telefono":"","website":"","osm_type":"node","osm_id":5093312021,"osm_url":"https://www.openstreetmap.org/node/5093312021","fuente":"OpenStreetMap","validada":false,"incorporada":"pendiente","incorporacion_verificada":false,"validacion_pgr_dgii":"pendiente"}},{"type":"Feature","geometry":{"type":"Point","coordinates":[-71.8497491,18.4937958]},"properties":{"id":"IGL-OSM-NODE-5787923162","nombre":"Centro de Restauracion & Adoracion Maranatha","categoria":"Iglesias debidamente incorporadas - candidatas","religion":"christian","denominacion":"","direccion":"","ciudad":"","municipio":"","provincia":"","telefono":"+18295682580","website":"","osm_type":"node","osm_id":5787923162,"osm_url":"https://www.openstreetmap.org/node/5787923162","fuente":"OpenStreetMap","validada":false,"incorporada":"pendiente","incorporacion_verificada":false,"validacion_pgr_dgii":"pendiente"}},{"type":"Feature","geometry":{"type":"Point","coordinates":[-69.9512603,18.4765738]},"properties":{"id":"IGL-OSM-NODE-3805863817","nombre":"Centro del Altisimo","categoria":"Iglesias debidamente incorporadas - candidatas","religion":"christian","denominacion":"evangelical","direccion":"Avenida Charles Summer","ciudad":"Santo Domingo","municipio":"","provincia":"","telefono":"","website":"","osm_type":"node","osm_id":3805863817,"osm_url":"https://www.openstreetmap.org/node/3805863817","fuente":"OpenStreetMap","validada":false,"incorporada":"pendiente","incorporacion_verificada":false,"validacion_pgr_dgii":"pendiente"}},{"type":"Feature","geometry":{"type":"Point","coordinates":[-69.8997205,18.5520325]},"properties":{"id":"IGL-OSM-WAY-409585062","nombre":"Centro Parroquial Unión y Esperanza","categoria":"Iglesias debidamente incorporadas - candidatas","religion":"christian","denominacion":"","direccion":"Ramon Matias Mella","ciudad":"","municipio":"","provincia":"","telefono":"","website":"","osm_type":"way","osm_id":409585062,"osm_url":"https://www.openstreetmap.org/way/409585062","fuente":"OpenStreetMap","validada":false,"incorporada":"pendiente","incorporacion_verificada":false,"validacion_pgr_dgii":"pendiente"}},{"type":"Feature","geometry":{"type":"Point","coordinates":[-70.6848023,19.451307]},"properties":{"id":"IGL-OSM-WAY-410311089","nombre":"Comunidad Cristiana de Santiago","categoria":"Iglesias debidamente incorporadas - candidatas","religion":"christian","denominacion":"","direccion":"","ciudad":"","municipio":"","provincia":"","telefono":"","website":"","osm_type":"way","osm_id":410311089,"osm_url":"https://www.openstreetmap.org/way/410311089","fuente":"OpenStreetMap","validada":false,"incorporada":"pendiente","incorporacion_verificada":false,"validacion_pgr_dgii":"pendiente"}},{"type":"Feature","geometry":{"type":"Point","coordinates":[-69.6473056,18.4506001]},"properties":{"id":"IGL-OSM-WAY-408962071","nombre":"Concilio Cruzada Evangelica Misionera","categoria":"Iglesias debidamente incorporadas - candidatas","religion":"christian","denominacion":"","direccion":"Calle Solomé Ureña","ciudad":"André","municipio":"","provincia":"","telefono":"","website":"","osm_type":"way","osm_id":408962071,"osm_url":"https://www.openstreetmap.org/way/408962071","fuente":"OpenStreetMap","validada":false,"incorporada":"pendiente","incorporacion_verificada":false,"validacion_pgr_dgii":"pendiente"}},{"type":"Feature","geometry":{"type":"Point","coordinates":[-69.9535154,18.4501877]},"properties":{"id":"IGL-OSM-WAY-463332524","nombre":"Conferencia del Episcopado Dominicano","categoria":"Iglesias debidamente incorporadas - candidatas","religion":"","denominacion":"","direccion":"Avenida Rómulo Betancourt","ciudad":"Santo Domingo","municipio":"","provincia":"","telefono":"","website":"","osm_type":"way","osm_id":463332524,"osm_url":"https://www.openstreetmap.org/way/463332524","fuente":"OpenStreetMap","validada":false,"incorporada":"pendiente","incorporacion_verificada":false,"validacion_pgr_dgii":"pendiente"}},{"type":"Feature","geometry":{"type":"Point","coordinates":[-70.689636,19.4602993]},"properties":{"id":"IGL-OSM-WAY-411429072","nombre":"Congregacion Metodista Libre Casade Fe, Incorporated","categoria":"Iglesias debidamente incorporadas - candidatas","religion":"christian","denominacion":"methodist","direccion":"Avenida 27 de Febrero","ciudad":"Santiago de los Caballeros","municipio":"","provincia":"","telefono":"","website":"","osm_type":"way","osm_id":411429072,"osm_url":"https://www.openstreetmap.org/way/411429072","fuente":"OpenStreetMap","validada":false,"incorporada":"pendiente","incorporacion_verificada":false,"validacion_pgr_dgii":"pendiente"}},{"type":"Feature","geometry":{"type":"Point","coordinates":[-70.6603109,19.454704]},"properties":{"id":"IGL-OSM-WAY-408052796","nombre":"Congregación Bautista, Cristiana","categoria":"Iglesias debidamente incorporadas - candidatas","religion":"christian","denominacion":"","direccion":"Carretera Licey al Medio","ciudad":"Santiago","municipio":"","provincia":"","telefono":"","website":"","osm_type":"way","osm_id":408052796,"osm_url":"https://www.openstreetmap.org/way/408052796","fuente":"OpenStreetMap","validada":false,"incorporada":"pendiente","incorporacion_verificada":false,"validacion_pgr_dgii":"pendiente"}},{"type":"Feature","geometry":{"type":"Point","coordinates":[-70.6779755,19.4579959]},"properties":{"id":"IGL-OSM-NODE-4404552589","nombre":"Congregación Cristiana","categoria":"Iglesias debidamente incorporadas - candidatas","religion":"","denominacion":"","direccion":"","ciudad":"","municipio":"","provincia":"","telefono":"","website":"","osm_type":"node","osm_id":4404552589,"osm_url":"https://www.openstreetmap.org/node/4404552589","fuente":"OpenStreetMap","validada":false,"incorporada":"pendiente","incorporacion_verificada":false,"validacion_pgr_dgii":"pendiente"}},{"type":"Feature","geometry":{"type":"Point","coordinates":[-70.718367,19.4864163]},"properties":{"id":"IGL-OSM-WAY-408116135","nombre":"Congregación Cristiana Eligidos del Rey","categoria":"Iglesias debidamente incorporadas - candidatas","religion":"christian","denominacion":"","direccion":"","ciudad":"","municipio":"","provincia":"","telefono":"","website":"","osm_type":"way","osm_id":408116135,"osm_url":"https://www.openstreetmap.org/way/408116135","fuente":"OpenStreetMap","validada":false,"incorporada":"pendiente","incorporacion_verificada":false,"validacion_pgr_dgii":"pendiente"}},{"type":"Feature","geometry":{"type":"Point","coordinates":[-70.6044093,19.3460784]},"properties":{"id":"IGL-OSM-NODE-13902759419","nombre":"Congregación Cristiana La Torre CCT","categoria":"Iglesias debidamente incorporadas - candidatas","religion":"christian","denominacion":"","direccion":"","ciudad":"","municipio":"","provincia":"","telefono":"","website":"","osm_type":"node","osm_id":13902759419,"osm_url":"https://www.openstreetmap.org/node/13902759419","fuente":"OpenStreetMap","validada":false,"incorporada":"pendiente","incorporacion_verificada":false,"validacion_pgr_dgii":"pendiente"}},{"type":"Feature","geometry":{"type":"Point","coordinates":[-69.8851839,18.4714033]},"properties":{"id":"IGL-OSM-WAY-318766933","nombre":"Convento de la Orden de Predicadores de América","categoria":"Iglesias debidamente incorporadas - candidatas","religion":"christian","denominacion":"catholic","direccion":"","ciudad":"","municipio":"","provincia":"","telefono":"","website":"","osm_type":"way","osm_id":318766933,"osm_url":"https://www.openstreetmap.org/way/318766933","fuente":"OpenStreetMap","validada":false,"incorporada":"pendiente","incorporacion_verificada":false,"validacion_pgr_dgii":"pendiente"}},{"type":"Feature","geometry":{"type":"Point","coordinates":[-69.9071908,18.4884015]},"properties":{"id":"IGL-OSM-WAY-303178986","nombre":"Corazón de Jesús","categoria":"Iglesias debidamente incorporadas - candidatas","religion":"christian","denominacion":"catholic","direccion":"","ciudad":"","municipio":"","provincia":"","telefono":"","website":"","osm_type":"way","osm_id":303178986,"osm_url":"https://www.openstreetmap.org/way/303178986","fuente":"OpenStreetMap","validada":false,"incorporada":"pendiente","incorporacion_verificada":false,"validacion_pgr_dgii":"pendiente"}},{"type":"Feature","geometry":{"type":"Point","coordinates":[-69.8737069,18.5083528]},"properties":{"id":"IGL-OSM-WAY-477207789","nombre":"Cruzada Evangelica Misionera","categoria":"Iglesias debidamente incorporadas - candidatas","religion":"christian","denominacion":"","direccion":"","ciudad":"","municipio":"","provincia":"","telefono":"","website":"","osm_type":"way","osm_id":477207789,"osm_url":"https://www.openstreetmap.org/way/477207789","fuente":"OpenStreetMap","validada":false,"incorporada":"pendiente","incorporacion_verificada":false,"validacion_pgr_dgii":"pendiente"}},{"type":"Feature","geometry":{"type":"Point","coordinates":[-70.7286678,19.4738148]},"properties":{"id":"IGL-OSM-NODE-10633915013","nombre":"Cuasi Parroquia San Jerónimo","categoria":"Iglesias debidamente incorporadas - candidatas","religion":"christian","denominacion":"catholic","direccion":"","ciudad":"","municipio":"","provincia":"","telefono":"","website":"","osm_type":"node","osm_id":10633915013,"osm_url":"https://www.openstreetmap.org/node/10633915013","fuente":"OpenStreetMap","validada":false,"incorporada":"pendiente","incorporacion_verificada":false,"validacion_pgr_dgii":"pendiente"}},{"type":"Feature","geometry":{"type":"Point","coordinates":[-69.6944253,18.4611662]},"properties":{"id":"IGL-OSM-WAY-410652645","nombre":"D'Paca Jehova es mi Pastor","categoria":"Iglesias debidamente incorporadas - candidatas","religion":"christian","denominacion":"","direccion":"Maria Trinidad Sanchez","ciudad":"Campo Lindo","municipio":"","provincia":"","telefono":"","website":"","osm_type":"way","osm_id":410652645,"osm_url":"https://www.openstreetmap.org/way/410652645","fuente":"OpenStreetMap","validada":false,"incorporada":"pendiente","incorporacion_verificada":false,"validacion_pgr_dgii":"pendiente"}},{"type":"Feature","geometry":{"type":"Point","coordinates":[-69.8879801,18.4777522]},"properties":{"id":"IGL-OSM-WAY-406660704","nombre":"Dios Es Amor","categoria":"Iglesias debidamente incorporadas - candidatas","religion":"christian","denominacion":"","direccion":"","ciudad":"","municipio":"","provincia":"","telefono":"","website":"","osm_type":"way","osm_id":406660704,"osm_url":"https://www.openstreetmap.org/way/406660704","fuente":"OpenStreetMap","validada":false,"incorporada":"pendiente","incorporacion_verificada":false,"validacion_pgr_dgii":"pendiente"}},{"type":"Feature","geometry":{"type":"Point","coordinates":[-70.109541,19.1827491]},"properties":{"id":"IGL-OSM-NODE-3458004339","nombre":"Eglesia pimentel","categoria":"Iglesias debidamente incorporadas - candidatas","religion":"","denominacion":"","direccion":"Colon","ciudad":"Pimentel","municipio":"","provincia":"","telefono":"","website":"","osm_type":"node","osm_id":3458004339,"osm_url":"https://www.openstreetmap.org/node/3458004339","fuente":"OpenStreetMap","validada":false,"incorporada":"pendiente","incorporacion_verificada":false,"validacion_pgr_dgii":"pendiente"}},{"type":"Feature","geometry":{"type":"Point","coordinates":[-70.3177193,18.8445]},"properties":{"id":"IGL-OSM-NODE-2361652470","nombre":"El Buen Pastor","categoria":"Iglesias debidamente incorporadas - candidatas","religion":"christian","denominacion":"","direccion":"","ciudad":"","municipio":"","provincia":"","telefono":"","website":"","osm_type":"node","osm_id":2361652470,"osm_url":"https://www.openstreetmap.org/node/2361652470","fuente":"OpenStreetMap","validada":false,"incorporada":"pendiente","incorporacion_verificada":false,"validacion_pgr_dgii":"pendiente"}},{"type":"Feature","geometry":{"type":"Point","coordinates":[-69.9389764,18.4804039]},"properties":{"id":"IGL-OSM-WAY-220530934","nombre":"El Calvario","categoria":"Iglesias debidamente incorporadas - candidatas","religion":"christian","denominacion":"pentecostal","direccion":"","ciudad":"","municipio":"","provincia":"","telefono":"","website":"","osm_type":"way","osm_id":220530934,"osm_url":"https://www.openstreetmap.org/way/220530934","fuente":"OpenStreetMap","validada":false,"incorporada":"pendiente","incorporacion_verificada":false,"validacion_pgr_dgii":"pendiente"}},{"type":"Feature","geometry":{"type":"Point","coordinates":[-70.2554777,19.2950801]},"properties":{"id":"IGL-OSM-NODE-4624470605","nombre":"Empleate Ya!","categoria":"Iglesias debidamente incorporadas - candidatas","religion":"","denominacion":"","direccion":"Salcedo","ciudad":"","municipio":"","provincia":"","telefono":"8099825051","website":"","osm_type":"node","osm_id":4624470605,"osm_url":"https://www.openstreetmap.org/node/4624470605","fuente":"OpenStreetMap","validada":false,"incorporada":"pendiente","incorporacion_verificada":false,"validacion_pgr_dgii":"pendiente"}},{"type":"Feature","geometry":{"type":"Point","coordinates":[-70.5175919,19.0285651]},"properties":{"id":"IGL-OSM-WAY-435011890","nombre":"Ermita Casabito","categoria":"Iglesias debidamente incorporadas - candidatas","religion":"christian","denominacion":"roman_catholic","direccion":"","ciudad":"","municipio":"","provincia":"","telefono":"","website":"","osm_type":"way","osm_id":435011890,"osm_url":"https://www.openstreetmap.org/way/435011890","fuente":"OpenStreetMap","validada":false,"incorporada":"pendiente","incorporacion_verificada":false,"validacion_pgr_dgii":"pendiente"}},{"type":"Feature","geometry":{"type":"Point","coordinates":[-70.1196299,18.411374]},"properties":{"id":"IGL-OSM-WAY-410301501","nombre":"Faro de Vida","categoria":"Iglesias debidamente incorporadas - candidatas","religion":"christian","denominacion":"evangelical","direccion":"Peaton A","ciudad":"San Cristóbal","municipio":"","provincia":"","telefono":"","website":"","osm_type":"way","osm_id":410301501,"osm_url":"https://www.openstreetmap.org/way/410301501","fuente":"OpenStreetMap","validada":false,"incorporada":"pendiente","incorporacion_verificada":false,"validacion_pgr_dgii":"pendiente"}},{"type":"Feature","geometry":{"type":"Point","coordinates":[-69.8899724,18.4889313]},"properties":{"id":"IGL-OSM-NODE-4147847435","nombre":"Filosofado jesuita","categoria":"Iglesias debidamente incorporadas - candidatas","religion":"","denominacion":"","direccion":"82","ciudad":"","municipio":"","provincia":"","telefono":"","website":"","osm_type":"node","osm_id":4147847435,"osm_url":"https://www.openstreetmap.org/node/4147847435","fuente":"OpenStreetMap","validada":false,"incorporada":"pendiente","incorporacion_verificada":false,"validacion_pgr_dgii":"pendiente"}},{"type":"Feature","geometry":{"type":"Point","coordinates":[-69.9108712,18.4684377]},"properties":{"id":"IGL-OSM-NODE-8038669978","nombre":"Fundacion JBR","categoria":"Iglesias debidamente incorporadas - candidatas","religion":"","denominacion":"","direccion":"","ciudad":"","municipio":"","provincia":"","telefono":"","website":"","osm_type":"node","osm_id":8038669978,"osm_url":"https://www.openstreetmap.org/node/8038669978","fuente":"OpenStreetMap","validada":false,"incorporada":"pendiente","incorporacion_verificada":false,"validacion_pgr_dgii":"pendiente"}},{"type":"Feature","geometry":{"type":"Point","coordinates":[-69.9108825,18.4684355]},"properties":{"id":"IGL-OSM-WAY-862902654","nombre":"Fundacion JBR","categoria":"Iglesias debidamente incorporadas - candidatas","religion":"","denominacion":"","direccion":"","ciudad":"","municipio":"","provincia":"","telefono":"","website":"","osm_type":"way","osm_id":862902654,"osm_url":"https://www.openstreetmap.org/way/862902654","fuente":"OpenStreetMap","validada":false,"incorporada":"pendiente","incorporacion_verificada":false,"validacion_pgr_dgii":"pendiente"}},{"type":"Feature","geometry":{"type":"Point","coordinates":[-70.7056687,19.4565342]},"properties":{"id":"IGL-OSM-NODE-4244619490","nombre":"Funeraria Blandino","categoria":"Iglesias debidamente incorporadas - candidatas","religion":"","denominacion":"","direccion":"","ciudad":"","municipio":"","provincia":"","telefono":"","website":"","osm_type":"node","osm_id":4244619490,"osm_url":"https://www.openstreetmap.org/node/4244619490","fuente":"OpenStreetMap","validada":false,"incorporada":"pendiente","incorporacion_verificada":false,"validacion_pgr_dgii":"pendiente"}},{"type":"Feature","geometry":{"type":"Point","coordinates":[-70.3521774,19.3719245]},"properties":{"id":"IGL-OSM-NODE-2735690624","nombre":"Funeraria Municipal","categoria":"Iglesias debidamente incorporadas - candidatas","religion":"christian","denominacion":"","direccion":"","ciudad":"","municipio":"","provincia":"","telefono":"","website":"","osm_type":"node","osm_id":2735690624,"osm_url":"https://www.openstreetmap.org/node/2735690624","fuente":"OpenStreetMap","validada":false,"incorporada":"pendiente","incorporacion_verificada":false,"validacion_pgr_dgii":"pendiente"}},{"type":"Feature","geometry":{"type":"Point","coordinates":[-70.6217991,19.5930847]},"properties":{"id":"IGL-OSM-NODE-2613008696","nombre":"FUSIMAÑA","categoria":"Iglesias debidamente incorporadas - candidatas","religion":"christian","denominacion":"catholic","direccion":"","ciudad":"","municipio":"","provincia":"","telefono":"","website":"","osm_type":"node","osm_id":2613008696,"osm_url":"https://www.openstreetmap.org/node/2613008696","fuente":"OpenStreetMap","validada":false,"incorporada":"pendiente","incorporacion_verificada":false,"validacion_pgr_dgii":"pendiente"}},{"type":"Feature","geometry":{"type":"Point","coordinates":[-68.714001,18.6199109]},"properties":{"id":"IGL-OSM-NODE-12072191867","nombre":"IDMP CENTRAL \"La Nueva Jerusalén\"","categoria":"Iglesias debidamente incorporadas - candidatas","religion":"christian","denominacion":"pentecostal","direccion":"Victoriano Pepén 91","ciudad":"Higüey","municipio":"","provincia":"","telefono":"","website":"","osm_type":"node","osm_id":12072191867,"osm_url":"https://www.openstreetmap.org/node/12072191867","fuente":"OpenStreetMap","validada":false,"incorporada":"pendiente","incorporacion_verificada":false,"validacion_pgr_dgii":"pendiente"}},{"type":"Feature","geometry":{"type":"Point","coordinates":[-68.6967203,18.6403984]},"properties":{"id":"IGL-OSM-WAY-1303808424","nombre":"IDMP Fuego Divino","categoria":"Iglesias debidamente incorporadas - candidatas","religion":"","denominacion":"","direccion":"Calle 31","ciudad":"","municipio":"","provincia":"","telefono":"","website":"","osm_type":"way","osm_id":1303808424,"osm_url":"https://www.openstreetmap.org/way/1303808424","fuente":"OpenStreetMap","validada":false,"incorporada":"pendiente","incorporacion_verificada":false,"validacion_pgr_dgii":"pendiente"}},{"type":"Feature","geometry":{"type":"Point","coordinates":[-68.622575,18.4886117]},"properties":{"id":"IGL-OSM-WAY-482847878","nombre":"IDN Batey Maragua","categoria":"Iglesias debidamente incorporadas - candidatas","religion":"","denominacion":"","direccion":"","ciudad":"","municipio":"","provincia":"","telefono":"","website":"","osm_type":"way","osm_id":482847878,"osm_url":"https://www.openstreetmap.org/way/482847878","fuente":"OpenStreetMap","validada":false,"incorporada":"pendiente","incorporacion_verificada":false,"validacion_pgr_dgii":"pendiente"}},{"type":"Feature","geometry":{"type":"Point","coordinates":[-68.6982722,18.6361003]},"properties":{"id":"IGL-OSM-WAY-1303920236","nombre":"IDP","categoria":"Iglesias debidamente incorporadas - candidatas","religion":"christian","denominacion":"","direccion":"","ciudad":"","municipio":"","provincia":"","telefono":"","website":"","osm_type":"way","osm_id":1303920236,"osm_url":"https://www.openstreetmap.org/way/1303920236","fuente":"OpenStreetMap","validada":false,"incorporada":"pendiente","incorporacion_verificada":false,"validacion_pgr_dgii":"pendiente"}},{"type":"Feature","geometry":{"type":"Point","coordinates":[-68.7116364,18.6036364]},"properties":{"id":"IGL-OSM-WAY-864492103","nombre":"Igleisa Torre Fuerte","categoria":"Iglesias debidamente incorporadas - candidatas","religion":"","denominacion":"","direccion":"","ciudad":"","municipio":"","provincia":"","telefono":"","website":"","osm_type":"way","osm_id":864492103,"osm_url":"https://www.openstreetmap.org/way/864492103","fuente":"OpenStreetMap","validada":false,"incorporada":"pendiente","incorporacion_verificada":false,"validacion_pgr_dgii":"pendiente"}},{"type":"Feature","geometry":{"type":"Point","coordinates":[-69.9420025,18.4591534]},"properties":{"id":"IGL-OSM-WAY-452476917","nombre":"IGLESA SHEKINAH TEMPLO CENTRAL","categoria":"Iglesias debidamente incorporadas - candidatas","religion":"christian","denominacion":"","direccion":"Expreso 27 de Febrero 332","ciudad":"Santo Domingo","municipio":"","provincia":"","telefono":"809-732-0024","website":"","osm_type":"way","osm_id":452476917,"osm_url":"https://www.openstreetmap.org/way/452476917","fuente":"OpenStreetMap","validada":false,"incorporada":"pendiente","incorporacion_verificada":false,"validacion_pgr_dgii":"pendiente"}},{"type":"Feature","geometry":{"type":"Point","coordinates":[-71.5187343,18.7279829]},"properties":{"id":"IGL-OSM-NODE-10690652373","nombre":"iglesia","categoria":"Iglesias debidamente incorporadas - candidatas","religion":"","denominacion":"","direccion":"","ciudad":"","municipio":"","provincia":"","telefono":"","website":"","osm_type":"node","osm_id":10690652373,"osm_url":"https://www.openstreetmap.org/node/10690652373","fuente":"OpenStreetMap","validada":false,"incorporada":"pendiente","incorporacion_verificada":false,"validacion_pgr_dgii":"pendiente"}},{"type":"Feature","geometry":{"type":"Point","coordinates":[-71.0141282,18.8085199]},"properties":{"id":"IGL-OSM-NODE-12044986423","nombre":"iglesia","categoria":"Iglesias debidamente incorporadas - candidatas","religion":"christian","denominacion":"","direccion":"","ciudad":"","municipio":"","provincia":"","telefono":"","website":"","osm_type":"node","osm_id":12044986423,"osm_url":"https://www.openstreetmap.org/node/12044986423","fuente":"OpenStreetMap","validada":false,"incorporada":"pendiente","incorporacion_verificada":false,"validacion_pgr_dgii":"pendiente"}},{"type":"Feature","geometry":{"type":"Point","coordinates":[-71.0130408,18.8077513]},"properties":{"id":"IGL-OSM-NODE-12044986424","nombre":"iglesia","categoria":"Iglesias debidamente incorporadas - candidatas","religion":"christian","denominacion":"","direccion":"","ciudad":"","municipio":"","provincia":"","telefono":"","website":"","osm_type":"node","osm_id":12044986424,"osm_url":"https://www.openstreetmap.org/node/12044986424","fuente":"OpenStreetMap","validada":false,"incorporada":"pendiente","incorporacion_verificada":false,"validacion_pgr_dgii":"pendiente"}},{"type":"Feature","geometry":{"type":"Point","coordinates":[-70.38446,19.1752425]},"properties":{"id":"IGL-OSM-NODE-12569309426","nombre":"Iglesia","categoria":"Iglesias debidamente incorporadas - candidatas","religion":"","denominacion":"","direccion":"","ciudad":"","municipio":"","provincia":"","telefono":"","website":"","osm_type":"node","osm_id":12569309426,"osm_url":"https://www.openstreetmap.org/node/12569309426","fuente":"OpenStreetMap","validada":false,"incorporada":"pendiente","incorporacion_verificada":false,"validacion_pgr_dgii":"pendiente"}},{"type":"Feature","geometry":{"type":"Point","coordinates":[-68.8900442,18.4221975]},"properties":{"id":"IGL-OSM-NODE-13062386124","nombre":"Iglesia","categoria":"Iglesias debidamente incorporadas - candidatas","religion":"christian","denominacion":"","direccion":"","ciudad":"","municipio":"","provincia":"","telefono":"","website":"","osm_type":"node","osm_id":13062386124,"osm_url":"https://www.openstreetmap.org/node/13062386124","fuente":"OpenStreetMap","validada":false,"incorporada":"pendiente","incorporacion_verificada":false,"validacion_pgr_dgii":"pendiente"}},{"type":"Feature","geometry":{"type":"Point","coordinates":[-70.6845769,19.4749825]},"properties":{"id":"IGL-OSM-NODE-4340489901","nombre":"Iglesia","categoria":"Iglesias debidamente incorporadas - candidatas","religion":"christian","denominacion":"","direccion":"","ciudad":"","municipio":"","provincia":"","telefono":"","website":"","osm_type":"node","osm_id":4340489901,"osm_url":"https://www.openstreetmap.org/node/4340489901","fuente":"OpenStreetMap","validada":false,"incorporada":"pendiente","incorporacion_verificada":false,"validacion_pgr_dgii":"pendiente"}},{"type":"Feature","geometry":{"type":"Point","coordinates":[-69.958958,18.4736084]},"properties":{"id":"IGL-OSM-NODE-4454225090","nombre":"Iglesia","categoria":"Iglesias debidamente incorporadas - candidatas","religion":"","denominacion":"","direccion":"","ciudad":"","municipio":"","provincia":"","telefono":"","website":"","osm_type":"node","osm_id":4454225090,"osm_url":"https://www.openstreetmap.org/node/4454225090","fuente":"OpenStreetMap","validada":false,"incorporada":"pendiente","incorporacion_verificada":false,"validacion_pgr_dgii":"pendiente"}},{"type":"Feature","geometry":{"type":"Point","coordinates":[-69.922913,18.4570605]},"properties":{"id":"IGL-OSM-NODE-4602111392","nombre":"Iglesia","categoria":"Iglesias debidamente incorporadas - candidatas","religion":"","denominacion":"","direccion":"","ciudad":"","municipio":"","provincia":"","telefono":"","website":"","osm_type":"node","osm_id":4602111392,"osm_url":"https://www.openstreetmap.org/node/4602111392","fuente":"OpenStreetMap","validada":false,"incorporada":"pendiente","incorporacion_verificada":false,"validacion_pgr_dgii":"pendiente"}},{"type":"Feature","geometry":{"type":"Point","coordinates":[-70.2745111,19.3132902]},"properties":{"id":"IGL-OSM-NODE-7281760148","nombre":"Iglesia","categoria":"Iglesias debidamente incorporadas - candidatas","religion":"christian","denominacion":"jehovahs_witness","direccion":"Profesor Juan Bosch","ciudad":"San Francisco De Macoris","municipio":"","provincia":"","telefono":"","website":"","osm_type":"node","osm_id":7281760148,"osm_url":"https://www.openstreetmap.org/node/7281760148","fuente":"OpenStreetMap","validada":false,"incorporada":"pendiente","incorporacion_verificada":false,"validacion_pgr_dgii":"pendiente"}},{"type":"Feature","geometry":{"type":"Point","coordinates":[-71.4032067,17.8006943]},"properties":{"id":"IGL-OSM-WAY-1370145108","nombre":"Iglesia","categoria":"Iglesias debidamente incorporadas - candidatas","religion":"evangélica","denominacion":"protestant","direccion":"","ciudad":"","municipio":"","provincia":"","telefono":"","website":"","osm_type":"way","osm_id":1370145108,"osm_url":"https://www.openstreetmap.org/way/1370145108","fuente":"OpenStreetMap","validada":false,"incorporada":"pendiente","incorporacion_verificada":false,"validacion_pgr_dgii":"pendiente"}},{"type":"Feature","geometry":{"type":"Point","coordinates":[-70.6722577,19.4096039]},"properties":{"id":"IGL-OSM-WAY-310494045","nombre":"Iglesia","categoria":"Iglesias debidamente incorporadas - candidatas","religion":"","denominacion":"","direccion":"Carretera Matanza","ciudad":"","municipio":"","provincia":"","telefono":"","website":"","osm_type":"way","osm_id":310494045,"osm_url":"https://www.openstreetmap.org/way/310494045","fuente":"OpenStreetMap","validada":false,"incorporada":"pendiente","incorporacion_verificada":false,"validacion_pgr_dgii":"pendiente"}},{"type":"Feature","geometry":{"type":"Point","coordinates":[-70.7005709,19.1121428]},"properties":{"id":"IGL-OSM-WAY-600948942","nombre":"Iglesia","categoria":"Iglesias debidamente incorporadas - candidatas","religion":"","denominacion":"","direccion":"","ciudad":"","municipio":"","provincia":"","telefono":"","website":"","osm_type":"way","osm_id":600948942,"osm_url":"https://www.openstreetmap.org/way/600948942","fuente":"OpenStreetMap","validada":false,"incorporada":"pendiente","incorporacion_verificada":false,"validacion_pgr_dgii":"pendiente"}},{"type":"Feature","geometry":{"type":"Point","coordinates":[-70.6218679,19.5930485]},"properties":{"id":"IGL-OSM-WAY-778231239","nombre":"iglesia","categoria":"Iglesias debidamente incorporadas - candidatas","religion":"christian","denominacion":"catholic","direccion":"","ciudad":"","municipio":"","provincia":"","telefono":"","website":"","osm_type":"way","osm_id":778231239,"osm_url":"https://www.openstreetmap.org/way/778231239","fuente":"OpenStreetMap","validada":false,"incorporada":"pendiente","incorporacion_verificada":false,"validacion_pgr_dgii":"pendiente"}},{"type":"Feature","geometry":{"type":"Point","coordinates":[-70.6217179,19.5930867]},"properties":{"id":"IGL-OSM-WAY-778231240","nombre":"iglesia","categoria":"Iglesias debidamente incorporadas - candidatas","religion":"christian","denominacion":"catholic","direccion":"","ciudad":"","municipio":"","provincia":"","telefono":"","website":"","osm_type":"way","osm_id":778231240,"osm_url":"https://www.openstreetmap.org/way/778231240","fuente":"OpenStreetMap","validada":false,"incorporada":"pendiente","incorporacion_verificada":false,"validacion_pgr_dgii":"pendiente"}},{"type":"Feature","geometry":{"type":"Point","coordinates":[-68.3669064,18.5589268]},"properties":{"id":"IGL-OSM-WAY-778398356","nombre":"iglesia","categoria":"Iglesias debidamente incorporadas - candidatas","religion":"christian","denominacion":"catholic","direccion":"","ciudad":"","municipio":"","provincia":"","telefono":"","website":"","osm_type":"way","osm_id":778398356,"osm_url":"https://www.openstreetmap.org/way/778398356","fuente":"OpenStreetMap","validada":false,"incorporada":"pendiente","incorporacion_verificada":false,"validacion_pgr_dgii":"pendiente"}},{"type":"Feature","geometry":{"type":"Point","coordinates":[-70.432667,19.2258301]},"properties":{"id":"IGL-OSM-NODE-3757548721","nombre":"Iglesia  Las Cabuyas","categoria":"Iglesias debidamente incorporadas - candidatas","religion":"","denominacion":"","direccion":"Calle Principal No.28, Las Cabuyas, La Vega","ciudad":"La Vega","municipio":"","provincia":"","telefono":"","website":"","osm_type":"node","osm_id":3757548721,"osm_url":"https://www.openstreetmap.org/node/3757548721","fuente":"OpenStreetMap","validada":false,"incorporada":"pendiente","incorporacion_verificada":false,"validacion_pgr_dgii":"pendiente"}},{"type":"Feature","geometry":{"type":"Point","coordinates":[-69.8661631,18.5319135]},"properties":{"id":"IGL-OSM-WAY-412837360","nombre":"Iglesia Accion Misionera","categoria":"Iglesias debidamente incorporadas - candidatas","religion":"christian","denominacion":"","direccion":"Calle 2DA","ciudad":"Santo Domingo Este","municipio":"","provincia":"","telefono":"","website":"","osm_type":"way","osm_id":412837360,"osm_url":"https://www.openstreetmap.org/way/412837360","fuente":"OpenStreetMap","validada":false,"incorporada":"pendiente","incorporacion_verificada":false,"validacion_pgr_dgii":"pendiente"}},{"type":"Feature","geometry":{"type":"Point","coordinates":[-71.3234546,18.6528015]},"properties":{"id":"IGL-OSM-NODE-4481096691","nombre":"Iglesia Adventista","categoria":"Iglesias debidamente incorporadas - candidatas","religion":"","denominacion":"","direccion":"","ciudad":"","municipio":"","provincia":"","telefono":"","website":"","osm_type":"node","osm_id":4481096691,"osm_url":"https://www.openstreetmap.org/node/4481096691","fuente":"OpenStreetMap","validada":false,"incorporada":"pendiente","incorporacion_verificada":false,"validacion_pgr_dgii":"pendiente"}},{"type":"Feature","geometry":{"type":"Point","coordinates":[-70.6908596,19.7960471]},"properties":{"id":"IGL-OSM-NODE-4878471121","nombre":"Iglesia Adventista","categoria":"Iglesias debidamente incorporadas - candidatas","religion":"christian","denominacion":"","direccion":"Villanueva","ciudad":"","municipio":"","provincia":"","telefono":"","website":"","osm_type":"node","osm_id":4878471121,"osm_url":"https://www.openstreetmap.org/node/4878471121","fuente":"OpenStreetMap","validada":false,"incorporada":"pendiente","incorporacion_verificada":false,"validacion_pgr_dgii":"pendiente"}},{"type":"Feature","geometry":{"type":"Point","coordinates":[-70.1023585,18.4089446]},"properties":{"id":"IGL-OSM-WAY-223448374","nombre":"Iglesia Adventista","categoria":"Iglesias debidamente incorporadas - candidatas","religion":"christian","denominacion":"","direccion":"","ciudad":"","municipio":"","provincia":"","telefono":"","website":"","osm_type":"way","osm_id":223448374,"osm_url":"https://www.openstreetmap.org/way/223448374","fuente":"OpenStreetMap","validada":false,"incorporada":"pendiente","incorporacion_verificada":false,"validacion_pgr_dgii":"pendiente"}},{"type":"Feature","geometry":{"type":"Point","coordinates":[-70.6725871,19.4105057]},"properties":{"id":"IGL-OSM-WAY-310493800","nombre":"Iglesia Adventista","categoria":"Iglesias debidamente incorporadas - candidatas","religion":"","denominacion":"","direccion":"","ciudad":"","municipio":"","provincia":"","telefono":"","website":"","osm_type":"way","osm_id":310493800,"osm_url":"https://www.openstreetmap.org/way/310493800","fuente":"OpenStreetMap","validada":false,"incorporada":"pendiente","incorporacion_verificada":false,"validacion_pgr_dgii":"pendiente"}},{"type":"Feature","geometry":{"type":"Point","coordinates":[-70.7134162,19.4240248]},"properties":{"id":"IGL-OSM-WAY-407990219","nombre":"Iglesia Adventista","categoria":"Iglesias debidamente incorporadas - candidatas","religion":"christian","denominacion":"","direccion":"Av. Nuñez De Cácerez","ciudad":"","municipio":"","provincia":"","telefono":"","website":"","osm_type":"way","osm_id":407990219,"osm_url":"https://www.openstreetmap.org/way/407990219","fuente":"OpenStreetMap","validada":false,"incorporada":"pendiente","incorporacion_verificada":false,"validacion_pgr_dgii":"pendiente"}},{"type":"Feature","geometry":{"type":"Point","coordinates":[-69.8988934,18.5360161]},"properties":{"id":"IGL-OSM-WAY-408745612","nombre":"Iglesia Adventista","categoria":"Iglesias debidamente incorporadas - candidatas","religion":"christian","denominacion":"","direccion":"Calle M-1","ciudad":"","municipio":"","provincia":"","telefono":"","website":"","osm_type":"way","osm_id":408745612,"osm_url":"https://www.openstreetmap.org/way/408745612","fuente":"OpenStreetMap","validada":false,"incorporada":"pendiente","incorporacion_verificada":false,"validacion_pgr_dgii":"pendiente"}},{"type":"Feature","geometry":{"type":"Point","coordinates":[-69.9092491,18.5582712]},"properties":{"id":"IGL-OSM-WAY-409573013","nombre":"Iglesia Adventista","categoria":"Iglesias debidamente incorporadas - candidatas","religion":"christian","denominacion":"","direccion":"","ciudad":"","municipio":"","provincia":"","telefono":"","website":"","osm_type":"way","osm_id":409573013,"osm_url":"https://www.openstreetmap.org/way/409573013","fuente":"OpenStreetMap","validada":false,"incorporada":"pendiente","incorporacion_verificada":false,"validacion_pgr_dgii":"pendiente"}},{"type":"Feature","geometry":{"type":"Point","coordinates":[-70.6762385,19.4588964]},"properties":{"id":"IGL-OSM-WAY-424514116","nombre":"Iglesia Adventista","categoria":"Iglesias debidamente incorporadas - candidatas","religion":"christian","denominacion":"","direccion":"","ciudad":"","municipio":"","provincia":"","telefono":"","website":"","osm_type":"way","osm_id":424514116,"osm_url":"https://www.openstreetmap.org/way/424514116","fuente":"OpenStreetMap","validada":false,"incorporada":"pendiente","incorporacion_verificada":false,"validacion_pgr_dgii":"pendiente"}},{"type":"Feature","geometry":{"type":"Point","coordinates":[-69.8446467,18.4933429]},"properties":{"id":"IGL-OSM-NODE-4666240495","nombre":"Iglesia Adventista  El Rosal II","categoria":"Iglesias debidamente incorporadas - candidatas","religion":"","denominacion":"","direccion":"","ciudad":"","municipio":"","provincia":"","telefono":"","website":"","osm_type":"node","osm_id":4666240495,"osm_url":"https://www.openstreetmap.org/node/4666240495","fuente":"OpenStreetMap","validada":false,"incorporada":"pendiente","incorporacion_verificada":false,"validacion_pgr_dgii":"pendiente"}},{"type":"Feature","geometry":{"type":"Point","coordinates":[-70.0168442,18.5248734]},"properties":{"id":"IGL-OSM-WAY-412531560","nombre":"Iglesia Adventista 7th Dia","categoria":"Iglesias debidamente incorporadas - candidatas","religion":"christian","denominacion":"seventh_day_adventist","direccion":"Juan Isidro Jiminez","ciudad":"","municipio":"","provincia":"","telefono":"","website":"","osm_type":"way","osm_id":412531560,"osm_url":"https://www.openstreetmap.org/way/412531560","fuente":"OpenStreetMap","validada":false,"incorporada":"pendiente","incorporacion_verificada":false,"validacion_pgr_dgii":"pendiente"}},{"type":"Feature","geometry":{"type":"Point","coordinates":[-70.7425745,19.4798804]},"properties":{"id":"IGL-OSM-NODE-6992627986","nombre":"Iglesia Adventista Alfa 1","categoria":"Iglesias debidamente incorporadas - candidatas","religion":"","denominacion":"","direccion":"","ciudad":"","municipio":"","provincia":"","telefono":"","website":"","osm_type":"node","osm_id":6992627986,"osm_url":"https://www.openstreetmap.org/node/6992627986","fuente":"OpenStreetMap","validada":false,"incorporada":"pendiente","incorporacion_verificada":false,"validacion_pgr_dgii":"pendiente"}},{"type":"Feature","geometry":{"type":"Point","coordinates":[-70.7320366,19.4844229]},"properties":{"id":"IGL-OSM-NODE-6992616786","nombre":"Iglesia Adventista Belén","categoria":"Iglesias debidamente incorporadas - candidatas","religion":"","denominacion":"","direccion":"","ciudad":"","municipio":"","provincia":"","telefono":"","website":"","osm_type":"node","osm_id":6992616786,"osm_url":"https://www.openstreetmap.org/node/6992616786","fuente":"OpenStreetMap","validada":false,"incorporada":"pendiente","incorporacion_verificada":false,"validacion_pgr_dgii":"pendiente"}},{"type":"Feature","geometry":{"type":"Point","coordinates":[-69.8185051,18.4806555]},"properties":{"id":"IGL-OSM-NODE-4128486091","nombre":"Iglesia Adventista Brisas del Este","categoria":"Iglesias debidamente incorporadas - candidatas","religion":"","denominacion":"","direccion":"Calle Progreso","ciudad":"","municipio":"","provincia":"","telefono":"","website":"","osm_type":"node","osm_id":4128486091,"osm_url":"https://www.openstreetmap.org/node/4128486091","fuente":"OpenStreetMap","validada":false,"incorporada":"pendiente","incorporacion_verificada":false,"validacion_pgr_dgii":"pendiente"}},{"type":"Feature","geometry":{"type":"Point","coordinates":[-69.8344578,18.4968675]},"properties":{"id":"IGL-OSM-NODE-4666241492","nombre":"Iglesia Adventista Campana I","categoria":"Iglesias debidamente incorporadas - candidatas","religion":"","denominacion":"","direccion":"","ciudad":"","municipio":"","provincia":"","telefono":"","website":"","osm_type":"node","osm_id":4666241492,"osm_url":"https://www.openstreetmap.org/node/4666241492","fuente":"OpenStreetMap","validada":false,"incorporada":"pendiente","incorporacion_verificada":false,"validacion_pgr_dgii":"pendiente"}},{"type":"Feature","geometry":{"type":"Point","coordinates":[-69.4310997,19.2357654]},"properties":{"id":"IGL-OSM-NODE-5982236635","nombre":"Iglesia Adventista del 7mo Dia","categoria":"Iglesias debidamente incorporadas - candidatas","religion":"christian","denominacion":"seventh_day_adventist","direccion":"Samaná - El Limón","ciudad":"Samaná","municipio":"","provincia":"","telefono":"","website":"","osm_type":"node","osm_id":5982236635,"osm_url":"https://www.openstreetmap.org/node/5982236635","fuente":"OpenStreetMap","validada":false,"incorporada":"pendiente","incorporacion_verificada":false,"validacion_pgr_dgii":"pendiente"}},{"type":"Feature","geometry":{"type":"Point","coordinates":[-70.7091128,19.4556886]},"properties":{"id":"IGL-OSM-WAY-410361844","nombre":"Iglesia Adventista del 7º Día","categoria":"Iglesias debidamente incorporadas - candidatas","religion":"christian","denominacion":"seventh_day_adventist","direccion":"Avenida Hermanas Mirabal","ciudad":"Santiago","municipio":"","provincia":"","telefono":"","website":"","osm_type":"way","osm_id":410361844,"osm_url":"https://www.openstreetmap.org/way/410361844","fuente":"OpenStreetMap","validada":false,"incorporada":"pendiente","incorporacion_verificada":false,"validacion_pgr_dgii":"pendiente"}},{"type":"Feature","geometry":{"type":"Point","coordinates":[-70.4124246,18.9405851]},"properties":{"id":"IGL-OSM-WAY-413446360","nombre":"Iglesia Adventista del 7º Día","categoria":"Iglesias debidamente incorporadas - candidatas","religion":"christian","denominacion":"seventh_day_adventist","direccion":"16 De Agosto","ciudad":"Bonao","municipio":"","provincia":"","telefono":"","website":"","osm_type":"way","osm_id":413446360,"osm_url":"https://www.openstreetmap.org/way/413446360","fuente":"OpenStreetMap","validada":false,"incorporada":"pendiente","incorporacion_verificada":false,"validacion_pgr_dgii":"pendiente"}},{"type":"Feature","geometry":{"type":"Point","coordinates":[-70.1210724,18.4307413]},"properties":{"id":"IGL-OSM-WAY-224689604","nombre":"Iglesia Adventista del Septimo Dia","categoria":"Iglesias debidamente incorporadas - candidatas","religion":"christian","denominacion":"seventh_day_adventist","direccion":"Calle Julio Corporan","ciudad":"San Cristóbal","municipio":"","provincia":"","telefono":"","website":"","osm_type":"way","osm_id":224689604,"osm_url":"https://www.openstreetmap.org/way/224689604","fuente":"OpenStreetMap","validada":false,"incorporada":"pendiente","incorporacion_verificada":false,"validacion_pgr_dgii":"pendiente"}},{"type":"Feature","geometry":{"type":"Point","coordinates":[-70.1102997,18.4144669]},"properties":{"id":"IGL-OSM-WAY-413979285","nombre":"Iglesia Adventista del Septimo Dia","categoria":"Iglesias debidamente incorporadas - candidatas","religion":"christian","denominacion":"seventh_day_adventist","direccion":"Avenida General Cabral","ciudad":"San Cristóbal","municipio":"","provincia":"","telefono":"","website":"","osm_type":"way","osm_id":413979285,"osm_url":"https://www.openstreetmap.org/way/413979285","fuente":"OpenStreetMap","validada":false,"incorporada":"pendiente","incorporacion_verificada":false,"validacion_pgr_dgii":"pendiente"}},{"type":"Feature","geometry":{"type":"Point","coordinates":[-69.8270912,18.4859309]},"properties":{"id":"IGL-OSM-WAY-407036891","nombre":"Iglesia Adventista del Séptimo Dia","categoria":"Iglesias debidamente incorporadas - candidatas","religion":"christian","denominacion":"","direccion":"Manzana 3613","ciudad":"","municipio":"","provincia":"","telefono":"","website":"","osm_type":"way","osm_id":407036891,"osm_url":"https://www.openstreetmap.org/way/407036891","fuente":"OpenStreetMap","validada":false,"incorporada":"pendiente","incorporacion_verificada":false,"validacion_pgr_dgii":"pendiente"}},{"type":"Feature","geometry":{"type":"Point","coordinates":[-69.673771,18.4572701]},"properties":{"id":"IGL-OSM-WAY-410604215","nombre":"Iglesia Adventista Del Séptimo Dia","categoria":"Iglesias debidamente incorporadas - candidatas","religion":"christian","denominacion":"","direccion":"Calle Paraiso","ciudad":"Campo Lindo","municipio":"","provincia":"","telefono":"","website":"","osm_type":"way","osm_id":410604215,"osm_url":"https://www.openstreetmap.org/way/410604215","fuente":"OpenStreetMap","validada":false,"incorporada":"pendiente","incorporacion_verificada":false,"validacion_pgr_dgii":"pendiente"}},{"type":"Feature","geometry":{"type":"Point","coordinates":[-70.6961089,19.4578388]},"properties":{"id":"IGL-OSM-WAY-411424124","nombre":"Iglesia Adventista del Séptimo Dia","categoria":"Iglesias debidamente incorporadas - candidatas","religion":"christian","denominacion":"seventh_day_adventist","direccion":"Avenida 27 de Febrero","ciudad":"Santiago de los Caballeros","municipio":"","provincia":"","telefono":"","website":"","osm_type":"way","osm_id":411424124,"osm_url":"https://www.openstreetmap.org/way/411424124","fuente":"OpenStreetMap","validada":false,"incorporada":"pendiente","incorporacion_verificada":false,"validacion_pgr_dgii":"pendiente"}},{"type":"Feature","geometry":{"type":"Point","coordinates":[-69.1778464,18.7686153]},"properties":{"id":"IGL-OSM-NODE-13607395901","nombre":"Iglesia Adventista del Séptimo Día","categoria":"Iglesias debidamente incorporadas - candidatas","religion":"","denominacion":"","direccion":"Hato Mayor - El Seibo","ciudad":"","municipio":"","provincia":"","telefono":"+18095295460","website":"","osm_type":"node","osm_id":13607395901,"osm_url":"https://www.openstreetmap.org/node/13607395901","fuente":"OpenStreetMap","validada":false,"incorporada":"pendiente","incorporacion_verificada":false,"validacion_pgr_dgii":"pendiente"}},{"type":"Feature","geometry":{"type":"Point","coordinates":[-69.0583197,18.591578]},"properties":{"id":"IGL-OSM-WAY-1368079401","nombre":"Iglesia Adventista del Séptimo Día","categoria":"Iglesias debidamente incorporadas - candidatas","religion":"","denominacion":"","direccion":"","ciudad":"","municipio":"","provincia":"","telefono":"","website":"","osm_type":"way","osm_id":1368079401,"osm_url":"https://www.openstreetmap.org/way/1368079401","fuente":"OpenStreetMap","validada":false,"incorporada":"pendiente","incorporacion_verificada":false,"validacion_pgr_dgii":"pendiente"}},{"type":"Feature","geometry":{"type":"Point","coordinates":[-68.9478972,18.6928384]},"properties":{"id":"IGL-OSM-WAY-1368185391","nombre":"Iglesia Adventista Del Séptimo día","categoria":"Iglesias debidamente incorporadas - candidatas","religion":"","denominacion":"","direccion":"","ciudad":"","municipio":"","provincia":"","telefono":"","website":"","osm_type":"way","osm_id":1368185391,"osm_url":"https://www.openstreetmap.org/way/1368185391","fuente":"OpenStreetMap","validada":false,"incorporada":"pendiente","incorporacion_verificada":false,"validacion_pgr_dgii":"pendiente"}},{"type":"Feature","geometry":{"type":"Point","coordinates":[-68.8368013,18.4427108]},"properties":{"id":"IGL-OSM-WAY-1369377931","nombre":"Iglesia Adventista Del Séptimo Día","categoria":"Iglesias debidamente incorporadas - candidatas","religion":"","denominacion":"","direccion":"","ciudad":"","municipio":"","provincia":"","telefono":"","website":"","osm_type":"way","osm_id":1369377931,"osm_url":"https://www.openstreetmap.org/way/1369377931","fuente":"OpenStreetMap","validada":false,"incorporada":"pendiente","incorporacion_verificada":false,"validacion_pgr_dgii":"pendiente"}},{"type":"Feature","geometry":{"type":"Point","coordinates":[-69.8943543,18.4761733]},"properties":{"id":"IGL-OSM-WAY-406810782","nombre":"Iglesia Adventista del Séptimo Día","categoria":"Iglesias debidamente incorporadas - candidatas","religion":"christian","denominacion":"","direccion":"Calle E. Perdomo","ciudad":"","municipio":"","provincia":"","telefono":"","website":"","osm_type":"way","osm_id":406810782,"osm_url":"https://www.openstreetmap.org/way/406810782","fuente":"OpenStreetMap","validada":false,"incorporada":"pendiente","incorporacion_verificada":false,"validacion_pgr_dgii":"pendiente"}},{"type":"Feature","geometry":{"type":"Point","coordinates":[-69.8865598,18.5000368]},"properties":{"id":"IGL-OSM-WAY-407780253","nombre":"Iglesia Adventista del Séptimo Día","categoria":"Iglesias debidamente incorporadas - candidatas","religion":"christian","denominacion":"","direccion":"Calle Maria Viuda de La Cruz Doña Cucha","ciudad":"","municipio":"","provincia":"","telefono":"","website":"","osm_type":"way","osm_id":407780253,"osm_url":"https://www.openstreetmap.org/way/407780253","fuente":"OpenStreetMap","validada":false,"incorporada":"pendiente","incorporacion_verificada":false,"validacion_pgr_dgii":"pendiente"}},{"type":"Feature","geometry":{"type":"Point","coordinates":[-69.884895,18.5365208]},"properties":{"id":"IGL-OSM-WAY-408922388","nombre":"Iglesia Adventista del Séptimo Día","categoria":"Iglesias debidamente incorporadas - candidatas","religion":"christian","denominacion":"","direccion":"Placina Josue","ciudad":"","municipio":"","provincia":"","telefono":"","website":"","osm_type":"way","osm_id":408922388,"osm_url":"https://www.openstreetmap.org/way/408922388","fuente":"OpenStreetMap","validada":false,"incorporada":"pendiente","incorporacion_verificada":false,"validacion_pgr_dgii":"pendiente"}},{"type":"Feature","geometry":{"type":"Point","coordinates":[-69.9034705,18.5537514]},"properties":{"id":"IGL-OSM-WAY-409575965","nombre":"Iglesia Adventista del Séptimo Día","categoria":"Iglesias debidamente incorporadas - candidatas","religion":"christian","denominacion":"","direccion":"Carreterra San Felipe","ciudad":"","municipio":"","provincia":"","telefono":"","website":"","osm_type":"way","osm_id":409575965,"osm_url":"https://www.openstreetmap.org/way/409575965","fuente":"OpenStreetMap","validada":false,"incorporada":"pendiente","incorporacion_verificada":false,"validacion_pgr_dgii":"pendiente"}},{"type":"Feature","geometry":{"type":"Point","coordinates":[-69.7454643,18.4869591]},"properties":{"id":"IGL-OSM-WAY-973328517","nombre":"Iglesia Adventista del Séptimo Día","categoria":"Iglesias debidamente incorporadas - candidatas","religion":"christian","denominacion":"seventh_day_adventist","direccion":"Calle Fragata","ciudad":"Santo Domingo Este","municipio":"","provincia":"","telefono":"","website":"","osm_type":"way","osm_id":973328517,"osm_url":"https://www.openstreetmap.org/way/973328517","fuente":"OpenStreetMap","validada":false,"incorporada":"pendiente","incorporacion_verificada":false,"validacion_pgr_dgii":"pendiente"}},{"type":"Feature","geometry":{"type":"Point","coordinates":[-70.0998523,18.4253601]},"properties":{"id":"IGL-OSM-NODE-10873702379","nombre":"Iglesia Adventista del Séptimo Día Amisadai","categoria":"Iglesias debidamente incorporadas - candidatas","religion":"christian","denominacion":"adventist","direccion":"","ciudad":"","municipio":"","provincia":"","telefono":"","website":"","osm_type":"node","osm_id":10873702379,"osm_url":"https://www.openstreetmap.org/node/10873702379","fuente":"OpenStreetMap","validada":false,"incorporada":"pendiente","incorporacion_verificada":false,"validacion_pgr_dgii":"pendiente"}},{"type":"Feature","geometry":{"type":"Point","coordinates":[-69.9101139,18.4642581]},"properties":{"id":"IGL-OSM-NODE-10997315305","nombre":"Iglesia Adventista del Séptimo Día Gazcue","categoria":"Iglesias debidamente incorporadas - candidatas","religion":"","denominacion":"","direccion":"Juan Sánchez Ramírez 40","ciudad":"","municipio":"","provincia":"","telefono":"","website":"","osm_type":"node","osm_id":10997315305,"osm_url":"https://www.openstreetmap.org/node/10997315305","fuente":"OpenStreetMap","validada":false,"incorporada":"pendiente","incorporacion_verificada":false,"validacion_pgr_dgii":"pendiente"}},{"type":"Feature","geometry":{"type":"Point","coordinates":[-70.103122,18.4242172]},"properties":{"id":"IGL-OSM-WAY-208758002","nombre":"Iglesia Adventista Del séptimo día Madre Vieja Norte","categoria":"Iglesias debidamente incorporadas - candidatas","religion":"christian","denominacion":"adventist","direccion":"","ciudad":"","municipio":"","provincia":"","telefono":"","website":"","osm_type":"way","osm_id":208758002,"osm_url":"https://www.openstreetmap.org/way/208758002","fuente":"OpenStreetMap","validada":false,"incorporada":"pendiente","incorporacion_verificada":false,"validacion_pgr_dgii":"pendiente"}},{"type":"Feature","geometry":{"type":"Point","coordinates":[-68.9643938,18.4201754]},"properties":{"id":"IGL-OSM-WAY-330175359","nombre":"Iglesia Adventista del Séptimo Día, Romana Central","categoria":"Iglesias debidamente incorporadas - candidatas","religion":"christian","denominacion":"adventist","direccion":"Dr. Teófilo Hernández","ciudad":"La Romana","municipio":"","provincia":"","telefono":"","website":"https://www.facebook.com/RomanaCentral1","osm_type":"way","osm_id":330175359,"osm_url":"https://www.openstreetmap.org/way/330175359","fuente":"OpenStreetMap","validada":false,"incorporada":"pendiente","incorporacion_verificada":false,"validacion_pgr_dgii":"pendiente"}},{"type":"Feature","geometry":{"type":"Point","coordinates":[-69.8414986,18.4909021]},"properties":{"id":"IGL-OSM-NODE-4666240494","nombre":"Iglesia Adventista El Rosal","categoria":"Iglesias debidamente incorporadas - candidatas","religion":"","denominacion":"","direccion":"","ciudad":"","municipio":"","provincia":"","telefono":"","website":"","osm_type":"node","osm_id":4666240494,"osm_url":"https://www.openstreetmap.org/node/4666240494","fuente":"OpenStreetMap","validada":false,"incorporada":"pendiente","incorporacion_verificada":false,"validacion_pgr_dgii":"pendiente"}},{"type":"Feature","geometry":{"type":"Point","coordinates":[-69.8590277,18.4997418]},"properties":{"id":"IGL-OSM-NODE-4128503589","nombre":"Iglesia Adventista La Misericordia","categoria":"Iglesias debidamente incorporadas - candidatas","religion":"","denominacion":"","direccion":"Calle Rosaria Caro Mendez","ciudad":"","municipio":"","provincia":"","telefono":"","website":"","osm_type":"node","osm_id":4128503589,"osm_url":"https://www.openstreetmap.org/node/4128503589","fuente":"OpenStreetMap","validada":false,"incorporada":"pendiente","incorporacion_verificada":false,"validacion_pgr_dgii":"pendiente"}},{"type":"Feature","geometry":{"type":"Point","coordinates":[-69.8700026,18.4837984]},"properties":{"id":"IGL-OSM-NODE-4111553289","nombre":"Iglesia Adventista Las Américas","categoria":"Iglesias debidamente incorporadas - candidatas","religion":"","denominacion":"","direccion":"Calle 4","ciudad":"","municipio":"","provincia":"","telefono":"","website":"","osm_type":"node","osm_id":4111553289,"osm_url":"https://www.openstreetmap.org/node/4111553289","fuente":"OpenStreetMap","validada":false,"incorporada":"pendiente","incorporacion_verificada":false,"validacion_pgr_dgii":"pendiente"}},{"type":"Feature","geometry":{"type":"Point","coordinates":[-69.8715709,18.5157279]},"properties":{"id":"IGL-OSM-NODE-4140719307","nombre":"Iglesia Adventista Mansedumbre II","categoria":"Iglesias debidamente incorporadas - candidatas","religion":"","denominacion":"","direccion":"Avenida Ozama","ciudad":"","municipio":"","provincia":"","telefono":"","website":"","osm_type":"node","osm_id":4140719307,"osm_url":"https://www.openstreetmap.org/node/4140719307","fuente":"OpenStreetMap","validada":false,"incorporada":"pendiente","incorporacion_verificada":false,"validacion_pgr_dgii":"pendiente"}},{"type":"Feature","geometry":{"type":"Point","coordinates":[-69.8694438,18.4913959]},"properties":{"id":"IGL-OSM-WAY-413953063","nombre":"Iglesia Adventista Ozama","categoria":"Iglesias debidamente incorporadas - candidatas","religion":"","denominacion":"","direccion":"Avenida Venezuela","ciudad":"","municipio":"","provincia":"","telefono":"","website":"","osm_type":"way","osm_id":413953063,"osm_url":"https://www.openstreetmap.org/way/413953063","fuente":"OpenStreetMap","validada":false,"incorporada":"pendiente","incorporacion_verificada":false,"validacion_pgr_dgii":"pendiente"}},{"type":"Feature","geometry":{"type":"Point","coordinates":[-69.5651434,18.4847854]},"properties":{"id":"IGL-OSM-WAY-1374528369","nombre":"Iglesia adventista Villa Celestial","categoria":"Iglesias debidamente incorporadas - candidatas","religion":"","denominacion":"","direccion":"","ciudad":"","municipio":"","provincia":"","telefono":"","website":"","osm_type":"way","osm_id":1374528369,"osm_url":"https://www.openstreetmap.org/way/1374528369","fuente":"OpenStreetMap","validada":false,"incorporada":"pendiente","incorporacion_verificada":false,"validacion_pgr_dgii":"pendiente"}},{"type":"Feature","geometry":{"type":"Point","coordinates":[-69.8789055,18.4813139]},"properties":{"id":"IGL-OSM-NODE-4111553290","nombre":"Iglesia Adventista Villa Duarte","categoria":"Iglesias debidamente incorporadas - candidatas","religion":"","denominacion":"","direccion":"Calle Mr Marles","ciudad":"","municipio":"","provincia":"","telefono":"","website":"","osm_type":"node","osm_id":4111553290,"osm_url":"https://www.openstreetmap.org/node/4111553290","fuente":"OpenStreetMap","validada":false,"incorporada":"pendiente","incorporacion_verificada":false,"validacion_pgr_dgii":"pendiente"}},{"type":"Feature","geometry":{"type":"Point","coordinates":[-69.84456,18.4980305]},"properties":{"id":"IGL-OSM-NODE-4666241193","nombre":"Iglesia Adventista Villa Faro","categoria":"Iglesias debidamente incorporadas - candidatas","religion":"","denominacion":"","direccion":"","ciudad":"","municipio":"","provincia":"","telefono":"","website":"","osm_type":"node","osm_id":4666241193,"osm_url":"https://www.openstreetmap.org/node/4666241193","fuente":"OpenStreetMap","validada":false,"incorporada":"pendiente","incorporacion_verificada":false,"validacion_pgr_dgii":"pendiente"}},{"type":"Feature","geometry":{"type":"Point","coordinates":[-70.5243696,19.2235215]},"properties":{"id":"IGL-OSM-NODE-6721990352","nombre":"iglesia agustiniana","categoria":"Iglesias debidamente incorporadas - candidatas","religion":"christian","denominacion":"","direccion":"","ciudad":"","municipio":"","provincia":"","telefono":"","website":"","osm_type":"node","osm_id":6721990352,"osm_url":"https://www.openstreetmap.org/node/6721990352","fuente":"OpenStreetMap","validada":false,"incorporada":"pendiente","incorporacion_verificada":false,"validacion_pgr_dgii":"pendiente"}},{"type":"Feature","geometry":{"type":"Point","coordinates":[-69.872599,18.5104202]},"properties":{"id":"IGL-OSM-NODE-4151793630","nombre":"Iglesia Alabemos a Jehová","categoria":"Iglesias debidamente incorporadas - candidatas","religion":"christian","denominacion":"pentecostal","direccion":"San Vicente de Paúl","ciudad":"Santo Domingo Este","municipio":"","provincia":"","telefono":"","website":"","osm_type":"node","osm_id":4151793630,"osm_url":"https://www.openstreetmap.org/node/4151793630","fuente":"OpenStreetMap","validada":false,"incorporada":"pendiente","incorporacion_verificada":false,"validacion_pgr_dgii":"pendiente"}},{"type":"Feature","geometry":{"type":"Point","coordinates":[-69.889312,18.4791758]},"properties":{"id":"IGL-OSM-NODE-4103030305","nombre":"Iglesia Alianza Con Dios","categoria":"Iglesias debidamente incorporadas - candidatas","religion":"christian","denominacion":"","direccion":"Avenida México","ciudad":"Santo Domingo","municipio":"","provincia":"","telefono":"","website":"","osm_type":"node","osm_id":4103030305,"osm_url":"https://www.openstreetmap.org/node/4103030305","fuente":"OpenStreetMap","validada":false,"incorporada":"pendiente","incorporacion_verificada":false,"validacion_pgr_dgii":"pendiente"}},{"type":"Feature","geometry":{"type":"Point","coordinates":[-70.6832212,19.4277701]},"properties":{"id":"IGL-OSM-WAY-408044207","nombre":"Iglesia Alianza Cristiana","categoria":"Iglesias debidamente incorporadas - candidatas","religion":"christian","denominacion":"","direccion":"Carretera Hato Mayor","ciudad":"","municipio":"","provincia":"","telefono":"","website":"","osm_type":"way","osm_id":408044207,"osm_url":"https://www.openstreetmap.org/way/408044207","fuente":"OpenStreetMap","validada":false,"incorporada":"pendiente","incorporacion_verificada":false,"validacion_pgr_dgii":"pendiente"}},{"type":"Feature","geometry":{"type":"Point","coordinates":[-69.9554461,18.811689]},"properties":{"id":"IGL-OSM-NODE-4358353091","nombre":"iglesia amor del calvario 5. 2da","categoria":"Iglesias debidamente incorporadas - candidatas","religion":"","denominacion":"","direccion":"Don Juan - Yamasá","ciudad":"","municipio":"","provincia":"","telefono":"","website":"","osm_type":"node","osm_id":4358353091,"osm_url":"https://www.openstreetmap.org/node/4358353091","fuente":"OpenStreetMap","validada":false,"incorporada":"pendiente","incorporacion_verificada":false,"validacion_pgr_dgii":"pendiente"}},{"type":"Feature","geometry":{"type":"Point","coordinates":[-69.8841654,18.5342388]},"properties":{"id":"IGL-OSM-WAY-1496734637","nombre":"Iglesia Antioquía","categoria":"Iglesias debidamente incorporadas - candidatas","religion":"christian","denominacion":"","direccion":"","ciudad":"","municipio":"","provincia":"","telefono":"","website":"","osm_type":"way","osm_id":1496734637,"osm_url":"https://www.openstreetmap.org/way/1496734637","fuente":"OpenStreetMap","validada":false,"incorporada":"pendiente","incorporacion_verificada":false,"validacion_pgr_dgii":"pendiente"}},{"type":"Feature","geometry":{"type":"Point","coordinates":[-69.884215,18.4951263]},"properties":{"id":"IGL-OSM-WAY-535005383","nombre":"Iglesia Aposento Alto","categoria":"Iglesias debidamente incorporadas - candidatas","religion":"christian","denominacion":"","direccion":"","ciudad":"","municipio":"","provincia":"","telefono":"","website":"","osm_type":"way","osm_id":535005383,"osm_url":"https://www.openstreetmap.org/way/535005383","fuente":"OpenStreetMap","validada":false,"incorporada":"pendiente","incorporacion_verificada":false,"validacion_pgr_dgii":"pendiente"}},{"type":"Feature","geometry":{"type":"Point","coordinates":[-68.9665313,18.4311537]},"properties":{"id":"IGL-OSM-WAY-315556490","nombre":"Iglesia Apostólica el Maestro","categoria":"Iglesias debidamente incorporadas - candidatas","religion":"christian","denominacion":"Evangélica","direccion":"","ciudad":"","municipio":"","provincia":"","telefono":"","website":"","osm_type":"way","osm_id":315556490,"osm_url":"https://www.openstreetmap.org/way/315556490","fuente":"OpenStreetMap","validada":false,"incorporada":"pendiente","incorporacion_verificada":false,"validacion_pgr_dgii":"pendiente"}},{"type":"Feature","geometry":{"type":"Point","coordinates":[-71.4795031,18.4879661]},"properties":{"id":"IGL-OSM-WAY-1182962782","nombre":"Iglesia Apostólica y Misionera Inc.","categoria":"Iglesias debidamente incorporadas - candidatas","religion":"christian","denominacion":"","direccion":"Calle Isauro Rivas","ciudad":"Villa Jaragua","municipio":"","provincia":"","telefono":"","website":"","osm_type":"way","osm_id":1182962782,"osm_url":"https://www.openstreetmap.org/way/1182962782","fuente":"OpenStreetMap","validada":false,"incorporada":"pendiente","incorporacion_verificada":false,"validacion_pgr_dgii":"pendiente"}},{"type":"Feature","geometry":{"type":"Point","coordinates":[-70.0013343,18.4821691]},"properties":{"id":"IGL-OSM-NODE-4141338971","nombre":"Iglesia Apostólica y Profética Emmanuel","categoria":"Iglesias debidamente incorporadas - candidatas","religion":"christian","denominacion":"","direccion":"","ciudad":"","municipio":"","provincia":"","telefono":"","website":"","osm_type":"node","osm_id":4141338971,"osm_url":"https://www.openstreetmap.org/node/4141338971","fuente":"OpenStreetMap","validada":false,"incorporada":"pendiente","incorporacion_verificada":false,"validacion_pgr_dgii":"pendiente"}},{"type":"Feature","geometry":{"type":"Point","coordinates":[-68.9677588,18.4239566]},"properties":{"id":"IGL-OSM-WAY-315097774","nombre":"Iglesia Arca de Cristo","categoria":"Iglesias debidamente incorporadas - candidatas","religion":"christian","denominacion":"pentecostal","direccion":"","ciudad":"","municipio":"","provincia":"","telefono":"","website":"","osm_type":"way","osm_id":315097774,"osm_url":"https://www.openstreetmap.org/way/315097774","fuente":"OpenStreetMap","validada":false,"incorporada":"pendiente","incorporacion_verificada":false,"validacion_pgr_dgii":"pendiente"}},{"type":"Feature","geometry":{"type":"Point","coordinates":[-69.8111715,18.5269485]},"properties":{"id":"IGL-OSM-NODE-4471383690","nombre":"Iglesia arca de salvación ( amor del calvario ll)","categoria":"Iglesias debidamente incorporadas - candidatas","religion":"","denominacion":"","direccion":"Calle 3ra","ciudad":"","municipio":"","provincia":"","telefono":"","website":"","osm_type":"node","osm_id":4471383690,"osm_url":"https://www.openstreetmap.org/node/4471383690","fuente":"OpenStreetMap","validada":false,"incorporada":"pendiente","incorporacion_verificada":false,"validacion_pgr_dgii":"pendiente"}},{"type":"Feature","geometry":{"type":"Point","coordinates":[-70.7258784,18.4524515]},"properties":{"id":"IGL-OSM-WAY-368369469","nombre":"Iglesia Asamblea de Dios","categoria":"Iglesias debidamente incorporadas - candidatas","religion":"","denominacion":"","direccion":"Luperon","ciudad":"Azua","municipio":"","provincia":"","telefono":"","website":"","osm_type":"way","osm_id":368369469,"osm_url":"https://www.openstreetmap.org/way/368369469","fuente":"OpenStreetMap","validada":false,"incorporada":"pendiente","incorporacion_verificada":false,"validacion_pgr_dgii":"pendiente"}},{"type":"Feature","geometry":{"type":"Point","coordinates":[-69.9103103,18.4956061]},"properties":{"id":"IGL-OSM-WAY-408366849","nombre":"Iglesia Asamblea de Dios","categoria":"Iglesias debidamente incorporadas - candidatas","religion":"christian","denominacion":"","direccion":"Respaldo Anibal De Epinosa 188","ciudad":"","municipio":"","provincia":"","telefono":"","website":"","osm_type":"way","osm_id":408366849,"osm_url":"https://www.openstreetmap.org/way/408366849","fuente":"OpenStreetMap","validada":false,"incorporada":"pendiente","incorporacion_verificada":false,"validacion_pgr_dgii":"pendiente"}},{"type":"Feature","geometry":{"type":"Point","coordinates":[-69.9850181,18.4741769]},"properties":{"id":"IGL-OSM-WAY-410668329","nombre":"Iglesia Asamblea de Dios","categoria":"Iglesias debidamente incorporadas - candidatas","religion":"christian","denominacion":"","direccion":"","ciudad":"","municipio":"","provincia":"","telefono":"","website":"","osm_type":"way","osm_id":410668329,"osm_url":"https://www.openstreetmap.org/way/410668329","fuente":"OpenStreetMap","validada":false,"incorporada":"pendiente","incorporacion_verificada":false,"validacion_pgr_dgii":"pendiente"}},{"type":"Feature","geometry":{"type":"Point","coordinates":[-69.928293,18.5373147]},"properties":{"id":"IGL-OSM-NODE-6417809986","nombre":"Iglesia Asamblea de Dios Adonai","categoria":"Iglesias debidamente incorporadas - candidatas","religion":"","denominacion":"","direccion":"Calle Respaldo Anacaona 52","ciudad":"","municipio":"","provincia":"","telefono":"8092390939","website":"http://www.manoamanoconadonai.org","osm_type":"node","osm_id":6417809986,"osm_url":"https://www.openstreetmap.org/node/6417809986","fuente":"OpenStreetMap","validada":false,"incorporada":"pendiente","incorporacion_verificada":false,"validacion_pgr_dgii":"pendiente"}},{"type":"Feature","geometry":{"type":"Point","coordinates":[-69.3864923,19.0610815]},"properties":{"id":"IGL-OSM-WAY-285741303","nombre":"Iglesia Asamblea de Dios Bethel (Central)","categoria":"Iglesias debidamente incorporadas - candidatas","religion":"christian","denominacion":"protestant","direccion":"27 de Febrero","ciudad":"Sabana de la Mar","municipio":"","provincia":"","telefono":"809 556 7334","website":"www.tvesperanza.com","osm_type":"way","osm_id":285741303,"osm_url":"https://www.openstreetmap.org/way/285741303","fuente":"OpenStreetMap","validada":false,"incorporada":"pendiente","incorporacion_verificada":false,"validacion_pgr_dgii":"pendiente"}},{"type":"Feature","geometry":{"type":"Point","coordinates":[-71.7438122,18.0342683]},"properties":{"id":"IGL-OSM-NODE-13231747639","nombre":"Iglesia Asamblea de Dios Casa de Bendicion Inc.","categoria":"Iglesias debidamente incorporadas - candidatas","religion":"christian","denominacion":"","direccion":"","ciudad":"","municipio":"","provincia":"","telefono":"","website":"","osm_type":"node","osm_id":13231747639,"osm_url":"https://www.openstreetmap.org/node/13231747639","fuente":"OpenStreetMap","validada":false,"incorporada":"pendiente","incorporacion_verificada":false,"validacion_pgr_dgii":"pendiente"}},{"type":"Feature","geometry":{"type":"Point","coordinates":[-70.3341334,18.2806195]},"properties":{"id":"IGL-OSM-WAY-1231782504","nombre":"Iglesia Asamblea de Dios Casa de Oracion","categoria":"Iglesias debidamente incorporadas - candidatas","religion":"christian","denominacion":"","direccion":"Calle Santomé","ciudad":"Baní","municipio":"","provincia":"","telefono":"","website":"","osm_type":"way","osm_id":1231782504,"osm_url":"https://www.openstreetmap.org/way/1231782504","fuente":"OpenStreetMap","validada":false,"incorporada":"pendiente","incorporacion_verificada":false,"validacion_pgr_dgii":"pendiente"}},{"type":"Feature","geometry":{"type":"Point","coordinates":[-69.8944983,18.486627]},"properties":{"id":"IGL-OSM-WAY-493313326","nombre":"Iglesia Asamblea de Dios Central","categoria":"Iglesias debidamente incorporadas - candidatas","religion":"christian","denominacion":"assemblies_of_god","direccion":"","ciudad":"","municipio":"","provincia":"","telefono":"","website":"","osm_type":"way","osm_id":493313326,"osm_url":"https://www.openstreetmap.org/way/493313326","fuente":"OpenStreetMap","validada":false,"incorporada":"pendiente","incorporacion_verificada":false,"validacion_pgr_dgii":"pendiente"}},{"type":"Feature","geometry":{"type":"Point","coordinates":[-69.9602759,18.4327067]},"properties":{"id":"IGL-OSM-WAY-410064456","nombre":"Iglesia Asamblea de Dios El Renacimiento","categoria":"Iglesias debidamente incorporadas - candidatas","religion":"christian","denominacion":"","direccion":"Calle Los Caimanes","ciudad":"","municipio":"","provincia":"","telefono":"","website":"","osm_type":"way","osm_id":410064456,"osm_url":"https://www.openstreetmap.org/way/410064456","fuente":"OpenStreetMap","validada":false,"incorporada":"pendiente","incorporacion_verificada":false,"validacion_pgr_dgii":"pendiente"}},{"type":"Feature","geometry":{"type":"Point","coordinates":[-68.7125522,18.5925623]},"properties":{"id":"IGL-OSM-NODE-8078167418","nombre":"Iglesia Asamblea EL BETHEL","categoria":"Iglesias debidamente incorporadas - candidatas","religion":"christian","denominacion":"","direccion":"","ciudad":"","municipio":"","provincia":"","telefono":"","website":"","osm_type":"node","osm_id":8078167418,"osm_url":"https://www.openstreetmap.org/node/8078167418","fuente":"OpenStreetMap","validada":false,"incorporada":"pendiente","incorporacion_verificada":false,"validacion_pgr_dgii":"pendiente"}},{"type":"Feature","geometry":{"type":"Point","coordinates":[-70.0025079,18.4632575]},"properties":{"id":"IGL-OSM-NODE-5689003223","nombre":"Iglesia asamblea mundial","categoria":"Iglesias debidamente incorporadas - candidatas","religion":"christian","denominacion":"","direccion":"Calle San Miguel","ciudad":"","municipio":"","provincia":"","telefono":"","website":"","osm_type":"node","osm_id":5689003223,"osm_url":"https://www.openstreetmap.org/node/5689003223","fuente":"OpenStreetMap","validada":false,"incorporada":"pendiente","incorporacion_verificada":false,"validacion_pgr_dgii":"pendiente"}},{"type":"Feature","geometry":{"type":"Point","coordinates":[-69.6124679,19.2293922]},"properties":{"id":"IGL-OSM-NODE-5348989021","nombre":"Iglesia Asambleas de Dios Templo la Hermosa","categoria":"Iglesias debidamente incorporadas - candidatas","religion":"","denominacion":"","direccion":"Sánchez 6","ciudad":"","municipio":"","provincia":"","telefono":"8095527543","website":"https://www.facebook.com/Templo-la-Hermosa-de-las-Asambleas-de-Dios-1866784156903664/","osm_type":"node","osm_id":5348989021,"osm_url":"https://www.openstreetmap.org/node/5348989021","fuente":"OpenStreetMap","validada":false,"incorporada":"pendiente","incorporacion_verificada":false,"validacion_pgr_dgii":"pendiente"}},{"type":"Feature","geometry":{"type":"Point","coordinates":[-70.347123,18.2889152]},"properties":{"id":"IGL-OSM-NODE-10913173606","nombre":"Iglesia Asambles de Dios","categoria":"Iglesias debidamente incorporadas - candidatas","religion":"","denominacion":"","direccion":"","ciudad":"","municipio":"","provincia":"","telefono":"","website":"","osm_type":"node","osm_id":10913173606,"osm_url":"https://www.openstreetmap.org/node/10913173606","fuente":"OpenStreetMap","validada":false,"incorporada":"pendiente","incorporacion_verificada":false,"validacion_pgr_dgii":"pendiente"}},{"type":"Feature","geometry":{"type":"Point","coordinates":[-70.0660276,18.4264188]},"properties":{"id":"IGL-OSM-WAY-412845880","nombre":"Iglesia Asemblea de Dios","categoria":"Iglesias debidamente incorporadas - candidatas","religion":"christian","denominacion":"","direccion":"Carretera Sánchez","ciudad":"","municipio":"","provincia":"","telefono":"","website":"","osm_type":"way","osm_id":412845880,"osm_url":"https://www.openstreetmap.org/way/412845880","fuente":"OpenStreetMap","validada":false,"incorporada":"pendiente","incorporacion_verificada":false,"validacion_pgr_dgii":"pendiente"}},{"type":"Feature","geometry":{"type":"Point","coordinates":[-70.1122149,18.4003319]},"properties":{"id":"IGL-OSM-WAY-414297389","nombre":"Iglesia Aventista","categoria":"Iglesias debidamente incorporadas - candidatas","religion":"christian","denominacion":"seventh_day_adventist","direccion":"Calle Teo Cruz","ciudad":"San Cristóbal","municipio":"","provincia":"","telefono":"","website":"","osm_type":"way","osm_id":414297389,"osm_url":"https://www.openstreetmap.org/way/414297389","fuente":"OpenStreetMap","validada":false,"incorporada":"pendiente","incorporacion_verificada":false,"validacion_pgr_dgii":"pendiente"}},{"type":"Feature","geometry":{"type":"Point","coordinates":[-70.4648875,19.2613479]},"properties":{"id":"IGL-OSM-NODE-2355230265","nombre":"Iglesia Barranca","categoria":"Iglesias debidamente incorporadas - candidatas","religion":"christian","denominacion":"","direccion":"","ciudad":"","municipio":"","provincia":"","telefono":"","website":"","osm_type":"node","osm_id":2355230265,"osm_url":"https://www.openstreetmap.org/node/2355230265","fuente":"OpenStreetMap","validada":false,"incorporada":"pendiente","incorporacion_verificada":false,"validacion_pgr_dgii":"pendiente"}},{"type":"Feature","geometry":{"type":"Point","coordinates":[-70.7482497,18.9091607]},"properties":{"id":"IGL-OSM-WAY-224040655","nombre":"Iglesia Bautista","categoria":"Iglesias debidamente incorporadas - candidatas","religion":"christian","denominacion":"","direccion":"","ciudad":"","municipio":"","provincia":"","telefono":"","website":"","osm_type":"way","osm_id":224040655,"osm_url":"https://www.openstreetmap.org/way/224040655","fuente":"OpenStreetMap","validada":false,"incorporada":"pendiente","incorporacion_verificada":false,"validacion_pgr_dgii":"pendiente"}},{"type":"Feature","geometry":{"type":"Point","coordinates":[-69.9284641,18.4570884]},"properties":{"id":"IGL-OSM-WAY-413443216","nombre":"Iglesia Bautista","categoria":"Iglesias debidamente incorporadas - candidatas","religion":"christian","denominacion":"","direccion":"","ciudad":"","municipio":"","provincia":"","telefono":"","website":"","osm_type":"way","osm_id":413443216,"osm_url":"https://www.openstreetmap.org/way/413443216","fuente":"OpenStreetMap","validada":false,"incorporada":"pendiente","incorporacion_verificada":false,"validacion_pgr_dgii":"pendiente"}},{"type":"Feature","geometry":{"type":"Point","coordinates":[-68.680367,18.5436916]},"properties":{"id":"IGL-OSM-WAY-1368762810","nombre":"Iglesia Bautista Bethel","categoria":"Iglesias debidamente incorporadas - candidatas","religion":"","denominacion":"","direccion":"","ciudad":"","municipio":"","provincia":"","telefono":"","website":"","osm_type":"way","osm_id":1368762810,"osm_url":"https://www.openstreetmap.org/way/1368762810","fuente":"OpenStreetMap","validada":false,"incorporada":"pendiente","incorporacion_verificada":false,"validacion_pgr_dgii":"pendiente"}},{"type":"Feature","geometry":{"type":"Point","coordinates":[-70.1071974,18.4051968]},"properties":{"id":"IGL-OSM-WAY-414194470","nombre":"Iglesia Bautista Bethel","categoria":"Iglesias debidamente incorporadas - candidatas","religion":"christian","denominacion":"","direccion":"Calle Bernardo Aliez","ciudad":"San Cristóbal","municipio":"","provincia":"","telefono":"","website":"","osm_type":"way","osm_id":414194470,"osm_url":"https://www.openstreetmap.org/way/414194470","fuente":"OpenStreetMap","validada":false,"incorporada":"pendiente","incorporacion_verificada":false,"validacion_pgr_dgii":"pendiente"}},{"type":"Feature","geometry":{"type":"Point","coordinates":[-69.8859172,18.4697973]},"properties":{"id":"IGL-OSM-NODE-1674092298","nombre":"Iglesia Bautista Central","categoria":"Iglesias debidamente incorporadas - candidatas","religion":"christian","denominacion":"","direccion":"","ciudad":"","municipio":"","provincia":"","telefono":"","website":"","osm_type":"node","osm_id":1674092298,"osm_url":"https://www.openstreetmap.org/node/1674092298","fuente":"OpenStreetMap","validada":false,"incorporada":"pendiente","incorporacion_verificada":false,"validacion_pgr_dgii":"pendiente"}},{"type":"Feature","geometry":{"type":"Point","coordinates":[-70.6872461,19.445398]},"properties":{"id":"IGL-OSM-WAY-222921837","nombre":"Iglesia Bautista de la Gracia","categoria":"Iglesias debidamente incorporadas - candidatas","religion":"","denominacion":"baptist","direccion":"Avenida Salvador Estrella Sadhala","ciudad":"Santiago","municipio":"","provincia":"","telefono":"","website":"","osm_type":"way","osm_id":222921837,"osm_url":"https://www.openstreetmap.org/way/222921837","fuente":"OpenStreetMap","validada":false,"incorporada":"pendiente","incorporacion_verificada":false,"validacion_pgr_dgii":"pendiente"}},{"type":"Feature","geometry":{"type":"Point","coordinates":[-69.4890379,18.5550377]},"properties":{"id":"IGL-OSM-WAY-1373751827","nombre":"Iglesia Bautista de paloma","categoria":"Iglesias debidamente incorporadas - candidatas","religion":"","denominacion":"","direccion":"","ciudad":"","municipio":"","provincia":"","telefono":"","website":"","osm_type":"way","osm_id":1373751827,"osm_url":"https://www.openstreetmap.org/way/1373751827","fuente":"OpenStreetMap","validada":false,"incorporada":"pendiente","incorporacion_verificada":false,"validacion_pgr_dgii":"pendiente"}},{"type":"Feature","geometry":{"type":"Point","coordinates":[-69.8457905,18.5099176]},"properties":{"id":"IGL-OSM-WAY-414199196","nombre":"Iglesia Bautista Fundamental Fuente de Vida","categoria":"Iglesias debidamente incorporadas - candidatas","religion":"christian","denominacion":"","direccion":"","ciudad":"","municipio":"","provincia":"","telefono":"","website":"","osm_type":"way","osm_id":414199196,"osm_url":"https://www.openstreetmap.org/way/414199196","fuente":"OpenStreetMap","validada":false,"incorporada":"pendiente","incorporacion_verificada":false,"validacion_pgr_dgii":"pendiente"}},{"type":"Feature","geometry":{"type":"Point","coordinates":[-69.9504449,18.4794077]},"properties":{"id":"IGL-OSM-NODE-1675266987","nombre":"Iglesia Bautista Internacional","categoria":"Iglesias debidamente incorporadas - candidatas","religion":"","denominacion":"","direccion":"Calle Las Caobas","ciudad":"","municipio":"","provincia":"","telefono":"8095634540","website":"https://www.laibi.org/","osm_type":"node","osm_id":1675266987,"osm_url":"https://www.openstreetmap.org/node/1675266987","fuente":"OpenStreetMap","validada":false,"incorporada":"pendiente","incorporacion_verificada":false,"validacion_pgr_dgii":"pendiente"}},{"type":"Feature","geometry":{"type":"Point","coordinates":[-69.4960945,18.512388]},"properties":{"id":"IGL-OSM-WAY-1374435649","nombre":"Iglesia Bautista Los Altos","categoria":"Iglesias debidamente incorporadas - candidatas","religion":"","denominacion":"","direccion":"","ciudad":"","municipio":"","provincia":"","telefono":"","website":"","osm_type":"way","osm_id":1374435649,"osm_url":"https://www.openstreetmap.org/way/1374435649","fuente":"OpenStreetMap","validada":false,"incorporada":"pendiente","incorporacion_verificada":false,"validacion_pgr_dgii":"pendiente"}},{"type":"Feature","geometry":{"type":"Point","coordinates":[-69.8893947,18.4687244]},"properties":{"id":"IGL-OSM-WAY-406647732","nombre":"Iglesia Bautista Metrpolitana","categoria":"Iglesias debidamente incorporadas - candidatas","religion":"christian","denominacion":"","direccion":"Calle Arzobispo Portes 453","ciudad":"","municipio":"","provincia":"","telefono":"","website":"","osm_type":"way","osm_id":406647732,"osm_url":"https://www.openstreetmap.org/way/406647732","fuente":"OpenStreetMap","validada":false,"incorporada":"pendiente","incorporacion_verificada":false,"validacion_pgr_dgii":"pendiente"}},{"type":"Feature","geometry":{"type":"Point","coordinates":[-69.8703271,18.4904959]},"properties":{"id":"IGL-OSM-NODE-5093311331","nombre":"Iglesia Bautista Ozama (IBO)","categoria":"Iglesias debidamente incorporadas - candidatas","religion":"","denominacion":"","direccion":"","ciudad":"","municipio":"","provincia":"","telefono":"","website":"","osm_type":"node","osm_id":5093311331,"osm_url":"https://www.openstreetmap.org/node/5093311331","fuente":"OpenStreetMap","validada":false,"incorporada":"pendiente","incorporacion_verificada":false,"validacion_pgr_dgii":"pendiente"}},{"type":"Feature","geometry":{"type":"Point","coordinates":[-69.9040392,18.5582811]},"properties":{"id":"IGL-OSM-WAY-223580470","nombre":"Iglesia Bautista Quisqueyana","categoria":"Iglesias debidamente incorporadas - candidatas","religion":"christian","denominacion":"","direccion":"","ciudad":"","municipio":"","provincia":"","telefono":"","website":"","osm_type":"way","osm_id":223580470,"osm_url":"https://www.openstreetmap.org/way/223580470","fuente":"OpenStreetMap","validada":false,"incorporada":"pendiente","incorporacion_verificada":false,"validacion_pgr_dgii":"pendiente"}},{"type":"Feature","geometry":{"type":"Point","coordinates":[-70.6861953,19.4787907]},"properties":{"id":"IGL-OSM-NODE-5383515524","nombre":"Iglesia Bautista Reformada de Santiago","categoria":"Iglesias debidamente incorporadas - candidatas","religion":"","denominacion":"","direccion":"Antonio Haché","ciudad":"","municipio":"","provincia":"","telefono":"","website":"","osm_type":"node","osm_id":5383515524,"osm_url":"https://www.openstreetmap.org/node/5383515524","fuente":"OpenStreetMap","validada":false,"incorporada":"pendiente","incorporacion_verificada":false,"validacion_pgr_dgii":"pendiente"}},{"type":"Feature","geometry":{"type":"Point","coordinates":[-70.1186774,18.4309112]},"properties":{"id":"IGL-OSM-WAY-409009531","nombre":"Iglesia Bautista Vida Eterna","categoria":"Iglesias debidamente incorporadas - candidatas","religion":"christian","denominacion":"","direccion":"Calle Maria Valencia","ciudad":"San Cristóbal","municipio":"","provincia":"","telefono":"","website":"","osm_type":"way","osm_id":409009531,"osm_url":"https://www.openstreetmap.org/way/409009531","fuente":"OpenStreetMap","validada":false,"incorporada":"pendiente","incorporacion_verificada":false,"validacion_pgr_dgii":"pendiente"}},{"type":"Feature","geometry":{"type":"Point","coordinates":[-70.6641984,19.465525]},"properties":{"id":"IGL-OSM-NODE-4853275522","nombre":"Iglesia Bautista Vida Nueva","categoria":"Iglesias debidamente incorporadas - candidatas","religion":"christian","denominacion":"baptist","direccion":"Calle Proyecto S/N","ciudad":"Santiago de los Caballeros","municipio":"","provincia":"","telefono":"809-581-7263","website":"http://www.ibvnrd.org","osm_type":"node","osm_id":4853275522,"osm_url":"https://www.openstreetmap.org/node/4853275522","fuente":"OpenStreetMap","validada":false,"incorporada":"pendiente","incorporacion_verificada":false,"validacion_pgr_dgii":"pendiente"}},{"type":"Feature","geometry":{"type":"Point","coordinates":[-70.6641983,19.4653956]},"properties":{"id":"IGL-OSM-WAY-496655640","nombre":"Iglesia Bautista Vida Nueva","categoria":"Iglesias debidamente incorporadas - candidatas","religion":"christian","denominacion":"baptist","direccion":"Calle Proyecto S/N","ciudad":"Santiago de los Caballeros","municipio":"","provincia":"","telefono":"","website":"","osm_type":"way","osm_id":496655640,"osm_url":"https://www.openstreetmap.org/way/496655640","fuente":"OpenStreetMap","validada":false,"incorporada":"pendiente","incorporacion_verificada":false,"validacion_pgr_dgii":"pendiente"}},{"type":"Feature","geometry":{"type":"Point","coordinates":[-69.8517834,18.4869862]},"properties":{"id":"IGL-OSM-WAY-176347640","nombre":"Iglesia Biblica de la Gracia","categoria":"Iglesias debidamente incorporadas - candidatas","religion":"","denominacion":"","direccion":"","ciudad":"","municipio":"","provincia":"","telefono":"","website":"","osm_type":"way","osm_id":176347640,"osm_url":"https://www.openstreetmap.org/way/176347640","fuente":"OpenStreetMap","validada":false,"incorporada":"pendiente","incorporacion_verificada":false,"validacion_pgr_dgii":"pendiente"}},{"type":"Feature","geometry":{"type":"Point","coordinates":[-69.9516616,18.4620169]},"properties":{"id":"IGL-OSM-WAY-411833385","nombre":"Iglesia Buenas Nuevas","categoria":"Iglesias debidamente incorporadas - candidatas","religion":"christian","denominacion":"","direccion":"","ciudad":"","municipio":"","provincia":"","telefono":"","website":"","osm_type":"way","osm_id":411833385,"osm_url":"https://www.openstreetmap.org/way/411833385","fuente":"OpenStreetMap","validada":false,"incorporada":"pendiente","incorporacion_verificada":false,"validacion_pgr_dgii":"pendiente"}},{"type":"Feature","geometry":{"type":"Point","coordinates":[-70.1806914,18.6849281]},"properties":{"id":"IGL-OSM-WAY-412169956","nombre":"Iglesia Buenas Nuevas","categoria":"Iglesias debidamente incorporadas - candidatas","religion":"christian","denominacion":"","direccion":"Avenida Duarte","ciudad":"Villa Altagracia","municipio":"","provincia":"","telefono":"","website":"","osm_type":"way","osm_id":412169956,"osm_url":"https://www.openstreetmap.org/way/412169956","fuente":"OpenStreetMap","validada":false,"incorporada":"pendiente","incorporacion_verificada":false,"validacion_pgr_dgii":"pendiente"}},{"type":"Feature","geometry":{"type":"Point","coordinates":[-68.712872,18.5985437]},"properties":{"id":"IGL-OSM-WAY-225437765","nombre":"Iglesia Bíblica Comunitaria","categoria":"Iglesias debidamente incorporadas - candidatas","religion":"christian","denominacion":"","direccion":"","ciudad":"","municipio":"","provincia":"","telefono":"","website":"","osm_type":"way","osm_id":225437765,"osm_url":"https://www.openstreetmap.org/way/225437765","fuente":"OpenStreetMap","validada":false,"incorporada":"pendiente","incorporacion_verificada":false,"validacion_pgr_dgii":"pendiente"}},{"type":"Feature","geometry":{"type":"Point","coordinates":[-68.9690203,18.4347078]},"properties":{"id":"IGL-OSM-WAY-332357996","nombre":"Iglesia Bíblica Cristiana","categoria":"Iglesias debidamente incorporadas - candidatas","religion":"christian","denominacion":"Evangélica","direccion":"","ciudad":"","municipio":"","provincia":"","telefono":"","website":"","osm_type":"way","osm_id":332357996,"osm_url":"https://www.openstreetmap.org/way/332357996","fuente":"OpenStreetMap","validada":false,"incorporada":"pendiente","incorporacion_verificada":false,"validacion_pgr_dgii":"pendiente"}},{"type":"Feature","geometry":{"type":"Point","coordinates":[-70.6940539,19.7915691]},"properties":{"id":"IGL-OSM-WAY-366227671","nombre":"Iglesia Bíblica Cristiana Redención","categoria":"Iglesias debidamente incorporadas - candidatas","religion":"christian","denominacion":"","direccion":"Joseph E. Kunhardt 36","ciudad":"Puerto Plata","municipio":"","provincia":"","telefono":"","website":"","osm_type":"way","osm_id":366227671,"osm_url":"https://www.openstreetmap.org/way/366227671","fuente":"OpenStreetMap","validada":false,"incorporada":"pendiente","incorporacion_verificada":false,"validacion_pgr_dgii":"pendiente"}},{"type":"Feature","geometry":{"type":"Point","coordinates":[-69.8228039,18.5039244]},"properties":{"id":"IGL-OSM-NODE-5338858124","nombre":"Iglesia Bíblica de la Trinidad (IBT)","categoria":"Iglesias debidamente incorporadas - candidatas","religion":"","denominacion":"","direccion":"","ciudad":"","municipio":"","provincia":"","telefono":"","website":"","osm_type":"node","osm_id":5338858124,"osm_url":"https://www.openstreetmap.org/node/5338858124","fuente":"OpenStreetMap","validada":false,"incorporada":"pendiente","incorporacion_verificada":false,"validacion_pgr_dgii":"pendiente"}},{"type":"Feature","geometry":{"type":"Point","coordinates":[-70.2988527,19.0027812]},"properties":{"id":"IGL-OSM-NODE-2774462831","nombre":"Iglesia Caballero","categoria":"Iglesias debidamente incorporadas - candidatas","religion":"christian","denominacion":"","direccion":"","ciudad":"Cotui","municipio":"","provincia":"","telefono":"","website":"","osm_type":"node","osm_id":2774462831,"osm_url":"https://www.openstreetmap.org/node/2774462831","fuente":"OpenStreetMap","validada":false,"incorporada":"pendiente","incorporacion_verificada":false,"validacion_pgr_dgii":"pendiente"}},{"type":"Feature","geometry":{"type":"Point","coordinates":[-69.8363188,18.5383397]},"properties":{"id":"IGL-OSM-NODE-6336189485","nombre":"Iglesia camino al cielo","categoria":"Iglesias debidamente incorporadas - candidatas","religion":"","denominacion":"","direccion":"","ciudad":"","municipio":"","provincia":"","telefono":"","website":"","osm_type":"node","osm_id":6336189485,"osm_url":"https://www.openstreetmap.org/node/6336189485","fuente":"OpenStreetMap","validada":false,"incorporada":"pendiente","incorporacion_verificada":false,"validacion_pgr_dgii":"pendiente"}},{"type":"Feature","geometry":{"type":"Point","coordinates":[-70.696853,19.4258272]},"properties":{"id":"IGL-OSM-NODE-4100768817","nombre":"Iglesia Camino De Santidad","categoria":"Iglesias debidamente incorporadas - candidatas","religion":"christian","denominacion":"","direccion":"Av. Yapur Dumit","ciudad":"","municipio":"","provincia":"","telefono":"","website":"","osm_type":"node","osm_id":4100768817,"osm_url":"https://www.openstreetmap.org/node/4100768817","fuente":"OpenStreetMap","validada":false,"incorporada":"pendiente","incorporacion_verificada":false,"validacion_pgr_dgii":"pendiente"}},{"type":"Feature","geometry":{"type":"Point","coordinates":[-69.8383198,18.4730569]},"properties":{"id":"IGL-OSM-NODE-5093481821","nombre":"Iglesia Camino de Santidad","categoria":"Iglesias debidamente incorporadas - candidatas","religion":"","denominacion":"","direccion":"Calle 10","ciudad":"","municipio":"","provincia":"","telefono":"","website":"","osm_type":"node","osm_id":5093481821,"osm_url":"https://www.openstreetmap.org/node/5093481821","fuente":"OpenStreetMap","validada":false,"incorporada":"pendiente","incorporacion_verificada":false,"validacion_pgr_dgii":"pendiente"}},{"type":"Feature","geometry":{"type":"Point","coordinates":[-68.9660232,18.428709]},"properties":{"id":"IGL-OSM-WAY-330964982","nombre":"Iglesia Casa de Betesda","categoria":"Iglesias debidamente incorporadas - candidatas","religion":"christian","denominacion":"Evangélica","direccion":"","ciudad":"","municipio":"","provincia":"","telefono":"","website":"","osm_type":"way","osm_id":330964982,"osm_url":"https://www.openstreetmap.org/way/330964982","fuente":"OpenStreetMap","validada":false,"incorporada":"pendiente","incorporacion_verificada":false,"validacion_pgr_dgii":"pendiente"}},{"type":"Feature","geometry":{"type":"Point","coordinates":[-69.9888105,18.4461679]},"properties":{"id":"IGL-OSM-NODE-5280545417","nombre":"Iglesia Casa de Dios","categoria":"Iglesias debidamente incorporadas - candidatas","religion":"christian","denominacion":"evangelical","direccion":"","ciudad":"","municipio":"","provincia":"","telefono":"","website":"","osm_type":"node","osm_id":5280545417,"osm_url":"https://www.openstreetmap.org/node/5280545417","fuente":"OpenStreetMap","validada":false,"incorporada":"pendiente","incorporacion_verificada":false,"validacion_pgr_dgii":"pendiente"}},{"type":"Feature","geometry":{"type":"Point","coordinates":[-69.8084166,18.5250413]},"properties":{"id":"IGL-OSM-NODE-4714411164","nombre":"Iglesia Casa de Dios y Esperanza de Vida","categoria":"Iglesias debidamente incorporadas - candidatas","religion":"christian","denominacion":"","direccion":"","ciudad":"","municipio":"","provincia":"","telefono":"","website":"","osm_type":"node","osm_id":4714411164,"osm_url":"https://www.openstreetmap.org/node/4714411164","fuente":"OpenStreetMap","validada":false,"incorporada":"pendiente","incorporacion_verificada":false,"validacion_pgr_dgii":"pendiente"}},{"type":"Feature","geometry":{"type":"Point","coordinates":[-69.8077441,18.5025669]},"properties":{"id":"IGL-OSM-WAY-611685877","nombre":"Iglesia Casa de Oración para las Naciones","categoria":"Iglesias debidamente incorporadas - candidatas","religion":"christian","denominacion":"","direccion":"Calle 8 61","ciudad":"Santo Domingo","municipio":"","provincia":"","telefono":"","website":"https://www.casadeoracionparalasnaciones.org/","osm_type":"way","osm_id":611685877,"osm_url":"https://www.openstreetmap.org/way/611685877","fuente":"OpenStreetMap","validada":false,"incorporada":"pendiente","incorporacion_verificada":false,"validacion_pgr_dgii":"pendiente"}},{"type":"Feature","geometry":{"type":"Point","coordinates":[-69.9015185,18.5587682]},"properties":{"id":"IGL-OSM-NODE-6313479302","nombre":"Iglesia Casa de Restauración","categoria":"Iglesias debidamente incorporadas - candidatas","religion":"","denominacion":"","direccion":"","ciudad":"","municipio":"","provincia":"","telefono":"","website":"","osm_type":"node","osm_id":6313479302,"osm_url":"https://www.openstreetmap.org/node/6313479302","fuente":"OpenStreetMap","validada":false,"incorporada":"pendiente","incorporacion_verificada":false,"validacion_pgr_dgii":"pendiente"}},{"type":"Feature","geometry":{"type":"Point","coordinates":[-69.962439,18.4703706]},"properties":{"id":"IGL-OSM-WAY-464003751","nombre":"Iglesia Casa De Zion","categoria":"Iglesias debidamente incorporadas - candidatas","religion":"","denominacion":"","direccion":"","ciudad":"","municipio":"","provincia":"","telefono":"","website":"","osm_type":"way","osm_id":464003751,"osm_url":"https://www.openstreetmap.org/way/464003751","fuente":"OpenStreetMap","validada":false,"incorporada":"pendiente","incorporacion_verificada":false,"validacion_pgr_dgii":"pendiente"}},{"type":"Feature","geometry":{"type":"Point","coordinates":[-69.7797154,18.4960364]},"properties":{"id":"IGL-OSM-NODE-4374646932","nombre":"IGLESIA CATOLICA","categoria":"Iglesias debidamente incorporadas - candidatas","religion":"","denominacion":"","direccion":"","ciudad":"","municipio":"","provincia":"","telefono":"","website":"","osm_type":"node","osm_id":4374646932,"osm_url":"https://www.openstreetmap.org/node/4374646932","fuente":"OpenStreetMap","validada":false,"incorporada":"pendiente","incorporacion_verificada":false,"validacion_pgr_dgii":"pendiente"}},{"type":"Feature","geometry":{"type":"Point","coordinates":[-70.1049733,19.5662921]},"properties":{"id":"IGL-OSM-NODE-4935384263","nombre":"Iglesia Catolica","categoria":"Iglesias debidamente incorporadas - candidatas","religion":"christian","denominacion":"catholic","direccion":"","ciudad":"Río San Juan","municipio":"","provincia":"","telefono":"","website":"","osm_type":"node","osm_id":4935384263,"osm_url":"https://www.openstreetmap.org/node/4935384263","fuente":"OpenStreetMap","validada":false,"incorporada":"pendiente","incorporacion_verificada":false,"validacion_pgr_dgii":"pendiente"}},{"type":"Feature","geometry":{"type":"Point","coordinates":[-69.8995024,18.5515139]},"properties":{"id":"IGL-OSM-WAY-401849103","nombre":"Iglesia Catolica","categoria":"Iglesias debidamente incorporadas - candidatas","religion":"christian","denominacion":"catholic","direccion":"","ciudad":"","municipio":"","provincia":"","telefono":"","website":"","osm_type":"way","osm_id":401849103,"osm_url":"https://www.openstreetmap.org/way/401849103","fuente":"OpenStreetMap","validada":false,"incorporada":"pendiente","incorporacion_verificada":false,"validacion_pgr_dgii":"pendiente"}},{"type":"Feature","geometry":{"type":"Point","coordinates":[-71.2827755,18.0917925]},"properties":{"id":"IGL-OSM-WAY-506266393","nombre":"Iglesia Catolica","categoria":"Iglesias debidamente incorporadas - candidatas","religion":"christian","denominacion":"catholic","direccion":"Emparo","ciudad":"Polo","municipio":"","provincia":"","telefono":"","website":"","osm_type":"way","osm_id":506266393,"osm_url":"https://www.openstreetmap.org/way/506266393","fuente":"OpenStreetMap","validada":false,"incorporada":"pendiente","incorporacion_verificada":false,"validacion_pgr_dgii":"pendiente"}},{"type":"Feature","geometry":{"type":"Point","coordinates":[-70.1533442,19.057782]},"properties":{"id":"IGL-OSM-NODE-5064585224","nombre":"Iglesia Catolica de Cotui","categoria":"Iglesias debidamente incorporadas - candidatas","religion":"","denominacion":"","direccion":"","ciudad":"","municipio":"","provincia":"","telefono":"","website":"","osm_type":"node","osm_id":5064585224,"osm_url":"https://www.openstreetmap.org/node/5064585224","fuente":"OpenStreetMap","validada":false,"incorporada":"pendiente","incorporacion_verificada":false,"validacion_pgr_dgii":"pendiente"}},{"type":"Feature","geometry":{"type":"Point","coordinates":[-70.1122539,18.3898695]},"properties":{"id":"IGL-OSM-NODE-5401768699","nombre":"Iglesia Catolica de Sainagua","categoria":"Iglesias debidamente incorporadas - candidatas","religion":"christian","denominacion":"","direccion":"","ciudad":"","municipio":"","provincia":"","telefono":"","website":"","osm_type":"node","osm_id":5401768699,"osm_url":"https://www.openstreetmap.org/node/5401768699","fuente":"OpenStreetMap","validada":false,"incorporada":"pendiente","incorporacion_verificada":false,"validacion_pgr_dgii":"pendiente"}},{"type":"Feature","geometry":{"type":"Point","coordinates":[-70.3013889,19.239758]},"properties":{"id":"IGL-OSM-NODE-6371472616","nombre":"Iglesia Catolica La Altagracia","categoria":"Iglesias debidamente incorporadas - candidatas","religion":"christian","denominacion":"catholic","direccion":"","ciudad":"","municipio":"","provincia":"","telefono":"","website":"","osm_type":"node","osm_id":6371472616,"osm_url":"https://www.openstreetmap.org/node/6371472616","fuente":"OpenStreetMap","validada":false,"incorporada":"pendiente","incorporacion_verificada":false,"validacion_pgr_dgii":"pendiente"}},{"type":"Feature","geometry":{"type":"Point","coordinates":[-71.1671484,17.9914705]},"properties":{"id":"IGL-OSM-WAY-975100732","nombre":"Iglesia catolica Paraiso","categoria":"Iglesias debidamente incorporadas - candidatas","religion":"christian","denominacion":"","direccion":"","ciudad":"","municipio":"","provincia":"","telefono":"","website":"","osm_type":"way","osm_id":975100732,"osm_url":"https://www.openstreetmap.org/way/975100732","fuente":"OpenStreetMap","validada":false,"incorporada":"pendiente","incorporacion_verificada":false,"validacion_pgr_dgii":"pendiente"}},{"type":"Feature","geometry":{"type":"Point","coordinates":[-71.4004639,17.8010759]},"properties":{"id":"IGL-OSM-WAY-1299913828","nombre":"Iglesia Católica","categoria":"Iglesias debidamente incorporadas - candidatas","religion":"christian","denominacion":"catholic","direccion":"","ciudad":"","municipio":"","provincia":"","telefono":"","website":"","osm_type":"way","osm_id":1299913828,"osm_url":"https://www.openstreetmap.org/way/1299913828","fuente":"OpenStreetMap","validada":false,"incorporada":"pendiente","incorporacion_verificada":false,"validacion_pgr_dgii":"pendiente"}},{"type":"Feature","geometry":{"type":"Point","coordinates":[-70.9231573,19.7256948]},"properties":{"id":"IGL-OSM-WAY-489656358","nombre":"Iglesia Católica","categoria":"Iglesias debidamente incorporadas - candidatas","religion":"christian","denominacion":"","direccion":"","ciudad":"","municipio":"","provincia":"","telefono":"","website":"","osm_type":"way","osm_id":489656358,"osm_url":"https://www.openstreetmap.org/way/489656358","fuente":"OpenStreetMap","validada":false,"incorporada":"pendiente","incorporacion_verificada":false,"validacion_pgr_dgii":"pendiente"}},{"type":"Feature","geometry":{"type":"Point","coordinates":[-69.035865,18.7628293]},"properties":{"id":"IGL-OSM-WAY-493319365","nombre":"Iglesia Católica","categoria":"Iglesias debidamente incorporadas - candidatas","religion":"christian","denominacion":"","direccion":"","ciudad":"","municipio":"","provincia":"","telefono":"","website":"","osm_type":"way","osm_id":493319365,"osm_url":"https://www.openstreetmap.org/way/493319365","fuente":"OpenStreetMap","validada":false,"incorporada":"pendiente","incorporacion_verificada":false,"validacion_pgr_dgii":"pendiente"}},{"type":"Feature","geometry":{"type":"Point","coordinates":[-68.9208792,18.7556869]},"properties":{"id":"IGL-OSM-WAY-494788564","nombre":"Iglesia Católica","categoria":"Iglesias debidamente incorporadas - candidatas","religion":"christian","denominacion":"","direccion":"","ciudad":"","municipio":"","provincia":"","telefono":"","website":"","osm_type":"way","osm_id":494788564,"osm_url":"https://www.openstreetmap.org/way/494788564","fuente":"OpenStreetMap","validada":false,"incorporada":"pendiente","incorporacion_verificada":false,"validacion_pgr_dgii":"pendiente"}},{"type":"Feature","geometry":{"type":"Point","coordinates":[-71.1077385,18.2056837]},"properties":{"id":"IGL-OSM-WAY-690809056","nombre":"Iglesia Católica Cristo Rey","categoria":"Iglesias debidamente incorporadas - candidatas","religion":"","denominacion":"","direccion":"","ciudad":"","municipio":"","provincia":"","telefono":"","website":"","osm_type":"way","osm_id":690809056,"osm_url":"https://www.openstreetmap.org/way/690809056","fuente":"OpenStreetMap","validada":false,"incorporada":"pendiente","incorporacion_verificada":false,"validacion_pgr_dgii":"pendiente"}},{"type":"Feature","geometry":{"type":"Point","coordinates":[-71.2920854,18.2935167]},"properties":{"id":"IGL-OSM-WAY-690332039","nombre":"Iglesia Católica de Cristóbal","categoria":"Iglesias debidamente incorporadas - candidatas","religion":"","denominacion":"","direccion":"","ciudad":"","municipio":"","provincia":"","telefono":"","website":"","osm_type":"way","osm_id":690332039,"osm_url":"https://www.openstreetmap.org/way/690332039","fuente":"OpenStreetMap","validada":false,"incorporada":"pendiente","incorporacion_verificada":false,"validacion_pgr_dgii":"pendiente"}},{"type":"Feature","geometry":{"type":"Point","coordinates":[-71.1498975,19.4108083]},"properties":{"id":"IGL-OSM-WAY-493307800","nombre":"Iglesia Católica de Monción","categoria":"Iglesias debidamente incorporadas - candidatas","religion":"christian","denominacion":"","direccion":"Calle Juan Pablo Duarte","ciudad":"Monción","municipio":"","provincia":"","telefono":"","website":"","osm_type":"way","osm_id":493307800,"osm_url":"https://www.openstreetmap.org/way/493307800","fuente":"OpenStreetMap","validada":false,"incorporada":"pendiente","incorporacion_verificada":false,"validacion_pgr_dgii":"pendiente"}},{"type":"Feature","geometry":{"type":"Point","coordinates":[-70.8257399,18.4146747]},"properties":{"id":"IGL-OSM-WAY-302349297","nombre":"Iglesia católica de Proyecto 4","categoria":"Iglesias debidamente incorporadas - candidatas","religion":"","denominacion":"","direccion":"","ciudad":"","municipio":"","provincia":"","telefono":"","website":"","osm_type":"way","osm_id":302349297,"osm_url":"https://www.openstreetmap.org/way/302349297","fuente":"OpenStreetMap","validada":false,"incorporada":"pendiente","incorporacion_verificada":false,"validacion_pgr_dgii":"pendiente"}},{"type":"Feature","geometry":{"type":"Point","coordinates":[-71.4214958,18.4814596]},"properties":{"id":"IGL-OSM-WAY-623613422","nombre":"Iglesia Católica San Bartolomé Apóstol","categoria":"Iglesias debidamente incorporadas - candidatas","religion":"christian","denominacion":"catholic","direccion":"","ciudad":"","municipio":"","provincia":"","telefono":"","website":"","osm_type":"way","osm_id":623613422,"osm_url":"https://www.openstreetmap.org/way/623613422","fuente":"OpenStreetMap","validada":false,"incorporada":"pendiente","incorporacion_verificada":false,"validacion_pgr_dgii":"pendiente"}},{"type":"Feature","geometry":{"type":"Point","coordinates":[-69.4341802,19.2397524]},"properties":{"id":"IGL-OSM-NODE-7699503961","nombre":"Iglesia Católica San Martin De Porres","categoria":"Iglesias debidamente incorporadas - candidatas","religion":"christian","denominacion":"catholic","direccion":"Samaná - El Limón","ciudad":"Samaná","municipio":"","provincia":"","telefono":"","website":"","osm_type":"node","osm_id":7699503961,"osm_url":"https://www.openstreetmap.org/node/7699503961","fuente":"OpenStreetMap","validada":false,"incorporada":"pendiente","incorporacion_verificada":false,"validacion_pgr_dgii":"pendiente"}},{"type":"Feature","geometry":{"type":"Point","coordinates":[-71.7041708,18.8769611]},"properties":{"id":"IGL-OSM-WAY-363645209","nombre":"Iglesia Católica Santa Isabel","categoria":"Iglesias debidamente incorporadas - candidatas","religion":"","denominacion":"","direccion":"","ciudad":"","municipio":"","provincia":"","telefono":"","website":"","osm_type":"way","osm_id":363645209,"osm_url":"https://www.openstreetmap.org/way/363645209","fuente":"OpenStreetMap","validada":false,"incorporada":"pendiente","incorporacion_verificada":false,"validacion_pgr_dgii":"pendiente"}},{"type":"Feature","geometry":{"type":"Point","coordinates":[-69.8618137,18.5382893]},"properties":{"id":"IGL-OSM-WAY-414221004","nombre":"Iglesia Cauzao","categoria":"Iglesias debidamente incorporadas - candidatas","religion":"christian","denominacion":"","direccion":"","ciudad":"","municipio":"","provincia":"","telefono":"","website":"","osm_type":"way","osm_id":414221004,"osm_url":"https://www.openstreetmap.org/way/414221004","fuente":"OpenStreetMap","validada":false,"incorporada":"pendiente","incorporacion_verificada":false,"validacion_pgr_dgii":"pendiente"}},{"type":"Feature","geometry":{"type":"Point","coordinates":[-69.8284028,18.4791995]},"properties":{"id":"IGL-OSM-WAY-407795225","nombre":"Iglesia Central de Concilio Evangelico Pentecostal Raudal De Luz Inc.","categoria":"Iglesias debidamente incorporadas - candidatas","religion":"christian","denominacion":"","direccion":"Calle Las Carreras","ciudad":"","municipio":"","provincia":"","telefono":"","website":"","osm_type":"way","osm_id":407795225,"osm_url":"https://www.openstreetmap.org/way/407795225","fuente":"OpenStreetMap","validada":false,"incorporada":"pendiente","incorporacion_verificada":false,"validacion_pgr_dgii":"pendiente"}},{"type":"Feature","geometry":{"type":"Point","coordinates":[-69.8288212,18.4887267]},"properties":{"id":"IGL-OSM-WAY-412169901","nombre":"Iglesia Centro","categoria":"Iglesias debidamente incorporadas - candidatas","religion":"christian","denominacion":"","direccion":"","ciudad":"","municipio":"","provincia":"","telefono":"","website":"","osm_type":"way","osm_id":412169901,"osm_url":"https://www.openstreetmap.org/way/412169901","fuente":"OpenStreetMap","validada":false,"incorporada":"pendiente","incorporacion_verificada":false,"validacion_pgr_dgii":"pendiente"}},{"type":"Feature","geometry":{"type":"Point","coordinates":[-69.8693857,18.5127047]},"properties":{"id":"IGL-OSM-WAY-412815083","nombre":"Iglesia Centro de Adoración","categoria":"Iglesias debidamente incorporadas - candidatas","religion":"christian","denominacion":"","direccion":"Avenida Fernandez Navarrete","ciudad":"Santo Domingo Este","municipio":"","provincia":"","telefono":"","website":"","osm_type":"way","osm_id":412815083,"osm_url":"https://www.openstreetmap.org/way/412815083","fuente":"OpenStreetMap","validada":false,"incorporada":"pendiente","incorporacion_verificada":false,"validacion_pgr_dgii":"pendiente"}},{"type":"Feature","geometry":{"type":"Point","coordinates":[-69.8512958,18.4891201]},"properties":{"id":"IGL-OSM-WAY-412823201","nombre":"Iglesia Centro de Restauración & Avivamiento","categoria":"Iglesias debidamente incorporadas - candidatas","religion":"christian","denominacion":"","direccion":"Calle Club Rotario","ciudad":"","municipio":"","provincia":"","telefono":"","website":"","osm_type":"way","osm_id":412823201,"osm_url":"https://www.openstreetmap.org/way/412823201","fuente":"OpenStreetMap","validada":false,"incorporada":"pendiente","incorporacion_verificada":false,"validacion_pgr_dgii":"pendiente"}},{"type":"Feature","geometry":{"type":"Point","coordinates":[-70.1186,18.4138114]},"properties":{"id":"IGL-OSM-NODE-4121330431","nombre":"Iglesia Centro Mundial de Restauracion Familiar","categoria":"Iglesias debidamente incorporadas - candidatas","religion":"christian","denominacion":"","direccion":"Carretera Sánchez","ciudad":"San Cristóbal","municipio":"","provincia":"","telefono":"","website":"","osm_type":"node","osm_id":4121330431,"osm_url":"https://www.openstreetmap.org/node/4121330431","fuente":"OpenStreetMap","validada":false,"incorporada":"pendiente","incorporacion_verificada":false,"validacion_pgr_dgii":"pendiente"}},{"type":"Feature","geometry":{"type":"Point","coordinates":[-69.8933172,18.5011863]},"properties":{"id":"IGL-OSM-WAY-533853526","nombre":"Iglesia Circulo de Oracion","categoria":"Iglesias debidamente incorporadas - candidatas","religion":"christian","denominacion":"","direccion":"Interior G Hermanos Deligne 257","ciudad":"Distrito Nacional","municipio":"","provincia":"","telefono":"","website":"","osm_type":"way","osm_id":533853526,"osm_url":"https://www.openstreetmap.org/way/533853526","fuente":"OpenStreetMap","validada":false,"incorporada":"pendiente","incorporacion_verificada":false,"validacion_pgr_dgii":"pendiente"}},{"type":"Feature","geometry":{"type":"Point","coordinates":[-68.717994,18.5945363]},"properties":{"id":"IGL-OSM-WAY-865177177","nombre":"Iglesia Ciudad Plenitud","categoria":"Iglesias debidamente incorporadas - candidatas","religion":"","denominacion":"","direccion":"","ciudad":"","municipio":"","provincia":"","telefono":"","website":"","osm_type":"way","osm_id":865177177,"osm_url":"https://www.openstreetmap.org/way/865177177","fuente":"OpenStreetMap","validada":false,"incorporada":"pendiente","incorporacion_verificada":false,"validacion_pgr_dgii":"pendiente"}},{"type":"Feature","geometry":{"type":"Point","coordinates":[-69.7303307,18.4710054]},"properties":{"id":"IGL-OSM-WAY-410662497","nombre":"Iglesia Comunitaria Remanente Fiel","categoria":"Iglesias debidamente incorporadas - candidatas","religion":"christian","denominacion":"","direccion":"Duarte","ciudad":"","municipio":"","provincia":"","telefono":"","website":"","osm_type":"way","osm_id":410662497,"osm_url":"https://www.openstreetmap.org/way/410662497","fuente":"OpenStreetMap","validada":false,"incorporada":"pendiente","incorporacion_verificada":false,"validacion_pgr_dgii":"pendiente"}},{"type":"Feature","geometry":{"type":"Point","coordinates":[-70.6873687,19.4645205]},"properties":{"id":"IGL-OSM-WAY-635648260","nombre":"Iglesia Corazón de Jesús","categoria":"Iglesias debidamente incorporadas - candidatas","religion":"christian","denominacion":"","direccion":"","ciudad":"","municipio":"","provincia":"","telefono":"","website":"","osm_type":"way","osm_id":635648260,"osm_url":"https://www.openstreetmap.org/way/635648260","fuente":"OpenStreetMap","validada":false,"incorporada":"pendiente","incorporacion_verificada":false,"validacion_pgr_dgii":"pendiente"}},{"type":"Feature","geometry":{"type":"Point","coordinates":[-70.7087725,19.4289905]},"properties":{"id":"IGL-OSM-WAY-407998663","nombre":"Iglesia Cristiana","categoria":"Iglesias debidamente incorporadas - candidatas","religion":"christian","denominacion":"","direccion":"Av. Nuñez De Cácerez","ciudad":"","municipio":"","provincia":"","telefono":"","website":"","osm_type":"way","osm_id":407998663,"osm_url":"https://www.openstreetmap.org/way/407998663","fuente":"OpenStreetMap","validada":false,"incorporada":"pendiente","incorporacion_verificada":false,"validacion_pgr_dgii":"pendiente"}},{"type":"Feature","geometry":{"type":"Point","coordinates":[-70.0204274,18.5235399]},"properties":{"id":"IGL-OSM-WAY-412556811","nombre":"Iglesia Cristiana Adulam","categoria":"Iglesias debidamente incorporadas - candidatas","religion":"christian","denominacion":"","direccion":"Calle Duarte","ciudad":"","municipio":"","provincia":"","telefono":"","website":"","osm_type":"way","osm_id":412556811,"osm_url":"https://www.openstreetmap.org/way/412556811","fuente":"OpenStreetMap","validada":false,"incorporada":"pendiente","incorporacion_verificada":false,"validacion_pgr_dgii":"pendiente"}},{"type":"Feature","geometry":{"type":"Point","coordinates":[-69.8065042,18.5176228]},"properties":{"id":"IGL-OSM-NODE-4322649889","nombre":"iglesia cristiana arca de salvación","categoria":"Iglesias debidamente incorporadas - candidatas","religion":"","denominacion":"","direccion":"Calle Patria Mirabal 25","ciudad":"","municipio":"","provincia":"","telefono":"","website":"","osm_type":"node","osm_id":4322649889,"osm_url":"https://www.openstreetmap.org/node/4322649889","fuente":"OpenStreetMap","validada":false,"incorporada":"pendiente","incorporacion_verificada":false,"validacion_pgr_dgii":"pendiente"}},{"type":"Feature","geometry":{"type":"Point","coordinates":[-69.9499697,18.5045752]},"properties":{"id":"IGL-OSM-WAY-408014674","nombre":"Iglesia Cristiana Arroyo de Vida","categoria":"Iglesias debidamente incorporadas - candidatas","religion":"christian","denominacion":"","direccion":"","ciudad":"","municipio":"","provincia":"","telefono":"","website":"","osm_type":"way","osm_id":408014674,"osm_url":"https://www.openstreetmap.org/way/408014674","fuente":"OpenStreetMap","validada":false,"incorporada":"pendiente","incorporacion_verificada":false,"validacion_pgr_dgii":"pendiente"}},{"type":"Feature","geometry":{"type":"Point","coordinates":[-69.972679,18.4700473]},"properties":{"id":"IGL-OSM-WAY-411804441","nombre":"Iglesia Cristiana Casa de Adoración","categoria":"Iglesias debidamente incorporadas - candidatas","religion":"christian","denominacion":"","direccion":"","ciudad":"","municipio":"","provincia":"","telefono":"","website":"","osm_type":"way","osm_id":411804441,"osm_url":"https://www.openstreetmap.org/way/411804441","fuente":"OpenStreetMap","validada":false,"incorporada":"pendiente","incorporacion_verificada":false,"validacion_pgr_dgii":"pendiente"}},{"type":"Feature","geometry":{"type":"Point","coordinates":[-69.9022749,18.4977825]},"properties":{"id":"IGL-OSM-WAY-408036540","nombre":"Iglesia Cristiana Casa de Alfarero","categoria":"Iglesias debidamente incorporadas - candidatas","religion":"christian","denominacion":"","direccion":"Avenida Duarte 385","ciudad":"","municipio":"","provincia":"","telefono":"","website":"","osm_type":"way","osm_id":408036540,"osm_url":"https://www.openstreetmap.org/way/408036540","fuente":"OpenStreetMap","validada":false,"incorporada":"pendiente","incorporacion_verificada":false,"validacion_pgr_dgii":"pendiente"}},{"type":"Feature","geometry":{"type":"Point","coordinates":[-70.0175791,18.5246947]},"properties":{"id":"IGL-OSM-WAY-412536352","nombre":"Iglesia Cristiana Comunitaria Roca Fuerte","categoria":"Iglesias debidamente incorporadas - candidatas","religion":"christian","denominacion":"","direccion":"Altagracia","ciudad":"","municipio":"","provincia":"","telefono":"","website":"","osm_type":"way","osm_id":412536352,"osm_url":"https://www.openstreetmap.org/way/412536352","fuente":"OpenStreetMap","validada":false,"incorporada":"pendiente","incorporacion_verificada":false,"validacion_pgr_dgii":"pendiente"}},{"type":"Feature","geometry":{"type":"Point","coordinates":[-70.7260771,18.4623155]},"properties":{"id":"IGL-OSM-NODE-2223847885","nombre":"Iglesia Cristiana de la Comunidad","categoria":"Iglesias debidamente incorporadas - candidatas","religion":"christian","denominacion":"evangelical","direccion":"Jose Leger","ciudad":"Azua","municipio":"","provincia":"","telefono":"","website":"","osm_type":"node","osm_id":2223847885,"osm_url":"https://www.openstreetmap.org/node/2223847885","fuente":"OpenStreetMap","validada":false,"incorporada":"pendiente","incorporacion_verificada":false,"validacion_pgr_dgii":"pendiente"}},{"type":"Feature","geometry":{"type":"Point","coordinates":[-69.9911129,18.4859229]},"properties":{"id":"IGL-OSM-WAY-412119717","nombre":"Iglesia Cristiana de la Comunidad","categoria":"Iglesias debidamente incorporadas - candidatas","religion":"christian","denominacion":"evangelical","direccion":"Avenida Los Beisbolistas 121","ciudad":"Santo Domingo Oeste","municipio":"","provincia":"","telefono":"809-379-1607","website":"http://www.igleccom.org/","osm_type":"way","osm_id":412119717,"osm_url":"https://www.openstreetmap.org/way/412119717","fuente":"OpenStreetMap","validada":false,"incorporada":"pendiente","incorporacion_verificada":false,"validacion_pgr_dgii":"pendiente"}},{"type":"Feature","geometry":{"type":"Point","coordinates":[-70.0564821,18.5221177]},"properties":{"id":"IGL-OSM-WAY-574767316","nombre":"Iglesia Cristiana de la Comunidad","categoria":"Iglesias debidamente incorporadas - candidatas","religion":"christian","denominacion":"evangelical","direccion":"","ciudad":"Los Alcarrizos","municipio":"","provincia":"","telefono":"","website":"","osm_type":"way","osm_id":574767316,"osm_url":"https://www.openstreetmap.org/way/574767316","fuente":"OpenStreetMap","validada":false,"incorporada":"pendiente","incorporacion_verificada":false,"validacion_pgr_dgii":"pendiente"}},{"type":"Feature","geometry":{"type":"Point","coordinates":[-68.3906117,18.6218263]},"properties":{"id":"IGL-OSM-NODE-13075215407","nombre":"Iglesia Cristiana de la Gracia (ICG)","categoria":"Iglesias debidamente incorporadas - candidatas","religion":"christian","denominacion":"","direccion":"","ciudad":"","municipio":"","provincia":"","telefono":"","website":"","osm_type":"node","osm_id":13075215407,"osm_url":"https://www.openstreetmap.org/node/13075215407","fuente":"OpenStreetMap","validada":false,"incorporada":"pendiente","incorporacion_verificada":false,"validacion_pgr_dgii":"pendiente"}},{"type":"Feature","geometry":{"type":"Point","coordinates":[-70.7302303,19.488816]},"properties":{"id":"IGL-OSM-WAY-408711304","nombre":"Iglesia Cristiana Del Primer Amor","categoria":"Iglesias debidamente incorporadas - candidatas","religion":"christian","denominacion":"","direccion":"C-12","ciudad":"Santiago","municipio":"","provincia":"","telefono":"","website":"","osm_type":"way","osm_id":408711304,"osm_url":"https://www.openstreetmap.org/way/408711304","fuente":"OpenStreetMap","validada":false,"incorporada":"pendiente","incorporacion_verificada":false,"validacion_pgr_dgii":"pendiente"}},{"type":"Feature","geometry":{"type":"Point","coordinates":[-70.3988303,18.9342185]},"properties":{"id":"IGL-OSM-WAY-413415416","nombre":"Iglesia Cristiana Discipulos De Cristo","categoria":"Iglesias debidamente incorporadas - candidatas","religion":"christian","denominacion":"","direccion":"Jaragua","ciudad":"Bonao","municipio":"","provincia":"","telefono":"","website":"","osm_type":"way","osm_id":413415416,"osm_url":"https://www.openstreetmap.org/way/413415416","fuente":"OpenStreetMap","validada":false,"incorporada":"pendiente","incorporacion_verificada":false,"validacion_pgr_dgii":"pendiente"}},{"type":"Feature","geometry":{"type":"Point","coordinates":[-69.9718394,18.4723148]},"properties":{"id":"IGL-OSM-WAY-411804455","nombre":"Iglesia Cristiana el Sembrador Inc.","categoria":"Iglesias debidamente incorporadas - candidatas","religion":"christian","denominacion":"","direccion":"","ciudad":"","municipio":"","provincia":"","telefono":"","website":"","osm_type":"way","osm_id":411804455,"osm_url":"https://www.openstreetmap.org/way/411804455","fuente":"OpenStreetMap","validada":false,"incorporada":"pendiente","incorporacion_verificada":false,"validacion_pgr_dgii":"pendiente"}},{"type":"Feature","geometry":{"type":"Point","coordinates":[-70.2055819,18.3438927]},"properties":{"id":"IGL-OSM-WAY-1169219739","nombre":"Iglesia Cristiana Emmanuel","categoria":"Iglesias debidamente incorporadas - candidatas","religion":"christian","denominacion":"pentecostal","direccion":"","ciudad":"","municipio":"","provincia":"","telefono":"+18296832327","website":"","osm_type":"way","osm_id":1169219739,"osm_url":"https://www.openstreetmap.org/way/1169219739","fuente":"OpenStreetMap","validada":false,"incorporada":"pendiente","incorporacion_verificada":false,"validacion_pgr_dgii":"pendiente"}},{"type":"Feature","geometry":{"type":"Point","coordinates":[-69.8850899,18.4888004]},"properties":{"id":"IGL-OSM-NODE-5093944321","nombre":"Iglesia cristiana familiar resturacion divina","categoria":"Iglesias debidamente incorporadas - candidatas","religion":"","denominacion":"","direccion":"Avenida Albert Thomas 6","ciudad":"","municipio":"","provincia":"","telefono":"+18092681627","website":"","osm_type":"node","osm_id":5093944321,"osm_url":"https://www.openstreetmap.org/node/5093944321","fuente":"OpenStreetMap","validada":false,"incorporada":"pendiente","incorporacion_verificada":false,"validacion_pgr_dgii":"pendiente"}},{"type":"Feature","geometry":{"type":"Point","coordinates":[-69.8052686,18.5189596]},"properties":{"id":"IGL-OSM-NODE-4623595690","nombre":"Iglesia cristiana la profecía","categoria":"Iglesias debidamente incorporadas - candidatas","religion":"","denominacion":"","direccion":"Calle Manuela Diez","ciudad":"","municipio":"","provincia":"","telefono":"","website":"","osm_type":"node","osm_id":4623595690,"osm_url":"https://www.openstreetmap.org/node/4623595690","fuente":"OpenStreetMap","validada":false,"incorporada":"pendiente","incorporacion_verificada":false,"validacion_pgr_dgii":"pendiente"}},{"type":"Feature","geometry":{"type":"Point","coordinates":[-70.7017663,19.4679986]},"properties":{"id":"IGL-OSM-WAY-409849896","nombre":"Iglesia Cristiana Levantando Al Caido","categoria":"Iglesias debidamente incorporadas - candidatas","religion":"christian","denominacion":"","direccion":"Calle C-19 56","ciudad":"Santiago","municipio":"","provincia":"","telefono":"","website":"","osm_type":"way","osm_id":409849896,"osm_url":"https://www.openstreetmap.org/way/409849896","fuente":"OpenStreetMap","validada":false,"incorporada":"pendiente","incorporacion_verificada":false,"validacion_pgr_dgii":"pendiente"}},{"type":"Feature","geometry":{"type":"Point","coordinates":[-70.1239695,18.4353116]},"properties":{"id":"IGL-OSM-WAY-468747757","nombre":"Iglesia Cristiana Lirio de los Valles","categoria":"Iglesias debidamente incorporadas - candidatas","religion":"christian","denominacion":"protestant","direccion":"","ciudad":"","municipio":"","provincia":"","telefono":"","website":"","osm_type":"way","osm_id":468747757,"osm_url":"https://www.openstreetmap.org/way/468747757","fuente":"OpenStreetMap","validada":false,"incorporada":"pendiente","incorporacion_verificada":false,"validacion_pgr_dgii":"pendiente"}},{"type":"Feature","geometry":{"type":"Point","coordinates":[-69.8129604,18.5242765]},"properties":{"id":"IGL-OSM-NODE-4347544091","nombre":"iglesia Cristiana Mi Alto refugio","categoria":"Iglesias debidamente incorporadas - candidatas","religion":"","denominacion":"","direccion":"Calle Alonzo Perez","ciudad":"","municipio":"","provincia":"","telefono":"","website":"","osm_type":"node","osm_id":4347544091,"osm_url":"https://www.openstreetmap.org/node/4347544091","fuente":"OpenStreetMap","validada":false,"incorporada":"pendiente","incorporacion_verificada":false,"validacion_pgr_dgii":"pendiente"}},{"type":"Feature","geometry":{"type":"Point","coordinates":[-70.6593136,19.4562876]},"properties":{"id":"IGL-OSM-WAY-408040987","nombre":"Iglesia Cristiana Oasis","categoria":"Iglesias debidamente incorporadas - candidatas","religion":"christian","denominacion":"","direccion":"Calle 7 2","ciudad":"Santiago","municipio":"","provincia":"","telefono":"","website":"","osm_type":"way","osm_id":408040987,"osm_url":"https://www.openstreetmap.org/way/408040987","fuente":"OpenStreetMap","validada":false,"incorporada":"pendiente","incorporacion_verificada":false,"validacion_pgr_dgii":"pendiente"}},{"type":"Feature","geometry":{"type":"Point","coordinates":[-69.7794224,18.4999077]},"properties":{"id":"IGL-OSM-WAY-1079143915","nombre":"Iglesia Cristiana Pacto De Gloria","categoria":"Iglesias debidamente incorporadas - candidatas","religion":"christian","denominacion":"","direccion":"","ciudad":"","municipio":"","provincia":"","telefono":"","website":"","osm_type":"way","osm_id":1079143915,"osm_url":"https://www.openstreetmap.org/way/1079143915","fuente":"OpenStreetMap","validada":false,"incorporada":"pendiente","incorporacion_verificada":false,"validacion_pgr_dgii":"pendiente"}},{"type":"Feature","geometry":{"type":"Point","coordinates":[-70.8333593,19.3193629]},"properties":{"id":"IGL-OSM-WAY-1197762311","nombre":"Iglesia Cristiana Pentecostal","categoria":"Iglesias debidamente incorporadas - candidatas","religion":"christian","denominacion":"pentecostal","direccion":"","ciudad":"","municipio":"","provincia":"","telefono":"","website":"","osm_type":"way","osm_id":1197762311,"osm_url":"https://www.openstreetmap.org/way/1197762311","fuente":"OpenStreetMap","validada":false,"incorporada":"pendiente","incorporacion_verificada":false,"validacion_pgr_dgii":"pendiente"}},{"type":"Feature","geometry":{"type":"Point","coordinates":[-69.8059103,18.4866175]},"properties":{"id":"IGL-OSM-WAY-410659600","nombre":"Iglesia Cristiana Pentecostal","categoria":"Iglesias debidamente incorporadas - candidatas","religion":"christian","denominacion":"","direccion":"","ciudad":"","municipio":"","provincia":"","telefono":"","website":"","osm_type":"way","osm_id":410659600,"osm_url":"https://www.openstreetmap.org/way/410659600","fuente":"OpenStreetMap","validada":false,"incorporada":"pendiente","incorporacion_verificada":false,"validacion_pgr_dgii":"pendiente"}},{"type":"Feature","geometry":{"type":"Point","coordinates":[-69.7627915,18.4913989]},"properties":{"id":"IGL-OSM-NODE-13891330601","nombre":"Iglesia Cristiana Pentecostal Cristo es el que salva","categoria":"Iglesias debidamente incorporadas - candidatas","religion":"","denominacion":"","direccion":"","ciudad":"","municipio":"","provincia":"","telefono":"","website":"","osm_type":"node","osm_id":13891330601,"osm_url":"https://www.openstreetmap.org/node/13891330601","fuente":"OpenStreetMap","validada":false,"incorporada":"pendiente","incorporacion_verificada":false,"validacion_pgr_dgii":"pendiente"}},{"type":"Feature","geometry":{"type":"Point","coordinates":[-69.8405851,18.5029537]},"properties":{"id":"IGL-OSM-NODE-4318453343","nombre":"iglesia cristiana pentecostal fuente de vida","categoria":"Iglesias debidamente incorporadas - candidatas","religion":"","denominacion":"","direccion":"","ciudad":"","municipio":"","provincia":"","telefono":"","website":"","osm_type":"node","osm_id":4318453343,"osm_url":"https://www.openstreetmap.org/node/4318453343","fuente":"OpenStreetMap","validada":false,"incorporada":"pendiente","incorporacion_verificada":false,"validacion_pgr_dgii":"pendiente"}},{"type":"Feature","geometry":{"type":"Point","coordinates":[-69.9255163,18.5431453]},"properties":{"id":"IGL-OSM-WAY-409819827","nombre":"Iglesia Cristiana Poder de Dios","categoria":"Iglesias debidamente incorporadas - candidatas","religion":"christian","denominacion":"","direccion":"Libertad","ciudad":"","municipio":"","provincia":"","telefono":"","website":"","osm_type":"way","osm_id":409819827,"osm_url":"https://www.openstreetmap.org/way/409819827","fuente":"OpenStreetMap","validada":false,"incorporada":"pendiente","incorporacion_verificada":false,"validacion_pgr_dgii":"pendiente"}},{"type":"Feature","geometry":{"type":"Point","coordinates":[-69.570212,18.4833056]},"properties":{"id":"IGL-OSM-WAY-1374528367","nombre":"Iglesia Cristiana Reformada Gautier","categoria":"Iglesias debidamente incorporadas - candidatas","religion":"","denominacion":"","direccion":"","ciudad":"","municipio":"","provincia":"","telefono":"","website":"","osm_type":"way","osm_id":1374528367,"osm_url":"https://www.openstreetmap.org/way/1374528367","fuente":"OpenStreetMap","validada":false,"incorporada":"pendiente","incorporacion_verificada":false,"validacion_pgr_dgii":"pendiente"}},{"type":"Feature","geometry":{"type":"Point","coordinates":[-68.9472541,18.69274]},"properties":{"id":"IGL-OSM-WAY-1368185392","nombre":"Iglesia Cristiana Reformada Inc.","categoria":"Iglesias debidamente incorporadas - candidatas","religion":"","denominacion":"","direccion":"","ciudad":"","municipio":"","provincia":"","telefono":"","website":"","osm_type":"way","osm_id":1368185392,"osm_url":"https://www.openstreetmap.org/way/1368185392","fuente":"OpenStreetMap","validada":false,"incorporada":"pendiente","incorporacion_verificada":false,"validacion_pgr_dgii":"pendiente"}},{"type":"Feature","geometry":{"type":"Point","coordinates":[-68.8356953,18.4436155]},"properties":{"id":"IGL-OSM-WAY-1369377930","nombre":"Iglesia Cristiana Reformada Inc.","categoria":"Iglesias debidamente incorporadas - candidatas","religion":"","denominacion":"","direccion":"","ciudad":"","municipio":"","provincia":"","telefono":"","website":"","osm_type":"way","osm_id":1369377930,"osm_url":"https://www.openstreetmap.org/way/1369377930","fuente":"OpenStreetMap","validada":false,"incorporada":"pendiente","incorporacion_verificada":false,"validacion_pgr_dgii":"pendiente"}},{"type":"Feature","geometry":{"type":"Point","coordinates":[-68.750073,18.5988143]},"properties":{"id":"IGL-OSM-WAY-865188539","nombre":"Iglesia Cristiana Reformada Santa Clara","categoria":"Iglesias debidamente incorporadas - candidatas","religion":"christian","denominacion":"","direccion":"","ciudad":"","municipio":"","provincia":"","telefono":"","website":"","osm_type":"way","osm_id":865188539,"osm_url":"https://www.openstreetmap.org/way/865188539","fuente":"OpenStreetMap","validada":false,"incorporada":"pendiente","incorporacion_verificada":false,"validacion_pgr_dgii":"pendiente"}},{"type":"Feature","geometry":{"type":"Point","coordinates":[-70.7081416,19.4515255]},"properties":{"id":"IGL-OSM-WAY-410621882","nombre":"Iglesia Cristiana Río de Liberación Amor Eterno","categoria":"Iglesias debidamente incorporadas - candidatas","religion":"christian","denominacion":"","direccion":"","ciudad":"","municipio":"","provincia":"","telefono":"","website":"","osm_type":"way","osm_id":410621882,"osm_url":"https://www.openstreetmap.org/way/410621882","fuente":"OpenStreetMap","validada":false,"incorporada":"pendiente","incorporacion_verificada":false,"validacion_pgr_dgii":"pendiente"}},{"type":"Feature","geometry":{"type":"Point","coordinates":[-69.8978671,18.4797015]},"properties":{"id":"IGL-OSM-NODE-4102991633","nombre":"Iglesia Cristiana Shekinah Restauración","categoria":"Iglesias debidamente incorporadas - candidatas","religion":"christian","denominacion":"","direccion":"Avenida 27 de Febrero 268","ciudad":"","municipio":"","provincia":"","telefono":"","website":"","osm_type":"node","osm_id":4102991633,"osm_url":"https://www.openstreetmap.org/node/4102991633","fuente":"OpenStreetMap","validada":false,"incorporada":"pendiente","incorporacion_verificada":false,"validacion_pgr_dgii":"pendiente"}},{"type":"Feature","geometry":{"type":"Point","coordinates":[-69.916395,18.4744857]},"properties":{"id":"IGL-OSM-WAY-680440440","nombre":"Iglesia Cristiana Unity","categoria":"Iglesias debidamente incorporadas - candidatas","religion":"","denominacion":"","direccion":"","ciudad":"","municipio":"","provincia":"","telefono":"","website":"","osm_type":"way","osm_id":680440440,"osm_url":"https://www.openstreetmap.org/way/680440440","fuente":"OpenStreetMap","validada":false,"incorporada":"pendiente","incorporacion_verificada":false,"validacion_pgr_dgii":"pendiente"}},{"type":"Feature","geometry":{"type":"Point","coordinates":[-69.863394,18.4912687]},"properties":{"id":"IGL-OSM-WAY-414481125","nombre":"Iglesia Cristiana Vida Renovada","categoria":"Iglesias debidamente incorporadas - candidatas","religion":"christian","denominacion":"","direccion":"Calle Puerto Rico","ciudad":"","municipio":"","provincia":"","telefono":"","website":"","osm_type":"way","osm_id":414481125,"osm_url":"https://www.openstreetmap.org/way/414481125","fuente":"OpenStreetMap","validada":false,"incorporada":"pendiente","incorporacion_verificada":false,"validacion_pgr_dgii":"pendiente"}},{"type":"Feature","geometry":{"type":"Point","coordinates":[-69.8693862,18.4856541]},"properties":{"id":"IGL-OSM-WAY-355355260","nombre":"Iglesia Cristiana y Misionera","categoria":"Iglesias debidamente incorporadas - candidatas","religion":"","denominacion":"","direccion":"","ciudad":"","municipio":"","provincia":"","telefono":"","website":"","osm_type":"way","osm_id":355355260,"osm_url":"https://www.openstreetmap.org/way/355355260","fuente":"OpenStreetMap","validada":false,"incorporada":"pendiente","incorporacion_verificada":false,"validacion_pgr_dgii":"pendiente"}},{"type":"Feature","geometry":{"type":"Point","coordinates":[-69.8858652,18.4904426]},"properties":{"id":"IGL-OSM-WAY-407987633","nombre":"Iglesia Cristiana y Puerta del Cielo","categoria":"Iglesias debidamente incorporadas - candidatas","religion":"christian","denominacion":"","direccion":"Avenida Albert Thomas","ciudad":"","municipio":"","provincia":"","telefono":"","website":"","osm_type":"way","osm_id":407987633,"osm_url":"https://www.openstreetmap.org/way/407987633","fuente":"OpenStreetMap","validada":false,"incorporada":"pendiente","incorporacion_verificada":false,"validacion_pgr_dgii":"pendiente"}},{"type":"Feature","geometry":{"type":"Point","coordinates":[-71.2306124,18.7962747]},"properties":{"id":"IGL-OSM-WAY-1225099997","nombre":"Iglesia Cristo Rey","categoria":"Iglesias debidamente incorporadas - candidatas","religion":"","denominacion":"","direccion":"","ciudad":"","municipio":"","provincia":"","telefono":"","website":"","osm_type":"way","osm_id":1225099997,"osm_url":"https://www.openstreetmap.org/way/1225099997","fuente":"OpenStreetMap","validada":false,"incorporada":"pendiente","incorporacion_verificada":false,"validacion_pgr_dgii":"pendiente"}},{"type":"Feature","geometry":{"type":"Point","coordinates":[-69.7893294,18.9450434]},"properties":{"id":"IGL-OSM-NODE-4735232324","nombre":"Iglesia Cruzada Misionera","categoria":"Iglesias debidamente incorporadas - candidatas","religion":"","denominacion":"","direccion":"Calle Guarocuya 8297507026","ciudad":"","municipio":"","provincia":"","telefono":"","website":"","osm_type":"node","osm_id":4735232324,"osm_url":"https://www.openstreetmap.org/node/4735232324","fuente":"OpenStreetMap","validada":false,"incorporada":"pendiente","incorporacion_verificada":false,"validacion_pgr_dgii":"pendiente"}},{"type":"Feature","geometry":{"type":"Point","coordinates":[-71.0632811,18.8084072]},"properties":{"id":"IGL-OSM-NODE-4649270691","nombre":"Iglesia de buena vista","categoria":"Iglesias debidamente incorporadas - candidatas","religion":"","denominacion":"","direccion":"","ciudad":"","municipio":"","provincia":"","telefono":"","website":"","osm_type":"node","osm_id":4649270691,"osm_url":"https://www.openstreetmap.org/node/4649270691","fuente":"OpenStreetMap","validada":false,"incorporada":"pendiente","incorporacion_verificada":false,"validacion_pgr_dgii":"pendiente"}},{"type":"Feature","geometry":{"type":"Point","coordinates":[-69.9780131,18.4776428]},"properties":{"id":"IGL-OSM-NODE-5456884152","nombre":"iglesia De Cristo","categoria":"Iglesias debidamente incorporadas - candidatas","religion":"","denominacion":"","direccion":"Calle Roberto Clemente","ciudad":"","municipio":"","provincia":"","telefono":"","website":"","osm_type":"node","osm_id":5456884152,"osm_url":"https://www.openstreetmap.org/node/5456884152","fuente":"OpenStreetMap","validada":false,"incorporada":"pendiente","incorporacion_verificada":false,"validacion_pgr_dgii":"pendiente"}},{"type":"Feature","geometry":{"type":"Point","coordinates":[-68.9800714,18.438229]},"properties":{"id":"IGL-OSM-WAY-329864446","nombre":"Iglesia de Cristo","categoria":"Iglesias debidamente incorporadas - candidatas","religion":"christian","denominacion":"protestant","direccion":"","ciudad":"","municipio":"","provincia":"","telefono":"","website":"","osm_type":"way","osm_id":329864446,"osm_url":"https://www.openstreetmap.org/way/329864446","fuente":"OpenStreetMap","validada":false,"incorporada":"pendiente","incorporacion_verificada":false,"validacion_pgr_dgii":"pendiente"}},{"type":"Feature","geometry":{"type":"Point","coordinates":[-69.9758652,18.4646958]},"properties":{"id":"IGL-OSM-WAY-407791181","nombre":"Iglesia de Cristo de Santo Domingo","categoria":"Iglesias debidamente incorporadas - candidatas","religion":"christian","denominacion":"","direccion":"Calle San Anton","ciudad":"Santo Domingo","municipio":"","provincia":"","telefono":"","website":"","osm_type":"way","osm_id":407791181,"osm_url":"https://www.openstreetmap.org/way/407791181","fuente":"OpenStreetMap","validada":false,"incorporada":"pendiente","incorporacion_verificada":false,"validacion_pgr_dgii":"pendiente"}},{"type":"Feature","geometry":{"type":"Point","coordinates":[-70.1054014,18.4183561]},"properties":{"id":"IGL-OSM-NODE-10892437207","nombre":"Iglesia de Dios","categoria":"Iglesias debidamente incorporadas - candidatas","religion":"christian","denominacion":"pentecostal","direccion":"","ciudad":"","municipio":"","provincia":"","telefono":"","website":"","osm_type":"node","osm_id":10892437207,"osm_url":"https://www.openstreetmap.org/node/10892437207","fuente":"OpenStreetMap","validada":false,"incorporada":"pendiente","incorporacion_verificada":false,"validacion_pgr_dgii":"pendiente"}},{"type":"Feature","geometry":{"type":"Point","coordinates":[-69.8875911,18.4719928]},"properties":{"id":"IGL-OSM-WAY-406675815","nombre":"Iglesia de Dios","categoria":"Iglesias debidamente incorporadas - candidatas","religion":"christian","denominacion":"","direccion":"Calle Arzobispo Nouel","ciudad":"","municipio":"","provincia":"","telefono":"","website":"","osm_type":"way","osm_id":406675815,"osm_url":"https://www.openstreetmap.org/way/406675815","fuente":"OpenStreetMap","validada":false,"incorporada":"pendiente","incorporacion_verificada":false,"validacion_pgr_dgii":"pendiente"}},{"type":"Feature","geometry":{"type":"Point","coordinates":[-69.9076779,18.5196205]},"properties":{"id":"IGL-OSM-WAY-408448351","nombre":"Iglesia de Dios","categoria":"Iglesias debidamente incorporadas - candidatas","religion":"christian","denominacion":"","direccion":"Felix Marcano","ciudad":"","municipio":"","provincia":"","telefono":"","website":"","osm_type":"way","osm_id":408448351,"osm_url":"https://www.openstreetmap.org/way/408448351","fuente":"OpenStreetMap","validada":false,"incorporada":"pendiente","incorporacion_verificada":false,"validacion_pgr_dgii":"pendiente"}},{"type":"Feature","geometry":{"type":"Point","coordinates":[-69.8953339,18.5423766]},"properties":{"id":"IGL-OSM-WAY-408901407","nombre":"Iglesia de Dios","categoria":"Iglesias debidamente incorporadas - candidatas","religion":"christian","denominacion":"","direccion":"Los Restauradores","ciudad":"","municipio":"","provincia":"","telefono":"","website":"","osm_type":"way","osm_id":408901407,"osm_url":"https://www.openstreetmap.org/way/408901407","fuente":"OpenStreetMap","validada":false,"incorporada":"pendiente","incorporacion_verificada":false,"validacion_pgr_dgii":"pendiente"}},{"type":"Feature","geometry":{"type":"Point","coordinates":[-70.7018245,19.4672197]},"properties":{"id":"IGL-OSM-WAY-409863811","nombre":"Iglesia De Dios","categoria":"Iglesias debidamente incorporadas - candidatas","religion":"christian","denominacion":"","direccion":"Calle C-19","ciudad":"Santiago","municipio":"","provincia":"","telefono":"","website":"","osm_type":"way","osm_id":409863811,"osm_url":"https://www.openstreetmap.org/way/409863811","fuente":"OpenStreetMap","validada":false,"incorporada":"pendiente","incorporacion_verificada":false,"validacion_pgr_dgii":"pendiente"}},{"type":"Feature","geometry":{"type":"Point","coordinates":[-69.9083175,18.5015421]},"properties":{"id":"IGL-OSM-WAY-413440263","nombre":"Iglesia de Dios","categoria":"Iglesias debidamente incorporadas - candidatas","religion":"christian","denominacion":"","direccion":"Calle Moca","ciudad":"","municipio":"","provincia":"","telefono":"","website":"","osm_type":"way","osm_id":413440263,"osm_url":"https://www.openstreetmap.org/way/413440263","fuente":"OpenStreetMap","validada":false,"incorporada":"pendiente","incorporacion_verificada":false,"validacion_pgr_dgii":"pendiente"}},{"type":"Feature","geometry":{"type":"Point","coordinates":[-70.4070635,18.9428823]},"properties":{"id":"IGL-OSM-WAY-413450302","nombre":"Iglesia de Dios","categoria":"Iglesias debidamente incorporadas - candidatas","religion":"christian","denominacion":"","direccion":"La Altagracia","ciudad":"Bonao","municipio":"","provincia":"","telefono":"","website":"","osm_type":"way","osm_id":413450302,"osm_url":"https://www.openstreetmap.org/way/413450302","fuente":"OpenStreetMap","validada":false,"incorporada":"pendiente","incorporacion_verificada":false,"validacion_pgr_dgii":"pendiente"}},{"type":"Feature","geometry":{"type":"Point","coordinates":[-70.1082814,18.4125911]},"properties":{"id":"IGL-OSM-WAY-414034432","nombre":"Iglesia de Dios","categoria":"Iglesias debidamente incorporadas - candidatas","religion":"christian","denominacion":"","direccion":"Avenida Constitución","ciudad":"San Cristóbal","municipio":"","provincia":"","telefono":"","website":"","osm_type":"way","osm_id":414034432,"osm_url":"https://www.openstreetmap.org/way/414034432","fuente":"OpenStreetMap","validada":false,"incorporada":"pendiente","incorporacion_verificada":false,"validacion_pgr_dgii":"pendiente"}},{"type":"Feature","geometry":{"type":"Point","coordinates":[-70.1077362,18.4124094]},"properties":{"id":"IGL-OSM-WAY-414037324","nombre":"Iglesia de Dios","categoria":"Iglesias debidamente incorporadas - candidatas","religion":"christian","denominacion":"","direccion":"Avenida Constitución 35","ciudad":"San Cristóbal","municipio":"","provincia":"","telefono":"","website":"","osm_type":"way","osm_id":414037324,"osm_url":"https://www.openstreetmap.org/way/414037324","fuente":"OpenStreetMap","validada":false,"incorporada":"pendiente","incorporacion_verificada":false,"validacion_pgr_dgii":"pendiente"}},{"type":"Feature","geometry":{"type":"Point","coordinates":[-70.1703929,19.1042223]},"properties":{"id":"IGL-OSM-WAY-914590294","nombre":"Iglesia de Dios","categoria":"Iglesias debidamente incorporadas - candidatas","religion":"christian","denominacion":"protestant","direccion":"","ciudad":"","municipio":"","provincia":"","telefono":"","website":"","osm_type":"way","osm_id":914590294,"osm_url":"https://www.openstreetmap.org/way/914590294","fuente":"OpenStreetMap","validada":false,"incorporada":"pendiente","incorporacion_verificada":false,"validacion_pgr_dgii":"pendiente"}},{"type":"Feature","geometry":{"type":"Point","coordinates":[-71.2266038,18.7976047]},"properties":{"id":"IGL-OSM-NODE-5312673121","nombre":"Iglesia de Dios \"A Dios Sea la Gloria\"","categoria":"Iglesias debidamente incorporadas - candidatas","religion":"","denominacion":"","direccion":"","ciudad":"","municipio":"","provincia":"","telefono":"","website":"","osm_type":"node","osm_id":5312673121,"osm_url":"https://www.openstreetmap.org/node/5312673121","fuente":"OpenStreetMap","validada":false,"incorporada":"pendiente","incorporacion_verificada":false,"validacion_pgr_dgii":"pendiente"}},{"type":"Feature","geometry":{"type":"Point","coordinates":[-70.1724963,18.6719491]},"properties":{"id":"IGL-OSM-WAY-413698679","nombre":"Iglesia de Dios Cent","categoria":"Iglesias debidamente incorporadas - candidatas","religion":"christian","denominacion":"","direccion":"Mella 55","ciudad":"Villa Altagracia","municipio":"","provincia":"","telefono":"","website":"","osm_type":"way","osm_id":413698679,"osm_url":"https://www.openstreetmap.org/way/413698679","fuente":"OpenStreetMap","validada":false,"incorporada":"pendiente","incorporacion_verificada":false,"validacion_pgr_dgii":"pendiente"}},{"type":"Feature","geometry":{"type":"Point","coordinates":[-69.9030467,18.5282939]},"properties":{"id":"IGL-OSM-WAY-408702874","nombre":"Iglesia de Dios Centro de Oración","categoria":"Iglesias debidamente incorporadas - candidatas","religion":"christian","denominacion":"","direccion":"Avenida Penetración","ciudad":"","municipio":"","provincia":"","telefono":"","website":"","osm_type":"way","osm_id":408702874,"osm_url":"https://www.openstreetmap.org/way/408702874","fuente":"OpenStreetMap","validada":false,"incorporada":"pendiente","incorporacion_verificada":false,"validacion_pgr_dgii":"pendiente"}},{"type":"Feature","geometry":{"type":"Point","coordinates":[-69.926831,18.5407323]},"properties":{"id":"IGL-OSM-WAY-409625856","nombre":"Iglesia de Dios Columna y Baluarte de la Verdad","categoria":"Iglesias debidamente incorporadas - candidatas","religion":"christian","denominacion":"","direccion":"1era De Mayo","ciudad":"","municipio":"","provincia":"","telefono":"","website":"","osm_type":"way","osm_id":409625856,"osm_url":"https://www.openstreetmap.org/way/409625856","fuente":"OpenStreetMap","validada":false,"incorporada":"pendiente","incorporacion_verificada":false,"validacion_pgr_dgii":"pendiente"}},{"type":"Feature","geometry":{"type":"Point","coordinates":[-70.7823327,19.4505107]},"properties":{"id":"IGL-OSM-NODE-4111612789","nombre":"Iglesia De Dios De La Profecia","categoria":"Iglesias debidamente incorporadas - candidatas","religion":"","denominacion":"","direccion":"calle Juan Pablo Duarte #4","ciudad":"","municipio":"","provincia":"","telefono":"","website":"","osm_type":"node","osm_id":4111612789,"osm_url":"https://www.openstreetmap.org/node/4111612789","fuente":"OpenStreetMap","validada":false,"incorporada":"pendiente","incorporacion_verificada":false,"validacion_pgr_dgii":"pendiente"}},{"type":"Feature","geometry":{"type":"Point","coordinates":[-70.0798576,19.6439881]},"properties":{"id":"IGL-OSM-NODE-7699530016","nombre":"Iglesia De Dios De La Profecia","categoria":"Iglesias debidamente incorporadas - candidatas","religion":"christian","denominacion":"pentecostal","direccion":"Beller","ciudad":"Rio San Juan","municipio":"","provincia":"","telefono":"","website":"","osm_type":"node","osm_id":7699530016,"osm_url":"https://www.openstreetmap.org/node/7699530016","fuente":"OpenStreetMap","validada":false,"incorporada":"pendiente","incorporacion_verificada":false,"validacion_pgr_dgii":"pendiente"}},{"type":"Feature","geometry":{"type":"Point","coordinates":[-71.1661694,17.9913332]},"properties":{"id":"IGL-OSM-NODE-9035879374","nombre":"Iglesia de Dios de la Profecia","categoria":"Iglesias debidamente incorporadas - candidatas","religion":"christian","denominacion":"","direccion":"","ciudad":"","municipio":"","provincia":"","telefono":"","website":"","osm_type":"node","osm_id":9035879374,"osm_url":"https://www.openstreetmap.org/node/9035879374","fuente":"OpenStreetMap","validada":false,"incorporada":"pendiente","incorporacion_verificada":false,"validacion_pgr_dgii":"pendiente"}},{"type":"Feature","geometry":{"type":"Point","coordinates":[-69.8847528,18.5398767]},"properties":{"id":"IGL-OSM-WAY-408926968","nombre":"Iglesia de Dios de la Profecia","categoria":"Iglesias debidamente incorporadas - candidatas","religion":"christian","denominacion":"","direccion":"Placina Josue","ciudad":"","municipio":"","provincia":"","telefono":"","website":"","osm_type":"way","osm_id":408926968,"osm_url":"https://www.openstreetmap.org/way/408926968","fuente":"OpenStreetMap","validada":false,"incorporada":"pendiente","incorporacion_verificada":false,"validacion_pgr_dgii":"pendiente"}},{"type":"Feature","geometry":{"type":"Point","coordinates":[-69.6298589,18.4531595]},"properties":{"id":"IGL-OSM-WAY-408930475","nombre":"Iglesia de Dios de la Profecia","categoria":"Iglesias debidamente incorporadas - candidatas","religion":"christian","denominacion":"","direccion":"Calle La Primera Tancasita","ciudad":"André","municipio":"","provincia":"","telefono":"","website":"","osm_type":"way","osm_id":408930475,"osm_url":"https://www.openstreetmap.org/way/408930475","fuente":"OpenStreetMap","validada":false,"incorporada":"pendiente","incorporacion_verificada":false,"validacion_pgr_dgii":"pendiente"}},{"type":"Feature","geometry":{"type":"Point","coordinates":[-69.6522298,18.4490662]},"properties":{"id":"IGL-OSM-WAY-408936570","nombre":"Iglesia de Dios de la Profecia","categoria":"Iglesias debidamente incorporadas - candidatas","religion":"christian","denominacion":"","direccion":"Calle Las Mercedes","ciudad":"Andrés","municipio":"","provincia":"","telefono":"","website":"","osm_type":"way","osm_id":408936570,"osm_url":"https://www.openstreetmap.org/way/408936570","fuente":"OpenStreetMap","validada":false,"incorporada":"pendiente","incorporacion_verificada":false,"validacion_pgr_dgii":"pendiente"}},{"type":"Feature","geometry":{"type":"Point","coordinates":[-69.9261944,18.540597]},"properties":{"id":"IGL-OSM-WAY-409626100","nombre":"Iglesia de Dios de la Profecia","categoria":"Iglesias debidamente incorporadas - candidatas","religion":"christian","denominacion":"","direccion":"Calle Frey Anton Montecino","ciudad":"","municipio":"","provincia":"","telefono":"","website":"","osm_type":"way","osm_id":409626100,"osm_url":"https://www.openstreetmap.org/way/409626100","fuente":"OpenStreetMap","validada":false,"incorporada":"pendiente","incorporacion_verificada":false,"validacion_pgr_dgii":"pendiente"}},{"type":"Feature","geometry":{"type":"Point","coordinates":[-69.567385,18.4846975]},"properties":{"id":"IGL-OSM-WAY-1374528363","nombre":"Iglesia de Dios de la Profecia el Buen Pastor","categoria":"Iglesias debidamente incorporadas - candidatas","religion":"","denominacion":"","direccion":"","ciudad":"","municipio":"","provincia":"","telefono":"","website":"","osm_type":"way","osm_id":1374528363,"osm_url":"https://www.openstreetmap.org/way/1374528363","fuente":"OpenStreetMap","validada":false,"incorporada":"pendiente","incorporacion_verificada":false,"validacion_pgr_dgii":"pendiente"}},{"type":"Feature","geometry":{"type":"Point","coordinates":[-68.9497761,18.6975932]},"properties":{"id":"IGL-OSM-WAY-1368185385","nombre":"Iglesia de Dios de la profecía","categoria":"Iglesias debidamente incorporadas - candidatas","religion":"","denominacion":"","direccion":"","ciudad":"","municipio":"","provincia":"","telefono":"","website":"","osm_type":"way","osm_id":1368185385,"osm_url":"https://www.openstreetmap.org/way/1368185385","fuente":"OpenStreetMap","validada":false,"incorporada":"pendiente","incorporacion_verificada":false,"validacion_pgr_dgii":"pendiente"}},{"type":"Feature","geometry":{"type":"Point","coordinates":[-68.8342281,18.443869]},"properties":{"id":"IGL-OSM-WAY-1369377929","nombre":"Iglesia de Dios de la Profecía","categoria":"Iglesias debidamente incorporadas - candidatas","religion":"","denominacion":"","direccion":"","ciudad":"","municipio":"","provincia":"","telefono":"","website":"","osm_type":"way","osm_id":1369377929,"osm_url":"https://www.openstreetmap.org/way/1369377929","fuente":"OpenStreetMap","validada":false,"incorporada":"pendiente","incorporacion_verificada":false,"validacion_pgr_dgii":"pendiente"}},{"type":"Feature","geometry":{"type":"Point","coordinates":[-69.4323193,19.2373093]},"properties":{"id":"IGL-OSM-WAY-338978306","nombre":"Iglesia de Dios de la Profecía","categoria":"Iglesias debidamente incorporadas - candidatas","religion":"christian","denominacion":"pentecostal","direccion":"Samaná - El Limón","ciudad":"Samaná","municipio":"","provincia":"","telefono":"","website":"","osm_type":"way","osm_id":338978306,"osm_url":"https://www.openstreetmap.org/way/338978306","fuente":"OpenStreetMap","validada":false,"incorporada":"pendiente","incorporacion_verificada":false,"validacion_pgr_dgii":"pendiente"}},{"type":"Feature","geometry":{"type":"Point","coordinates":[-69.4171392,19.2352638]},"properties":{"id":"IGL-OSM-NODE-12760001722","nombre":"Iglesia De Dios De La Profecía (Juana Vicenta)","categoria":"Iglesias debidamente incorporadas - candidatas","religion":"christian","denominacion":"pentecostal","direccion":"","ciudad":"","municipio":"","provincia":"","telefono":"","website":"https://www.idprd.org/","osm_type":"node","osm_id":12760001722,"osm_url":"https://www.openstreetmap.org/node/12760001722","fuente":"OpenStreetMap","validada":false,"incorporada":"pendiente","incorporacion_verificada":false,"validacion_pgr_dgii":"pendiente"}},{"type":"Feature","geometry":{"type":"Point","coordinates":[-69.5703031,18.4832169]},"properties":{"id":"IGL-OSM-WAY-1374528368","nombre":"Iglesia de Dios de la Profecía Villa Gautier","categoria":"Iglesias debidamente incorporadas - candidatas","religion":"","denominacion":"","direccion":"","ciudad":"","municipio":"","provincia":"","telefono":"","website":"","osm_type":"way","osm_id":1374528368,"osm_url":"https://www.openstreetmap.org/way/1374528368","fuente":"OpenStreetMap","validada":false,"incorporada":"pendiente","incorporacion_verificada":false,"validacion_pgr_dgii":"pendiente"}},{"type":"Feature","geometry":{"type":"Point","coordinates":[-68.9772187,18.4228298]},"properties":{"id":"IGL-OSM-WAY-1333815992","nombre":"Iglesia de Dios de la Profecía, Villa Pereyra","categoria":"Iglesias debidamente incorporadas - candidatas","religion":"","denominacion":"","direccion":"","ciudad":"","municipio":"","provincia":"","telefono":"","website":"","osm_type":"way","osm_id":1333815992,"osm_url":"https://www.openstreetmap.org/way/1333815992","fuente":"OpenStreetMap","validada":false,"incorporada":"pendiente","incorporacion_verificada":false,"validacion_pgr_dgii":"pendiente"}},{"type":"Feature","geometry":{"type":"Point","coordinates":[-68.7124922,18.6054528]},"properties":{"id":"IGL-OSM-WAY-865148645","nombre":"Iglesia de Dios de la profesia","categoria":"Iglesias debidamente incorporadas - candidatas","religion":"christian","denominacion":"","direccion":"","ciudad":"","municipio":"","provincia":"","telefono":"","website":"","osm_type":"way","osm_id":865148645,"osm_url":"https://www.openstreetmap.org/way/865148645","fuente":"OpenStreetMap","validada":false,"incorporada":"pendiente","incorporacion_verificada":false,"validacion_pgr_dgii":"pendiente"}},{"type":"Feature","geometry":{"type":"Point","coordinates":[-69.8115483,18.532615]},"properties":{"id":"IGL-OSM-NODE-3512873574","nombre":"Iglesia de Dios Del Almirante","categoria":"Iglesias debidamente incorporadas - candidatas","religion":"","denominacion":"","direccion":"","ciudad":"","municipio":"","provincia":"","telefono":"","website":"","osm_type":"node","osm_id":3512873574,"osm_url":"https://www.openstreetmap.org/node/3512873574","fuente":"OpenStreetMap","validada":false,"incorporada":"pendiente","incorporacion_verificada":false,"validacion_pgr_dgii":"pendiente"}},{"type":"Feature","geometry":{"type":"Point","coordinates":[-70.1166222,18.4290045]},"properties":{"id":"IGL-OSM-WAY-410035851","nombre":"Iglesia de Dios es el Poder","categoria":"Iglesias debidamente incorporadas - candidatas","religion":"christian","denominacion":"","direccion":"Proyecto 103","ciudad":"San Cristóbal","municipio":"","provincia":"","telefono":"","website":"","osm_type":"way","osm_id":410035851,"osm_url":"https://www.openstreetmap.org/way/410035851","fuente":"OpenStreetMap","validada":false,"incorporada":"pendiente","incorporacion_verificada":false,"validacion_pgr_dgii":"pendiente"}},{"type":"Feature","geometry":{"type":"Point","coordinates":[-69.8120585,18.4896829]},"properties":{"id":"IGL-OSM-WAY-409618143","nombre":"Iglesia de Dios Inc","categoria":"Iglesias debidamente incorporadas - candidatas","religion":"","denominacion":"","direccion":"Calle Principal De Amirili Tres","ciudad":"","municipio":"","provincia":"","telefono":"","website":"","osm_type":"way","osm_id":409618143,"osm_url":"https://www.openstreetmap.org/way/409618143","fuente":"OpenStreetMap","validada":false,"incorporada":"pendiente","incorporacion_verificada":false,"validacion_pgr_dgii":"pendiente"}},{"type":"Feature","geometry":{"type":"Point","coordinates":[-70.8152282,19.3246372]},"properties":{"id":"IGL-OSM-WAY-228672646","nombre":"Iglesia de Dios Inc.","categoria":"Iglesias debidamente incorporadas - candidatas","religion":"","denominacion":"","direccion":"Calle Santo Tomás","ciudad":"Jánico","municipio":"","provincia":"","telefono":"","website":"","osm_type":"way","osm_id":228672646,"osm_url":"https://www.openstreetmap.org/way/228672646","fuente":"OpenStreetMap","validada":false,"incorporada":"pendiente","incorporacion_verificada":false,"validacion_pgr_dgii":"pendiente"}},{"type":"Feature","geometry":{"type":"Point","coordinates":[-69.4318378,19.2363941]},"properties":{"id":"IGL-OSM-NODE-4936174332","nombre":"Iglesia De Dios Incorporada","categoria":"Iglesias debidamente incorporadas - candidatas","religion":"christian","denominacion":"pentecostal","direccion":"Samaná - El Limón","ciudad":"Samaná","municipio":"","provincia":"","telefono":"","website":"","osm_type":"node","osm_id":4936174332,"osm_url":"https://www.openstreetmap.org/node/4936174332","fuente":"OpenStreetMap","validada":false,"incorporada":"pendiente","incorporacion_verificada":false,"validacion_pgr_dgii":"pendiente"}},{"type":"Feature","geometry":{"type":"Point","coordinates":[-70.7004989,19.4739147]},"properties":{"id":"IGL-OSM-WAY-409581602","nombre":"Iglesia de Dios Incorporated","categoria":"Iglesias debidamente incorporadas - candidatas","religion":"christian","denominacion":"","direccion":"","ciudad":"Santiago","municipio":"","provincia":"","telefono":"","website":"","osm_type":"way","osm_id":409581602,"osm_url":"https://www.openstreetmap.org/way/409581602","fuente":"OpenStreetMap","validada":false,"incorporada":"pendiente","incorporacion_verificada":false,"validacion_pgr_dgii":"pendiente"}},{"type":"Feature","geometry":{"type":"Point","coordinates":[-70.7111876,19.4723098]},"properties":{"id":"IGL-OSM-WAY-408047178","nombre":"Iglesia de Dios Jesús es el Camino","categoria":"Iglesias debidamente incorporadas - candidatas","religion":"christian","denominacion":"","direccion":"Carretera Jacagua","ciudad":"Santiago de los Caballeros","municipio":"","provincia":"","telefono":"","website":"","osm_type":"way","osm_id":408047178,"osm_url":"https://www.openstreetmap.org/way/408047178","fuente":"OpenStreetMap","validada":false,"incorporada":"pendiente","incorporacion_verificada":false,"validacion_pgr_dgii":"pendiente"}},{"type":"Feature","geometry":{"type":"Point","coordinates":[-70.1087226,18.4123442]},"properties":{"id":"IGL-OSM-WAY-413977285","nombre":"Iglesia de Dios La Elegida","categoria":"Iglesias debidamente incorporadas - candidatas","religion":"christian","denominacion":"","direccion":"Calle General Cabral","ciudad":"San Cristóbal","municipio":"","provincia":"","telefono":"","website":"","osm_type":"way","osm_id":413977285,"osm_url":"https://www.openstreetmap.org/way/413977285","fuente":"OpenStreetMap","validada":false,"incorporada":"pendiente","incorporacion_verificada":false,"validacion_pgr_dgii":"pendiente"}},{"type":"Feature","geometry":{"type":"Point","coordinates":[-69.8836218,18.4899685]},"properties":{"id":"IGL-OSM-WAY-407986583","nombre":"Iglesia de Dios La Fuente de Paz","categoria":"Iglesias debidamente incorporadas - candidatas","religion":"christian","denominacion":"","direccion":"Avenida Francisco del Rosario Sánchez","ciudad":"","municipio":"","provincia":"","telefono":"","website":"","osm_type":"way","osm_id":407986583,"osm_url":"https://www.openstreetmap.org/way/407986583","fuente":"OpenStreetMap","validada":false,"incorporada":"pendiente","incorporacion_verificada":false,"validacion_pgr_dgii":"pendiente"}},{"type":"Feature","geometry":{"type":"Point","coordinates":[-70.1085549,18.4000672]},"properties":{"id":"IGL-OSM-WAY-414216718","nombre":"Iglesia de Dios La Profecia","categoria":"Iglesias debidamente incorporadas - candidatas","religion":"christian","denominacion":"","direccion":"Calle Hermanas Mirabal","ciudad":"San Cristóbal","municipio":"","provincia":"","telefono":"","website":"","osm_type":"way","osm_id":414216718,"osm_url":"https://www.openstreetmap.org/way/414216718","fuente":"OpenStreetMap","validada":false,"incorporada":"pendiente","incorporacion_verificada":false,"validacion_pgr_dgii":"pendiente"}},{"type":"Feature","geometry":{"type":"Point","coordinates":[-70.1711514,18.6703996]},"properties":{"id":"IGL-OSM-WAY-413702598","nombre":"Iglesia De Dios Luz y Uncion","categoria":"Iglesias debidamente incorporadas - candidatas","religion":"christian","denominacion":"","direccion":"Juan Pablo Pina","ciudad":"Villa Altagracia","municipio":"","provincia":"","telefono":"","website":"","osm_type":"way","osm_id":413702598,"osm_url":"https://www.openstreetmap.org/way/413702598","fuente":"OpenStreetMap","validada":false,"incorporada":"pendiente","incorporacion_verificada":false,"validacion_pgr_dgii":"pendiente"}},{"type":"Feature","geometry":{"type":"Point","coordinates":[-70.1464442,19.0537771]},"properties":{"id":"IGL-OSM-NODE-4190458691","nombre":"Iglesia de Dios M. Rehobot","categoria":"Iglesias debidamente incorporadas - candidatas","religion":"","denominacion":"","direccion":"Calle 11","ciudad":"","municipio":"","provincia":"","telefono":"","website":"","osm_type":"node","osm_id":4190458691,"osm_url":"https://www.openstreetmap.org/node/4190458691","fuente":"OpenStreetMap","validada":false,"incorporada":"pendiente","incorporacion_verificada":false,"validacion_pgr_dgii":"pendiente"}},{"type":"Feature","geometry":{"type":"Point","coordinates":[-70.1016877,18.4245338]},"properties":{"id":"IGL-OSM-WAY-1080130596","nombre":"Iglesia de Dios Madre Vieja Norte","categoria":"Iglesias debidamente incorporadas - candidatas","religion":"christian","denominacion":"pentecostal","direccion":"","ciudad":"","municipio":"","provincia":"","telefono":"","website":"","osm_type":"way","osm_id":1080130596,"osm_url":"https://www.openstreetmap.org/way/1080130596","fuente":"OpenStreetMap","validada":false,"incorporada":"pendiente","incorporacion_verificada":false,"validacion_pgr_dgii":"pendiente"}},{"type":"Feature","geometry":{"type":"Point","coordinates":[-69.6015799,18.4636515]},"properties":{"id":"IGL-OSM-WAY-407072984","nombre":"Iglesia de Dios Maranatha","categoria":"Iglesias debidamente incorporadas - candidatas","religion":"christian","denominacion":"","direccion":"","ciudad":"Boca Chica","municipio":"","provincia":"","telefono":"","website":"","osm_type":"way","osm_id":407072984,"osm_url":"https://www.openstreetmap.org/way/407072984","fuente":"OpenStreetMap","validada":false,"incorporada":"pendiente","incorporacion_verificada":false,"validacion_pgr_dgii":"pendiente"}},{"type":"Feature","geometry":{"type":"Point","coordinates":[-70.0823414,18.4234146]},"properties":{"id":"IGL-OSM-WAY-413441917","nombre":"Iglesia de Dios Mi Esperanza","categoria":"Iglesias debidamente incorporadas - candidatas","religion":"christian","denominacion":"","direccion":"","ciudad":"","municipio":"","provincia":"","telefono":"","website":"","osm_type":"way","osm_id":413441917,"osm_url":"https://www.openstreetmap.org/way/413441917","fuente":"OpenStreetMap","validada":false,"incorporada":"pendiente","incorporacion_verificada":false,"validacion_pgr_dgii":"pendiente"}},{"type":"Feature","geometry":{"type":"Point","coordinates":[-68.7140045,18.6198484]},"properties":{"id":"IGL-OSM-WAY-1303805958","nombre":"Iglesia De Dios Misionera Pentecostal Central \"La Nueva Jerusalén\"","categoria":"Iglesias debidamente incorporadas - candidatas","religion":"christian","denominacion":"protestant","direccion":"Victoriano Pepén 91","ciudad":"Higüey","municipio":"","provincia":"","telefono":"","website":"","osm_type":"way","osm_id":1303805958,"osm_url":"https://www.openstreetmap.org/way/1303805958","fuente":"OpenStreetMap","validada":false,"incorporada":"pendiente","incorporacion_verificada":false,"validacion_pgr_dgii":"pendiente"}},{"type":"Feature","geometry":{"type":"Point","coordinates":[-69.9358041,18.4997098]},"properties":{"id":"IGL-OSM-WAY-413715733","nombre":"Iglesia de Dios Monte de Sión","categoria":"Iglesias debidamente incorporadas - candidatas","religion":"christian","denominacion":"","direccion":"Calle General F. Rodriguez","ciudad":"","municipio":"","provincia":"","telefono":"","website":"","osm_type":"way","osm_id":413715733,"osm_url":"https://www.openstreetmap.org/way/413715733","fuente":"OpenStreetMap","validada":false,"incorporada":"pendiente","incorporacion_verificada":false,"validacion_pgr_dgii":"pendiente"}},{"type":"Feature","geometry":{"type":"Point","coordinates":[-69.9248161,18.5416838]},"properties":{"id":"IGL-OSM-WAY-409837542","nombre":"Iglesia de Dios Monte Sinai","categoria":"Iglesias debidamente incorporadas - candidatas","religion":"christian","denominacion":"","direccion":"Mama Tingo 57","ciudad":"","municipio":"","provincia":"","telefono":"","website":"","osm_type":"way","osm_id":409837542,"osm_url":"https://www.openstreetmap.org/way/409837542","fuente":"OpenStreetMap","validada":false,"incorporada":"pendiente","incorporacion_verificada":false,"validacion_pgr_dgii":"pendiente"}},{"type":"Feature","geometry":{"type":"Point","coordinates":[-69.8116989,18.4894858]},"properties":{"id":"IGL-OSM-WAY-408972755","nombre":"Iglesia de Dios Nueva Jeruzalem Inc","categoria":"Iglesias debidamente incorporadas - candidatas","religion":"christian","denominacion":"","direccion":"Calle Principal De Amirili Tres","ciudad":"","municipio":"","provincia":"","telefono":"","website":"","osm_type":"way","osm_id":408972755,"osm_url":"https://www.openstreetmap.org/way/408972755","fuente":"OpenStreetMap","validada":false,"incorporada":"pendiente","incorporacion_verificada":false,"validacion_pgr_dgii":"pendiente"}},{"type":"Feature","geometry":{"type":"Point","coordinates":[-68.9726373,18.4314288]},"properties":{"id":"IGL-OSM-WAY-315559587","nombre":"Iglesia de Dios Pentecostal","categoria":"Iglesias debidamente incorporadas - candidatas","religion":"christian","denominacion":"pentecostal","direccion":"","ciudad":"","municipio":"","provincia":"","telefono":"","website":"","osm_type":"way","osm_id":315559587,"osm_url":"https://www.openstreetmap.org/way/315559587","fuente":"OpenStreetMap","validada":false,"incorporada":"pendiente","incorporacion_verificada":false,"validacion_pgr_dgii":"pendiente"}},{"type":"Feature","geometry":{"type":"Point","coordinates":[-70.7843145,19.4805976]},"properties":{"id":"IGL-OSM-NODE-809968934","nombre":"Iglesia De Dios Pentecostal El Candelabro","categoria":"Iglesias debidamente incorporadas - candidatas","religion":"christian","denominacion":"","direccion":"Calle Principal 4","ciudad":"Batey Uno","municipio":"","provincia":"","telefono":"","website":"","osm_type":"node","osm_id":809968934,"osm_url":"https://www.openstreetmap.org/node/809968934","fuente":"OpenStreetMap","validada":false,"incorporada":"pendiente","incorporacion_verificada":false,"validacion_pgr_dgii":"pendiente"}},{"type":"Feature","geometry":{"type":"Point","coordinates":[-69.0079472,18.4530035]},"properties":{"id":"IGL-OSM-NODE-14020579052","nombre":"Iglesia de Dios pentecostal M.I #21 (Camino al Cielo)","categoria":"Iglesias debidamente incorporadas - candidatas","religion":"christian","denominacion":"pentecostal","direccion":"Padre Abraham 21","ciudad":"Villa Hermosa","municipio":"","provincia":"","telefono":"","website":"","osm_type":"node","osm_id":14020579052,"osm_url":"https://www.openstreetmap.org/node/14020579052","fuente":"OpenStreetMap","validada":false,"incorporada":"pendiente","incorporacion_verificada":false,"validacion_pgr_dgii":"pendiente"}},{"type":"Feature","geometry":{"type":"Point","coordinates":[-70.7861096,19.4801865]},"properties":{"id":"IGL-OSM-NODE-809969530","nombre":"Iglesia De Dios Pentecostal M.I. Inc.","categoria":"Iglesias debidamente incorporadas - candidatas","religion":"christian","denominacion":"","direccion":"Calle De Cuestarena","ciudad":"Batey Uno","municipio":"","provincia":"","telefono":"","website":"","osm_type":"node","osm_id":809969530,"osm_url":"https://www.openstreetmap.org/node/809969530","fuente":"OpenStreetMap","validada":false,"incorporada":"pendiente","incorporacion_verificada":false,"validacion_pgr_dgii":"pendiente"}},{"type":"Feature","geometry":{"type":"Point","coordinates":[-69.8871382,18.5014819]},"properties":{"id":"IGL-OSM-WAY-410654249","nombre":"Iglesia de Dios Pentecostal M.I. Inc.","categoria":"Iglesias debidamente incorporadas - candidatas","religion":"christian","denominacion":"","direccion":"","ciudad":"","municipio":"","provincia":"","telefono":"","website":"","osm_type":"way","osm_id":410654249,"osm_url":"https://www.openstreetmap.org/way/410654249","fuente":"OpenStreetMap","validada":false,"incorporada":"pendiente","incorporacion_verificada":false,"validacion_pgr_dgii":"pendiente"}},{"type":"Feature","geometry":{"type":"Point","coordinates":[-70.1035603,18.4232435]},"properties":{"id":"IGL-OSM-WAY-412793878","nombre":"Iglesia de Dios Pentecostal MI","categoria":"Iglesias debidamente incorporadas - candidatas","religion":"christian","denominacion":"","direccion":"","ciudad":"","municipio":"","provincia":"","telefono":"","website":"","osm_type":"way","osm_id":412793878,"osm_url":"https://www.openstreetmap.org/way/412793878","fuente":"OpenStreetMap","validada":false,"incorporada":"pendiente","incorporacion_verificada":false,"validacion_pgr_dgii":"pendiente"}},{"type":"Feature","geometry":{"type":"Point","coordinates":[-69.8242029,18.5279888]},"properties":{"id":"IGL-OSM-NODE-4051196839","nombre":"Iglesia de Dios Pentecostal MI Poder Y Gloria","categoria":"Iglesias debidamente incorporadas - candidatas","religion":"christian","denominacion":"evangelica","direccion":"Calle Ferrera Rivas esq. Francisco Garrido 17","ciudad":"Villa Tropicalia, Santo Dmingo Este","municipio":"","provincia":"","telefono":"","website":"","osm_type":"node","osm_id":4051196839,"osm_url":"https://www.openstreetmap.org/node/4051196839","fuente":"OpenStreetMap","validada":false,"incorporada":"pendiente","incorporacion_verificada":false,"validacion_pgr_dgii":"pendiente"}},{"type":"Feature","geometry":{"type":"Point","coordinates":[-69.8986679,18.553351]},"properties":{"id":"IGL-OSM-WAY-409582835","nombre":"Iglesia de Dios Pentecostal Misionera La Gran Comision","categoria":"Iglesias debidamente incorporadas - candidatas","religion":"christian","denominacion":"","direccion":"Calle 1era","ciudad":"","municipio":"","provincia":"","telefono":"","website":"","osm_type":"way","osm_id":409582835,"osm_url":"https://www.openstreetmap.org/way/409582835","fuente":"OpenStreetMap","validada":false,"incorporada":"pendiente","incorporacion_verificada":false,"validacion_pgr_dgii":"pendiente"}},{"type":"Feature","geometry":{"type":"Point","coordinates":[-68.8328839,18.4434145]},"properties":{"id":"IGL-OSM-WAY-1369046900","nombre":"Iglesia de Dios Pentecostal movimiento internacional","categoria":"Iglesias debidamente incorporadas - candidatas","religion":"","denominacion":"","direccion":"","ciudad":"","municipio":"","provincia":"","telefono":"","website":"","osm_type":"way","osm_id":1369046900,"osm_url":"https://www.openstreetmap.org/way/1369046900","fuente":"OpenStreetMap","validada":false,"incorporada":"pendiente","incorporacion_verificada":false,"validacion_pgr_dgii":"pendiente"}},{"type":"Feature","geometry":{"type":"Point","coordinates":[-69.898459,18.4815444]},"properties":{"id":"IGL-OSM-WAY-407064841","nombre":"Iglesia de Dios Pentecostal Paz y Amor","categoria":"Iglesias debidamente incorporadas - candidatas","religion":"christian","denominacion":"","direccion":"Calle Francisco Henríquez y Carvajal 220","ciudad":"","municipio":"","provincia":"","telefono":"","website":"","osm_type":"way","osm_id":407064841,"osm_url":"https://www.openstreetmap.org/way/407064841","fuente":"OpenStreetMap","validada":false,"incorporada":"pendiente","incorporacion_verificada":false,"validacion_pgr_dgii":"pendiente"}},{"type":"Feature","geometry":{"type":"Point","coordinates":[-69.6154809,19.2301705]},"properties":{"id":"IGL-OSM-WAY-396922215","nombre":"Iglesia de Dios, Inc.","categoria":"Iglesias debidamente incorporadas - candidatas","religion":"christian","denominacion":"","direccion":"","ciudad":"","municipio":"","provincia":"","telefono":"","website":"","osm_type":"way","osm_id":396922215,"osm_url":"https://www.openstreetmap.org/way/396922215","fuente":"OpenStreetMap","validada":false,"incorporada":"pendiente","incorporacion_verificada":false,"validacion_pgr_dgii":"pendiente"}},{"type":"Feature","geometry":{"type":"Point","coordinates":[-70.4111673,18.9363062]},"properties":{"id":"IGL-OSM-NODE-2361912402","nombre":"Iglesia de Fátima","categoria":"Iglesias debidamente incorporadas - candidatas","religion":"christian","denominacion":"","direccion":"","ciudad":"","municipio":"","provincia":"","telefono":"","website":"","osm_type":"node","osm_id":2361912402,"osm_url":"https://www.openstreetmap.org/node/2361912402","fuente":"OpenStreetMap","validada":false,"incorporada":"pendiente","incorporacion_verificada":false,"validacion_pgr_dgii":"pendiente"}},{"type":"Feature","geometry":{"type":"Point","coordinates":[-69.8061291,18.4881893]},"properties":{"id":"IGL-OSM-NODE-4124586777","nombre":"Iglesia de Jesucristo","categoria":"Iglesias debidamente incorporadas - candidatas","religion":"christian","denominacion":"","direccion":"Isabel La Catolica","ciudad":"","municipio":"","provincia":"","telefono":"","website":"","osm_type":"node","osm_id":4124586777,"osm_url":"https://www.openstreetmap.org/node/4124586777","fuente":"OpenStreetMap","validada":false,"incorporada":"pendiente","incorporacion_verificada":false,"validacion_pgr_dgii":"pendiente"}},{"type":"Feature","geometry":{"type":"Point","coordinates":[-70.5227995,19.2218272]},"properties":{"id":"IGL-OSM-NODE-1673921449","nombre":"Iglesia de Jesucristo de los Santos de los Ultimos Dias","categoria":"Iglesias debidamente incorporadas - candidatas","religion":"","denominacion":"","direccion":"","ciudad":"","municipio":"","provincia":"","telefono":"","website":"","osm_type":"node","osm_id":1673921449,"osm_url":"https://www.openstreetmap.org/node/1673921449","fuente":"OpenStreetMap","validada":false,"incorporada":"pendiente","incorporacion_verificada":false,"validacion_pgr_dgii":"pendiente"}},{"type":"Feature","geometry":{"type":"Point","coordinates":[-69.013479,18.4394116]},"properties":{"id":"IGL-OSM-WAY-499209795","nombre":"Iglesia de Jesucristo de los Santos de los Últimos Dias","categoria":"Iglesias debidamente incorporadas - candidatas","religion":"christian","denominacion":"","direccion":"","ciudad":"","municipio":"","provincia":"","telefono":"","website":"","osm_type":"way","osm_id":499209795,"osm_url":"https://www.openstreetmap.org/way/499209795","fuente":"OpenStreetMap","validada":false,"incorporada":"pendiente","incorporacion_verificada":false,"validacion_pgr_dgii":"pendiente"}},{"type":"Feature","geometry":{"type":"Point","coordinates":[-69.8626264,18.5120899]},"properties":{"id":"IGL-OSM-NODE-4454236190","nombre":"iglesia de jesucristo de los santos de los últimos días","categoria":"Iglesias debidamente incorporadas - candidatas","religion":"","denominacion":"","direccion":"Calle Gregorio Rivas","ciudad":"","municipio":"","provincia":"","telefono":"","website":"","osm_type":"node","osm_id":4454236190,"osm_url":"https://www.openstreetmap.org/node/4454236190","fuente":"OpenStreetMap","validada":false,"incorporada":"pendiente","incorporacion_verificada":false,"validacion_pgr_dgii":"pendiente"}},{"type":"Feature","geometry":{"type":"Point","coordinates":[-69.386743,19.059879]},"properties":{"id":"IGL-OSM-WAY-1100882549","nombre":"Iglesia de Jesucristo de los Santos de los Últimos Días","categoria":"Iglesias debidamente incorporadas - candidatas","religion":"","denominacion":"","direccion":"","ciudad":"Sabana de la Mar","municipio":"","provincia":"","telefono":"","website":"","osm_type":"way","osm_id":1100882549,"osm_url":"https://www.openstreetmap.org/way/1100882549","fuente":"OpenStreetMap","validada":false,"incorporada":"pendiente","incorporacion_verificada":false,"validacion_pgr_dgii":"pendiente"}},{"type":"Feature","geometry":{"type":"Point","coordinates":[-70.1031057,18.4210647]},"properties":{"id":"IGL-OSM-WAY-412787690","nombre":"Iglesia de Jesucristo de los Santos de los Últimos Días","categoria":"Iglesias debidamente incorporadas - candidatas","religion":"christian","denominacion":"","direccion":"Calle Madre Vieja Norte","ciudad":"San Cristóbal","municipio":"","provincia":"","telefono":"","website":"www.lds.org","osm_type":"way","osm_id":412787690,"osm_url":"https://www.openstreetmap.org/way/412787690","fuente":"OpenStreetMap","validada":false,"incorporada":"pendiente","incorporacion_verificada":false,"validacion_pgr_dgii":"pendiente"}},{"type":"Feature","geometry":{"type":"Point","coordinates":[-70.6065337,19.4817283]},"properties":{"id":"IGL-OSM-WAY-451268262","nombre":"Iglesia de Jesucristo de los Santos de los Últimos Días","categoria":"Iglesias debidamente incorporadas - candidatas","religion":"christian","denominacion":"","direccion":"","ciudad":"","municipio":"","provincia":"","telefono":"","website":"","osm_type":"way","osm_id":451268262,"osm_url":"https://www.openstreetmap.org/way/451268262","fuente":"OpenStreetMap","validada":false,"incorporada":"pendiente","incorporacion_verificada":false,"validacion_pgr_dgii":"pendiente"}},{"type":"Feature","geometry":{"type":"Point","coordinates":[-69.866439,18.5329812]},"properties":{"id":"IGL-OSM-WAY-412837362","nombre":"Iglesia de Jesucristo de los Últimos Santos del día","categoria":"Iglesias debidamente incorporadas - candidatas","religion":"christian","denominacion":"","direccion":"Avenida Los Restauradores","ciudad":"Santo Domingo Este","municipio":"","provincia":"","telefono":"","website":"","osm_type":"way","osm_id":412837362,"osm_url":"https://www.openstreetmap.org/way/412837362","fuente":"OpenStreetMap","validada":false,"incorporada":"pendiente","incorporacion_verificada":false,"validacion_pgr_dgii":"pendiente"}},{"type":"Feature","geometry":{"type":"Point","coordinates":[-70.7102843,19.4906392]},"properties":{"id":"IGL-OSM-WAY-304730629","nombre":"Iglesia de la Guadalupe","categoria":"Iglesias debidamente incorporadas - candidatas","religion":"","denominacion":"","direccion":"","ciudad":"","municipio":"","provincia":"","telefono":"","website":"","osm_type":"way","osm_id":304730629,"osm_url":"https://www.openstreetmap.org/way/304730629","fuente":"OpenStreetMap","validada":false,"incorporada":"pendiente","incorporacion_verificada":false,"validacion_pgr_dgii":"pendiente"}},{"type":"Feature","geometry":{"type":"Point","coordinates":[-70.6865421,19.4432125]},"properties":{"id":"IGL-OSM-WAY-31877572","nombre":"Iglesia De La PUCMM","categoria":"Iglesias debidamente incorporadas - candidatas","religion":"christian","denominacion":"catholic","direccion":"","ciudad":"","municipio":"","provincia":"","telefono":"","website":"","osm_type":"way","osm_id":31877572,"osm_url":"https://www.openstreetmap.org/way/31877572","fuente":"OpenStreetMap","validada":false,"incorporada":"pendiente","incorporacion_verificada":false,"validacion_pgr_dgii":"pendiente"}},{"type":"Feature","geometry":{"type":"Point","coordinates":[-71.341219,19.4756564]},"properties":{"id":"IGL-OSM-NODE-2037619928","nombre":"Iglesia De Las Mercedes","categoria":"Iglesias debidamente incorporadas - candidatas","religion":"christian","denominacion":"","direccion":"","ciudad":"","municipio":"","provincia":"","telefono":"","website":"","osm_type":"node","osm_id":2037619928,"osm_url":"https://www.openstreetmap.org/node/2037619928","fuente":"OpenStreetMap","validada":false,"incorporada":"pendiente","incorporacion_verificada":false,"validacion_pgr_dgii":"pendiente"}},{"type":"Feature","geometry":{"type":"Point","coordinates":[-69.9899855,18.446848]},"properties":{"id":"IGL-OSM-NODE-5468182680","nombre":"Iglesia de los Envejecientes","categoria":"Iglesias debidamente incorporadas - candidatas","religion":"christian","denominacion":"","direccion":"","ciudad":"","municipio":"","provincia":"","telefono":"","website":"","osm_type":"node","osm_id":5468182680,"osm_url":"https://www.openstreetmap.org/node/5468182680","fuente":"OpenStreetMap","validada":false,"incorporada":"pendiente","incorporacion_verificada":false,"validacion_pgr_dgii":"pendiente"}},{"type":"Feature","geometry":{"type":"Point","coordinates":[-69.8085952,18.4745307]},"properties":{"id":"IGL-OSM-NODE-2178675465","nombre":"Iglesia de los Hermanos Unidos","categoria":"Iglesias debidamente incorporadas - candidatas","religion":"christian","denominacion":"","direccion":"","ciudad":"","municipio":"","provincia":"","telefono":"","website":"","osm_type":"node","osm_id":2178675465,"osm_url":"https://www.openstreetmap.org/node/2178675465","fuente":"OpenStreetMap","validada":false,"incorporada":"pendiente","incorporacion_verificada":false,"validacion_pgr_dgii":"pendiente"}},{"type":"Feature","geometry":{"type":"Point","coordinates":[-68.9876408,18.4303454]},"properties":{"id":"IGL-OSM-WAY-503891117","nombre":"Iglesia de los Mormones","categoria":"Iglesias debidamente incorporadas - candidatas","religion":"","denominacion":"","direccion":"","ciudad":"","municipio":"","provincia":"","telefono":"","website":"","osm_type":"way","osm_id":503891117,"osm_url":"https://www.openstreetmap.org/way/503891117","fuente":"OpenStreetMap","validada":false,"incorporada":"pendiente","incorporacion_verificada":false,"validacion_pgr_dgii":"pendiente"}},{"type":"Feature","geometry":{"type":"Point","coordinates":[-69.8577968,18.474968]},"properties":{"id":"IGL-OSM-WAY-408330373","nombre":"Iglesia de Pentecostal","categoria":"Iglesias debidamente incorporadas - candidatas","religion":"christian","denominacion":"pentecostal","direccion":"Avenida Jacinto de Los Santos","ciudad":"Santo Domingo","municipio":"","provincia":"","telefono":"","website":"","osm_type":"way","osm_id":408330373,"osm_url":"https://www.openstreetmap.org/way/408330373","fuente":"OpenStreetMap","validada":false,"incorporada":"pendiente","incorporacion_verificada":false,"validacion_pgr_dgii":"pendiente"}},{"type":"Feature","geometry":{"type":"Point","coordinates":[-71.1016235,19.64942]},"properties":{"id":"IGL-OSM-WAY-1160078321","nombre":"Iglesia de San Antonio","categoria":"Iglesias debidamente incorporadas - candidatas","religion":"christian","denominacion":"catholic","direccion":"","ciudad":"","municipio":"","provincia":"","telefono":"","website":"","osm_type":"way","osm_id":1160078321,"osm_url":"https://www.openstreetmap.org/way/1160078321","fuente":"OpenStreetMap","validada":false,"incorporada":"pendiente","incorporacion_verificada":false,"validacion_pgr_dgii":"pendiente"}},{"type":"Feature","geometry":{"type":"Point","coordinates":[-70.7125703,19.4569039]},"properties":{"id":"IGL-OSM-WAY-410359195","nombre":"Iglesia de San José","categoria":"Iglesias debidamente incorporadas - candidatas","religion":"christian","denominacion":"","direccion":"Avenida Hermanas Mirabal","ciudad":"Santiago de los Caballeros","municipio":"","provincia":"","telefono":"","website":"","osm_type":"way","osm_id":410359195,"osm_url":"https://www.openstreetmap.org/way/410359195","fuente":"OpenStreetMap","validada":false,"incorporada":"pendiente","incorporacion_verificada":false,"validacion_pgr_dgii":"pendiente"}},{"type":"Feature","geometry":{"type":"Point","coordinates":[-68.7133745,18.6071246]},"properties":{"id":"IGL-OSM-WAY-864800894","nombre":"Iglesia de Savica","categoria":"Iglesias debidamente incorporadas - candidatas","religion":"","denominacion":"","direccion":"","ciudad":"","municipio":"","provincia":"","telefono":"","website":"","osm_type":"way","osm_id":864800894,"osm_url":"https://www.openstreetmap.org/way/864800894","fuente":"OpenStreetMap","validada":false,"incorporada":"pendiente","incorporacion_verificada":false,"validacion_pgr_dgii":"pendiente"}},{"type":"Feature","geometry":{"type":"Point","coordinates":[-70.6861203,19.7968798]},"properties":{"id":"IGL-OSM-WAY-1532387177","nombre":"Iglesia del Carmen","categoria":"Iglesias debidamente incorporadas - candidatas","religion":"","denominacion":"roman_catholic","direccion":"Calle del Carmen","ciudad":"Puerto Plata","municipio":"","provincia":"","telefono":"","website":"","osm_type":"way","osm_id":1532387177,"osm_url":"https://www.openstreetmap.org/way/1532387177","fuente":"OpenStreetMap","validada":false,"incorporada":"pendiente","incorporacion_verificada":false,"validacion_pgr_dgii":"pendiente"}},{"type":"Feature","geometry":{"type":"Point","coordinates":[-68.9797592,18.4240944]},"properties":{"id":"IGL-OSM-NODE-3268313300","nombre":"Iglesia del E. Santo","categoria":"Iglesias debidamente incorporadas - candidatas","religion":"christian","denominacion":"","direccion":"","ciudad":"","municipio":"","provincia":"","telefono":"","website":"","osm_type":"node","osm_id":3268313300,"osm_url":"https://www.openstreetmap.org/node/3268313300","fuente":"OpenStreetMap","validada":false,"incorporada":"pendiente","incorporacion_verificada":false,"validacion_pgr_dgii":"pendiente"}},{"type":"Feature","geometry":{"type":"Point","coordinates":[-68.9768553,18.4330395]},"properties":{"id":"IGL-OSM-WAY-384833726","nombre":"Iglesia del Nazareno","categoria":"Iglesias debidamente incorporadas - candidatas","religion":"christian","denominacion":"Evangélica","direccion":"","ciudad":"","municipio":"","provincia":"","telefono":"","website":"","osm_type":"way","osm_id":384833726,"osm_url":"https://www.openstreetmap.org/way/384833726","fuente":"OpenStreetMap","validada":false,"incorporada":"pendiente","incorporacion_verificada":false,"validacion_pgr_dgii":"pendiente"}},{"type":"Feature","geometry":{"type":"Point","coordinates":[-69.8163514,18.4652878]},"properties":{"id":"IGL-OSM-WAY-407777772","nombre":"Iglesia del Nazareno","categoria":"Iglesias debidamente incorporadas - candidatas","religion":"christian","denominacion":"","direccion":"Calle Este","ciudad":"","municipio":"","provincia":"","telefono":"","website":"","osm_type":"way","osm_id":407777772,"osm_url":"https://www.openstreetmap.org/way/407777772","fuente":"OpenStreetMap","validada":false,"incorporada":"pendiente","incorporacion_verificada":false,"validacion_pgr_dgii":"pendiente"}},{"type":"Feature","geometry":{"type":"Point","coordinates":[-69.9507567,18.4662373]},"properties":{"id":"IGL-OSM-WAY-469959492","nombre":"Iglesia del Nazareno","categoria":"Iglesias debidamente incorporadas - candidatas","religion":"","denominacion":"protestant","direccion":"Calle Pedro Albizu Campos","ciudad":"","municipio":"","provincia":"","telefono":"","website":"","osm_type":"way","osm_id":469959492,"osm_url":"https://www.openstreetmap.org/way/469959492","fuente":"OpenStreetMap","validada":false,"incorporada":"pendiente","incorporacion_verificada":false,"validacion_pgr_dgii":"pendiente"}},{"type":"Feature","geometry":{"type":"Point","coordinates":[-69.9271133,18.4841431]},"properties":{"id":"IGL-OSM-NODE-4147731957","nombre":"Iglesia del Nuevo Testamento","categoria":"Iglesias debidamente incorporadas - candidatas","religion":"christian","denominacion":"","direccion":"","ciudad":"","municipio":"","provincia":"","telefono":"","website":"","osm_type":"node","osm_id":4147731957,"osm_url":"https://www.openstreetmap.org/node/4147731957","fuente":"OpenStreetMap","validada":false,"incorporada":"pendiente","incorporacion_verificada":false,"validacion_pgr_dgii":"pendiente"}},{"type":"Feature","geometry":{"type":"Point","coordinates":[-68.97438,18.4196847]},"properties":{"id":"IGL-OSM-NODE-4898607163","nombre":"Iglesia del Nuevo Testamento","categoria":"Iglesias debidamente incorporadas - candidatas","religion":"christian","denominacion":"","direccion":"","ciudad":"","municipio":"","provincia":"","telefono":"","website":"","osm_type":"node","osm_id":4898607163,"osm_url":"https://www.openstreetmap.org/node/4898607163","fuente":"OpenStreetMap","validada":false,"incorporada":"pendiente","incorporacion_verificada":false,"validacion_pgr_dgii":"pendiente"}},{"type":"Feature","geometry":{"type":"Point","coordinates":[-71.7503447,19.701616]},"properties":{"id":"IGL-OSM-WAY-758232247","nombre":"Iglesia del Sagrado Corazón de Jesús","categoria":"Iglesias debidamente incorporadas - candidatas","religion":"christian","denominacion":"catholic","direccion":"","ciudad":"","municipio":"","provincia":"","telefono":"","website":"","osm_type":"way","osm_id":758232247,"osm_url":"https://www.openstreetmap.org/way/758232247","fuente":"OpenStreetMap","validada":false,"incorporada":"pendiente","incorporacion_verificada":false,"validacion_pgr_dgii":"pendiente"}},{"type":"Feature","geometry":{"type":"Point","coordinates":[-68.8418937,18.369229]},"properties":{"id":"IGL-OSM-NODE-8092391493","nombre":"Iglesia Divina Pastora","categoria":"Iglesias debidamente incorporadas - candidatas","religion":"christian","denominacion":"catholic","direccion":"","ciudad":"","municipio":"","provincia":"","telefono":"","website":"","osm_type":"node","osm_id":8092391493,"osm_url":"https://www.openstreetmap.org/node/8092391493","fuente":"OpenStreetMap","validada":false,"incorporada":"pendiente","incorporacion_verificada":false,"validacion_pgr_dgii":"pendiente"}},{"type":"Feature","geometry":{"type":"Point","coordinates":[-69.9404395,18.4607287]},"properties":{"id":"IGL-OSM-WAY-408753407","nombre":"Iglesia Ejercito de Dio","categoria":"Iglesias debidamente incorporadas - candidatas","religion":"christian","denominacion":"","direccion":"Avenida 27 de Febrero 313","ciudad":"Santo Domingo","municipio":"","provincia":"","telefono":"","website":"","osm_type":"way","osm_id":408753407,"osm_url":"https://www.openstreetmap.org/way/408753407","fuente":"OpenStreetMap","validada":false,"incorporada":"pendiente","incorporacion_verificada":false,"validacion_pgr_dgii":"pendiente"}},{"type":"Feature","geometry":{"type":"Point","coordinates":[-69.9421148,18.4618737]},"properties":{"id":"IGL-OSM-NODE-3161537987","nombre":"Iglesia El Buen Pastor","categoria":"Iglesias debidamente incorporadas - candidatas","religion":"christian","denominacion":"roman_catholic","direccion":"Luis Desangles y Sibilly","ciudad":"santo domingo","municipio":"","provincia":"","telefono":"","website":"","osm_type":"node","osm_id":3161537987,"osm_url":"https://www.openstreetmap.org/node/3161537987","fuente":"OpenStreetMap","validada":false,"incorporada":"pendiente","incorporacion_verificada":false,"validacion_pgr_dgii":"pendiente"}},{"type":"Feature","geometry":{"type":"Point","coordinates":[-69.9618842,18.459155]},"properties":{"id":"IGL-OSM-WAY-468200728","nombre":"Iglesia El Círculo","categoria":"Iglesias debidamente incorporadas - candidatas","religion":"christian","denominacion":"","direccion":"Guarocuya 14","ciudad":"Santo Domingo","municipio":"","provincia":"","telefono":"","website":"https://elcirculo.com.do/","osm_type":"way","osm_id":468200728,"osm_url":"https://www.openstreetmap.org/way/468200728","fuente":"OpenStreetMap","validada":false,"incorporada":"pendiente","incorporacion_verificada":false,"validacion_pgr_dgii":"pendiente"}},{"type":"Feature","geometry":{"type":"Point","coordinates":[-71.2357038,18.8158427]},"properties":{"id":"IGL-OSM-NODE-9621116657","nombre":"Iglesia el Nazareno","categoria":"Iglesias debidamente incorporadas - candidatas","religion":"christian","denominacion":"","direccion":"","ciudad":"","municipio":"","provincia":"","telefono":"","website":"","osm_type":"node","osm_id":9621116657,"osm_url":"https://www.openstreetmap.org/node/9621116657","fuente":"OpenStreetMap","validada":false,"incorporada":"pendiente","incorporacion_verificada":false,"validacion_pgr_dgii":"pendiente"}},{"type":"Feature","geometry":{"type":"Point","coordinates":[-70.6892189,19.4290291]},"properties":{"id":"IGL-OSM-WAY-228554263","nombre":"Iglesia El Redentor","categoria":"Iglesias debidamente incorporadas - candidatas","religion":"christian","denominacion":"","direccion":"","ciudad":"","municipio":"","provincia":"","telefono":"","website":"","osm_type":"way","osm_id":228554263,"osm_url":"https://www.openstreetmap.org/way/228554263","fuente":"OpenStreetMap","validada":false,"incorporada":"pendiente","incorporacion_verificada":false,"validacion_pgr_dgii":"pendiente"}},{"type":"Feature","geometry":{"type":"Point","coordinates":[-69.9088108,18.5627544]},"properties":{"id":"IGL-OSM-WAY-409601584","nombre":"Iglesia El Remanso","categoria":"Iglesias debidamente incorporadas - candidatas","religion":"christian","denominacion":"","direccion":"","ciudad":"","municipio":"","provincia":"","telefono":"","website":"","osm_type":"way","osm_id":409601584,"osm_url":"https://www.openstreetmap.org/way/409601584","fuente":"OpenStreetMap","validada":false,"incorporada":"pendiente","incorporacion_verificada":false,"validacion_pgr_dgii":"pendiente"}},{"type":"Feature","geometry":{"type":"Point","coordinates":[-68.9752907,18.4350081]},"properties":{"id":"IGL-OSM-WAY-329863977","nombre":"Iglesia El Tabernáculo","categoria":"Iglesias debidamente incorporadas - candidatas","religion":"christian","denominacion":"pentecostal","direccion":"","ciudad":"","municipio":"","provincia":"","telefono":"","website":"","osm_type":"way","osm_id":329863977,"osm_url":"https://www.openstreetmap.org/way/329863977","fuente":"OpenStreetMap","validada":false,"incorporada":"pendiente","incorporacion_verificada":false,"validacion_pgr_dgii":"pendiente"}},{"type":"Feature","geometry":{"type":"Point","coordinates":[-69.8132542,18.518547]},"properties":{"id":"IGL-OSM-NODE-7154390485","nombre":"Iglesia Episcopal Santa Margarita Comunión Anglicana","categoria":"Iglesias debidamente incorporadas - candidatas","religion":"","denominacion":"","direccion":"Calle Orlando Martinez","ciudad":"","municipio":"","provincia":"","telefono":"","website":"","osm_type":"node","osm_id":7154390485,"osm_url":"https://www.openstreetmap.org/node/7154390485","fuente":"OpenStreetMap","validada":false,"incorporada":"pendiente","incorporacion_verificada":false,"validacion_pgr_dgii":"pendiente"}},{"type":"Feature","geometry":{"type":"Point","coordinates":[-69.5690139,18.4839352]},"properties":{"id":"IGL-OSM-WAY-1374528365","nombre":"Iglesia Episcopal Santo Tomás","categoria":"Iglesias debidamente incorporadas - candidatas","religion":"","denominacion":"","direccion":"","ciudad":"","municipio":"","provincia":"","telefono":"","website":"","osm_type":"way","osm_id":1374528365,"osm_url":"https://www.openstreetmap.org/way/1374528365","fuente":"OpenStreetMap","validada":false,"incorporada":"pendiente","incorporacion_verificada":false,"validacion_pgr_dgii":"pendiente"}},{"type":"Feature","geometry":{"type":"Point","coordinates":[-69.8842391,18.4979898]},"properties":{"id":"IGL-OSM-NODE-5240301977","nombre":"Iglesia Evangelia Cristiana de Jesus el Gran Rey","categoria":"Iglesias debidamente incorporadas - candidatas","religion":"christian","denominacion":"","direccion":"Calle Maria Trinidad Sanchez","ciudad":"","municipio":"","provincia":"","telefono":"","website":"","osm_type":"node","osm_id":5240301977,"osm_url":"https://www.openstreetmap.org/node/5240301977","fuente":"OpenStreetMap","validada":false,"incorporada":"pendiente","incorporacion_verificada":false,"validacion_pgr_dgii":"pendiente"}},{"type":"Feature","geometry":{"type":"Point","coordinates":[-70.5308362,19.2116101]},"properties":{"id":"IGL-OSM-NODE-4181970133","nombre":"Iglesia Evangelica","categoria":"Iglesias debidamente incorporadas - candidatas","religion":"christian","denominacion":"","direccion":"","ciudad":"","municipio":"","provincia":"","telefono":"","website":"","osm_type":"node","osm_id":4181970133,"osm_url":"https://www.openstreetmap.org/node/4181970133","fuente":"OpenStreetMap","validada":false,"incorporada":"pendiente","incorporacion_verificada":false,"validacion_pgr_dgii":"pendiente"}},{"type":"Feature","geometry":{"type":"Point","coordinates":[-69.7818844,18.499528]},"properties":{"id":"IGL-OSM-NODE-4374647520","nombre":"Iglesia Evangelica","categoria":"Iglesias debidamente incorporadas - candidatas","religion":"","denominacion":"","direccion":"","ciudad":"","municipio":"","provincia":"","telefono":"","website":"","osm_type":"node","osm_id":4374647520,"osm_url":"https://www.openstreetmap.org/node/4374647520","fuente":"OpenStreetMap","validada":false,"incorporada":"pendiente","incorporacion_verificada":false,"validacion_pgr_dgii":"pendiente"}},{"type":"Feature","geometry":{"type":"Point","coordinates":[-69.7804025,18.4972957]},"properties":{"id":"IGL-OSM-NODE-4374648798","nombre":"Iglesia Evangelica","categoria":"Iglesias debidamente incorporadas - candidatas","religion":"","denominacion":"","direccion":"","ciudad":"","municipio":"","provincia":"","telefono":"","website":"","osm_type":"node","osm_id":4374648798,"osm_url":"https://www.openstreetmap.org/node/4374648798","fuente":"OpenStreetMap","validada":false,"incorporada":"pendiente","incorporacion_verificada":false,"validacion_pgr_dgii":"pendiente"}},{"type":"Feature","geometry":{"type":"Point","coordinates":[-69.8833577,18.4963868]},"properties":{"id":"IGL-OSM-NODE-5060921049","nombre":"Iglesia Evangelica","categoria":"Iglesias debidamente incorporadas - candidatas","religion":"","denominacion":"evangelical","direccion":"","ciudad":"","municipio":"","provincia":"","telefono":"","website":"","osm_type":"node","osm_id":5060921049,"osm_url":"https://www.openstreetmap.org/node/5060921049","fuente":"OpenStreetMap","validada":false,"incorporada":"pendiente","incorporacion_verificada":false,"validacion_pgr_dgii":"pendiente"}},{"type":"Feature","geometry":{"type":"Point","coordinates":[-69.8921647,18.4980334]},"properties":{"id":"IGL-OSM-WAY-410653376","nombre":"Iglesia Evangelica","categoria":"Iglesias debidamente incorporadas - candidatas","religion":"christian","denominacion":"","direccion":"","ciudad":"","municipio":"","provincia":"","telefono":"","website":"","osm_type":"way","osm_id":410653376,"osm_url":"https://www.openstreetmap.org/way/410653376","fuente":"OpenStreetMap","validada":false,"incorporada":"pendiente","incorporacion_verificada":false,"validacion_pgr_dgii":"pendiente"}},{"type":"Feature","geometry":{"type":"Point","coordinates":[-70.1701977,18.6645205]},"properties":{"id":"IGL-OSM-WAY-412501785","nombre":"Iglesia Evangelica","categoria":"Iglesias debidamente incorporadas - candidatas","religion":"christian","denominacion":"evangelical","direccion":"Central 32","ciudad":"Villa Altagracia","municipio":"","provincia":"","telefono":"","website":"","osm_type":"way","osm_id":412501785,"osm_url":"https://www.openstreetmap.org/way/412501785","fuente":"OpenStreetMap","validada":false,"incorporada":"pendiente","incorporacion_verificada":false,"validacion_pgr_dgii":"pendiente"}},{"type":"Feature","geometry":{"type":"Point","coordinates":[-70.0968242,18.4186749]},"properties":{"id":"IGL-OSM-WAY-413734145","nombre":"Iglesia Evangelica","categoria":"Iglesias debidamente incorporadas - candidatas","religion":"christian","denominacion":"","direccion":"","ciudad":"","municipio":"","provincia":"","telefono":"","website":"","osm_type":"way","osm_id":413734145,"osm_url":"https://www.openstreetmap.org/way/413734145","fuente":"OpenStreetMap","validada":false,"incorporada":"pendiente","incorporacion_verificada":false,"validacion_pgr_dgii":"pendiente"}},{"type":"Feature","geometry":{"type":"Point","coordinates":[-70.1105983,18.4149225]},"properties":{"id":"IGL-OSM-WAY-413979287","nombre":"Iglesia Evangelica \"Sion\" Ciudad de Dios","categoria":"Iglesias debidamente incorporadas - candidatas","religion":"christian","denominacion":"evangelical","direccion":"Avenida General Cabral","ciudad":"San Cristóbal","municipio":"","provincia":"","telefono":"","website":"","osm_type":"way","osm_id":413979287,"osm_url":"https://www.openstreetmap.org/way/413979287","fuente":"OpenStreetMap","validada":false,"incorporada":"pendiente","incorporacion_verificada":false,"validacion_pgr_dgii":"pendiente"}},{"type":"Feature","geometry":{"type":"Point","coordinates":[-68.9278806,18.4810892]},"properties":{"id":"IGL-OSM-WAY-1368210926","nombre":"Iglesia Evangelica Asamblea de Dios: Juan 1, 29","categoria":"Iglesias debidamente incorporadas - candidatas","religion":"","denominacion":"","direccion":"","ciudad":"","municipio":"","provincia":"","telefono":"","website":"","osm_type":"way","osm_id":1368210926,"osm_url":"https://www.openstreetmap.org/way/1368210926","fuente":"OpenStreetMap","validada":false,"incorporada":"pendiente","incorporacion_verificada":false,"validacion_pgr_dgii":"pendiente"}},{"type":"Feature","geometry":{"type":"Point","coordinates":[-69.6275016,18.45388]},"properties":{"id":"IGL-OSM-WAY-408954108","nombre":"Iglesia Evangelica Cristiana","categoria":"Iglesias debidamente incorporadas - candidatas","religion":"christian","denominacion":"","direccion":"Los Rieles","ciudad":"André","municipio":"","provincia":"","telefono":"","website":"","osm_type":"way","osm_id":408954108,"osm_url":"https://www.openstreetmap.org/way/408954108","fuente":"OpenStreetMap","validada":false,"incorporada":"pendiente","incorporacion_verificada":false,"validacion_pgr_dgii":"pendiente"}},{"type":"Feature","geometry":{"type":"Point","coordinates":[-69.6258395,18.4574919]},"properties":{"id":"IGL-OSM-WAY-408333443","nombre":"Iglesia Evangelica de las Asamblea","categoria":"Iglesias debidamente incorporadas - candidatas","religion":"christian","denominacion":"","direccion":"Proyecto La Ocho","ciudad":"André","municipio":"","provincia":"","telefono":"","website":"","osm_type":"way","osm_id":408333443,"osm_url":"https://www.openstreetmap.org/way/408333443","fuente":"OpenStreetMap","validada":false,"incorporada":"pendiente","incorporacion_verificada":false,"validacion_pgr_dgii":"pendiente"}},{"type":"Feature","geometry":{"type":"Point","coordinates":[-69.9025965,18.4821291]},"properties":{"id":"IGL-OSM-WAY-254684421","nombre":"Iglesia Evangelica Dominicana","categoria":"Iglesias debidamente incorporadas - candidatas","religion":"","denominacion":"","direccion":"","ciudad":"","municipio":"","provincia":"","telefono":"","website":"","osm_type":"way","osm_id":254684421,"osm_url":"https://www.openstreetmap.org/way/254684421","fuente":"OpenStreetMap","validada":false,"incorporada":"pendiente","incorporacion_verificada":false,"validacion_pgr_dgii":"pendiente"}},{"type":"Feature","geometry":{"type":"Point","coordinates":[-68.7110037,18.6010443]},"properties":{"id":"IGL-OSM-WAY-866374806","nombre":"Iglesia Evangelica Dominicana","categoria":"Iglesias debidamente incorporadas - candidatas","religion":"christian","denominacion":"","direccion":"","ciudad":"","municipio":"","provincia":"","telefono":"","website":"","osm_type":"way","osm_id":866374806,"osm_url":"https://www.openstreetmap.org/way/866374806","fuente":"OpenStreetMap","validada":false,"incorporada":"pendiente","incorporacion_verificada":false,"validacion_pgr_dgii":"pendiente"}},{"type":"Feature","geometry":{"type":"Point","coordinates":[-70.6706554,19.4304692]},"properties":{"id":"IGL-OSM-WAY-408728382","nombre":"Iglesia Evangelica Faro de Luz en Cristo","categoria":"Iglesias debidamente incorporadas - candidatas","religion":"christian","denominacion":"","direccion":"Calle 19","ciudad":"","municipio":"","provincia":"","telefono":"","website":"","osm_type":"way","osm_id":408728382,"osm_url":"https://www.openstreetmap.org/way/408728382","fuente":"OpenStreetMap","validada":false,"incorporada":"pendiente","incorporacion_verificada":false,"validacion_pgr_dgii":"pendiente"}},{"type":"Feature","geometry":{"type":"Point","coordinates":[-69.6540038,18.449226]},"properties":{"id":"IGL-OSM-WAY-408940466","nombre":"Iglesia Evangelica Jesucristo","categoria":"Iglesias debidamente incorporadas - candidatas","religion":"christian","denominacion":"","direccion":"","ciudad":"Andrés","municipio":"","provincia":"","telefono":"","website":"","osm_type":"way","osm_id":408940466,"osm_url":"https://www.openstreetmap.org/way/408940466","fuente":"OpenStreetMap","validada":false,"incorporada":"pendiente","incorporacion_verificada":false,"validacion_pgr_dgii":"pendiente"}},{"type":"Feature","geometry":{"type":"Point","coordinates":[-69.8338893,18.478737]},"properties":{"id":"IGL-OSM-WAY-407785039","nombre":"Iglesia Evangelica Metodista Libre","categoria":"Iglesias debidamente incorporadas - candidatas","religion":"christian","denominacion":"","direccion":"Avenida 5ta","ciudad":"","municipio":"","provincia":"","telefono":"","website":"","osm_type":"way","osm_id":407785039,"osm_url":"https://www.openstreetmap.org/way/407785039","fuente":"OpenStreetMap","validada":false,"incorporada":"pendiente","incorporacion_verificada":false,"validacion_pgr_dgii":"pendiente"}},{"type":"Feature","geometry":{"type":"Point","coordinates":[-69.8392878,18.5030569]},"properties":{"id":"IGL-OSM-WAY-407073175","nombre":"Iglesia Evangelica Pentecostal","categoria":"Iglesias debidamente incorporadas - candidatas","religion":"christian","denominacion":"","direccion":"Calle Maria Trinidad Sanchez","ciudad":"","municipio":"","provincia":"","telefono":"","website":"","osm_type":"way","osm_id":407073175,"osm_url":"https://www.openstreetmap.org/way/407073175","fuente":"OpenStreetMap","validada":false,"incorporada":"pendiente","incorporacion_verificada":false,"validacion_pgr_dgii":"pendiente"}},{"type":"Feature","geometry":{"type":"Point","coordinates":[-69.610825,18.4563193]},"properties":{"id":"IGL-OSM-WAY-408333434","nombre":"Iglesia Evangelica Pentecostal","categoria":"Iglesias debidamente incorporadas - candidatas","religion":"christian","denominacion":"","direccion":"2 De Junio","ciudad":"Boca Chica","municipio":"","provincia":"","telefono":"","website":"","osm_type":"way","osm_id":408333434,"osm_url":"https://www.openstreetmap.org/way/408333434","fuente":"OpenStreetMap","validada":false,"incorporada":"pendiente","incorporacion_verificada":false,"validacion_pgr_dgii":"pendiente"}},{"type":"Feature","geometry":{"type":"Point","coordinates":[-70.0377644,18.5443956]},"properties":{"id":"IGL-OSM-WAY-411773309","nombre":"Iglesia Evangelica Pentecostal","categoria":"Iglesias debidamente incorporadas - candidatas","religion":"christian","denominacion":"","direccion":"Autopista Duarte Vieja","ciudad":"","municipio":"","provincia":"","telefono":"","website":"","osm_type":"way","osm_id":411773309,"osm_url":"https://www.openstreetmap.org/way/411773309","fuente":"OpenStreetMap","validada":false,"incorporada":"pendiente","incorporacion_verificada":false,"validacion_pgr_dgii":"pendiente"}},{"type":"Feature","geometry":{"type":"Point","coordinates":[-69.6898031,18.4602811]},"properties":{"id":"IGL-OSM-WAY-410614027","nombre":"Iglesia Evangelica Pentecostal Arca de Salvacion","categoria":"Iglesias debidamente incorporadas - candidatas","religion":"christian","denominacion":"","direccion":"Calle Manolo Tavares Justo","ciudad":"Campo Lindo","municipio":"","provincia":"","telefono":"","website":"","osm_type":"way","osm_id":410614027,"osm_url":"https://www.openstreetmap.org/way/410614027","fuente":"OpenStreetMap","validada":false,"incorporada":"pendiente","incorporacion_verificada":false,"validacion_pgr_dgii":"pendiente"}},{"type":"Feature","geometry":{"type":"Point","coordinates":[-69.6136856,18.4527034]},"properties":{"id":"IGL-OSM-WAY-407739614","nombre":"Iglesia Evangelica Pentecostal Puestos Los Ojos en Jesus","categoria":"Iglesias debidamente incorporadas - candidatas","religion":"christian","denominacion":"","direccion":"24 De Diciembre","ciudad":"Boca Chica","municipio":"","provincia":"","telefono":"","website":"","osm_type":"way","osm_id":407739614,"osm_url":"https://www.openstreetmap.org/way/407739614","fuente":"OpenStreetMap","validada":false,"incorporada":"pendiente","incorporacion_verificada":false,"validacion_pgr_dgii":"pendiente"}},{"type":"Feature","geometry":{"type":"Point","coordinates":[-70.1261326,18.4266788]},"properties":{"id":"IGL-OSM-WAY-409623651","nombre":"Iglesia Evangelica Renacer","categoria":"Iglesias debidamente incorporadas - candidatas","religion":"christian","denominacion":"evangelical","direccion":"Manzana 2","ciudad":"San Cristóbal","municipio":"","provincia":"","telefono":"","website":"","osm_type":"way","osm_id":409623651,"osm_url":"https://www.openstreetmap.org/way/409623651","fuente":"OpenStreetMap","validada":false,"incorporada":"pendiente","incorporacion_verificada":false,"validacion_pgr_dgii":"pendiente"}},{"type":"Feature","geometry":{"type":"Point","coordinates":[-70.1034323,18.4208644]},"properties":{"id":"IGL-OSM-WAY-412784937","nombre":"Iglesia Evangelica Valle de Beraca","categoria":"Iglesias debidamente incorporadas - candidatas","religion":"christian","denominacion":"","direccion":"Pedro Antonio","ciudad":"San Cristóbal","municipio":"","provincia":"","telefono":"","website":"","osm_type":"way","osm_id":412784937,"osm_url":"https://www.openstreetmap.org/way/412784937","fuente":"OpenStreetMap","validada":false,"incorporada":"pendiente","incorporacion_verificada":false,"validacion_pgr_dgii":"pendiente"}},{"type":"Feature","geometry":{"type":"Point","coordinates":[-70.1167681,18.42689]},"properties":{"id":"IGL-OSM-WAY-410046926","nombre":"Iglesia Evangelical","categoria":"Iglesias debidamente incorporadas - candidatas","religion":"christian","denominacion":"evangelical","direccion":"Calle Central","ciudad":"San Cristóbal","municipio":"","provincia":"","telefono":"","website":"","osm_type":"way","osm_id":410046926,"osm_url":"https://www.openstreetmap.org/way/410046926","fuente":"OpenStreetMap","validada":false,"incorporada":"pendiente","incorporacion_verificada":false,"validacion_pgr_dgii":"pendiente"}},{"type":"Feature","geometry":{"type":"Point","coordinates":[-69.6111776,18.4603203]},"properties":{"id":"IGL-OSM-WAY-408325621","nombre":"Iglesia Evangelical Pentecostal","categoria":"Iglesias debidamente incorporadas - candidatas","religion":"christian","denominacion":"","direccion":"Calle Profesora Hilda Gutierrez","ciudad":"Boca Chica","municipio":"","provincia":"","telefono":"","website":"","osm_type":"way","osm_id":408325621,"osm_url":"https://www.openstreetmap.org/way/408325621","fuente":"OpenStreetMap","validada":false,"incorporada":"pendiente","incorporacion_verificada":false,"validacion_pgr_dgii":"pendiente"}},{"type":"Feature","geometry":{"type":"Point","coordinates":[-70.5350385,19.2152665]},"properties":{"id":"IGL-OSM-NODE-4182026335","nombre":"Iglesia Evangélica","categoria":"Iglesias debidamente incorporadas - candidatas","religion":"christian","denominacion":"evangelical","direccion":"","ciudad":"","municipio":"","provincia":"","telefono":"","website":"","osm_type":"node","osm_id":4182026335,"osm_url":"https://www.openstreetmap.org/node/4182026335","fuente":"OpenStreetMap","validada":false,"incorporada":"pendiente","incorporacion_verificada":false,"validacion_pgr_dgii":"pendiente"}},{"type":"Feature","geometry":{"type":"Point","coordinates":[-69.6189052,19.2274318]},"properties":{"id":"IGL-OSM-NODE-3997601044","nombre":"Iglesia Evangélica Arca de Salvación","categoria":"Iglesias debidamente incorporadas - candidatas","religion":"christian","denominacion":"Evangelica","direccion":"","ciudad":"","municipio":"","provincia":"","telefono":"","website":"","osm_type":"node","osm_id":3997601044,"osm_url":"https://www.openstreetmap.org/node/3997601044","fuente":"OpenStreetMap","validada":false,"incorporada":"pendiente","incorporacion_verificada":false,"validacion_pgr_dgii":"pendiente"}},{"type":"Feature","geometry":{"type":"Point","coordinates":[-69.896384,18.5320853]},"properties":{"id":"IGL-OSM-WAY-408877122","nombre":"Iglesia Evangélica Asambleas de Dios Hosanna","categoria":"Iglesias debidamente incorporadas - candidatas","religion":"christian","denominacion":"","direccion":"Calle M-1","ciudad":"","municipio":"","provincia":"","telefono":"","website":"","osm_type":"way","osm_id":408877122,"osm_url":"https://www.openstreetmap.org/way/408877122","fuente":"OpenStreetMap","validada":false,"incorporada":"pendiente","incorporacion_verificada":false,"validacion_pgr_dgii":"pendiente"}},{"type":"Feature","geometry":{"type":"Point","coordinates":[-69.8501204,18.4712796]},"properties":{"id":"IGL-OSM-NODE-5093311328","nombre":"Iglesia Evangélica De La Revelación","categoria":"Iglesias debidamente incorporadas - candidatas","religion":"","denominacion":"","direccion":"","ciudad":"","municipio":"","provincia":"","telefono":"","website":"","osm_type":"node","osm_id":5093311328,"osm_url":"https://www.openstreetmap.org/node/5093311328","fuente":"OpenStreetMap","validada":false,"incorporada":"pendiente","incorporacion_verificada":false,"validacion_pgr_dgii":"pendiente"}},{"type":"Feature","geometry":{"type":"Point","coordinates":[-70.7086219,19.455684]},"properties":{"id":"IGL-OSM-WAY-410361846","nombre":"Iglesia Evangélica Dominicana","categoria":"Iglesias debidamente incorporadas - candidatas","religion":"christian","denominacion":"","direccion":"Avenida Hermanas Mirabal","ciudad":"Santiago","municipio":"","provincia":"","telefono":"","website":"","osm_type":"way","osm_id":410361846,"osm_url":"https://www.openstreetmap.org/way/410361846","fuente":"OpenStreetMap","validada":false,"incorporada":"pendiente","incorporacion_verificada":false,"validacion_pgr_dgii":"pendiente"}},{"type":"Feature","geometry":{"type":"Point","coordinates":[-69.4333302,19.2384197]},"properties":{"id":"IGL-OSM-NODE-7699515102","nombre":"Iglesia Evangélica Dominicana Bethel","categoria":"Iglesias debidamente incorporadas - candidatas","religion":"christian","denominacion":"pentecostal","direccion":"Samaná - El Limón","ciudad":"Samaná","municipio":"","provincia":"","telefono":"","website":"","osm_type":"node","osm_id":7699515102,"osm_url":"https://www.openstreetmap.org/node/7699515102","fuente":"OpenStreetMap","validada":false,"incorporada":"pendiente","incorporacion_verificada":false,"validacion_pgr_dgii":"pendiente"}},{"type":"Feature","geometry":{"type":"Point","coordinates":[-69.9042367,18.5470459]},"properties":{"id":"IGL-OSM-WAY-409619374","nombre":"Iglesia Evangélica El Renuevo","categoria":"Iglesias debidamente incorporadas - candidatas","religion":"christian","denominacion":"","direccion":"Avenida Konrad Adenauer","ciudad":"","municipio":"","provincia":"","telefono":"","website":"","osm_type":"way","osm_id":409619374,"osm_url":"https://www.openstreetmap.org/way/409619374","fuente":"OpenStreetMap","validada":false,"incorporada":"pendiente","incorporacion_verificada":false,"validacion_pgr_dgii":"pendiente"}},{"type":"Feature","geometry":{"type":"Point","coordinates":[-69.9357174,18.5401397]},"properties":{"id":"IGL-OSM-NODE-4117448483","nombre":"Iglesia Evangélica Exodo","categoria":"Iglesias debidamente incorporadas - candidatas","religion":"christian","denominacion":"","direccion":"Avenida Principal","ciudad":"","municipio":"","provincia":"","telefono":"","website":"","osm_type":"node","osm_id":4117448483,"osm_url":"https://www.openstreetmap.org/node/4117448483","fuente":"OpenStreetMap","validada":false,"incorporada":"pendiente","incorporacion_verificada":false,"validacion_pgr_dgii":"pendiente"}},{"type":"Feature","geometry":{"type":"Point","coordinates":[-69.9007696,18.482504]},"properties":{"id":"IGL-OSM-WAY-407765519","nombre":"Iglesia Evangélica Getsemani","categoria":"Iglesias debidamente incorporadas - candidatas","religion":"christian","denominacion":"","direccion":"Calle Francisco Henríquez y Carvajal","ciudad":"","municipio":"","provincia":"","telefono":"","website":"","osm_type":"way","osm_id":407765519,"osm_url":"https://www.openstreetmap.org/way/407765519","fuente":"OpenStreetMap","validada":false,"incorporada":"pendiente","incorporacion_verificada":false,"validacion_pgr_dgii":"pendiente"}},{"type":"Feature","geometry":{"type":"Point","coordinates":[-69.8585273,18.5161533]},"properties":{"id":"IGL-OSM-NODE-4514669889","nombre":"Iglesia Evangélica Luz del mundo","categoria":"Iglesias debidamente incorporadas - candidatas","religion":"","denominacion":"","direccion":"","ciudad":"","municipio":"","provincia":"","telefono":"","website":"","osm_type":"node","osm_id":4514669889,"osm_url":"https://www.openstreetmap.org/node/4514669889","fuente":"OpenStreetMap","validada":false,"incorporada":"pendiente","incorporacion_verificada":false,"validacion_pgr_dgii":"pendiente"}},{"type":"Feature","geometry":{"type":"Point","coordinates":[-69.8856924,18.48994]},"properties":{"id":"IGL-OSM-WAY-407789054","nombre":"Iglesia Evangélica Luz que Reslandece","categoria":"Iglesias debidamente incorporadas - candidatas","religion":"christian","denominacion":"","direccion":"Barbarin Mojica","ciudad":"","municipio":"","provincia":"","telefono":"","website":"","osm_type":"way","osm_id":407789054,"osm_url":"https://www.openstreetmap.org/way/407789054","fuente":"OpenStreetMap","validada":false,"incorporada":"pendiente","incorporacion_verificada":false,"validacion_pgr_dgii":"pendiente"}},{"type":"Feature","geometry":{"type":"Point","coordinates":[-68.9886958,18.4266045]},"properties":{"id":"IGL-OSM-WAY-339752647","nombre":"Iglesia Evangélica Metodista Libre","categoria":"Iglesias debidamente incorporadas - candidatas","religion":"christian","denominacion":"","direccion":"","ciudad":"","municipio":"","provincia":"","telefono":"","website":"","osm_type":"way","osm_id":339752647,"osm_url":"https://www.openstreetmap.org/way/339752647","fuente":"OpenStreetMap","validada":false,"incorporada":"pendiente","incorporacion_verificada":false,"validacion_pgr_dgii":"pendiente"}},{"type":"Feature","geometry":{"type":"Point","coordinates":[-70.4095347,18.9411118]},"properties":{"id":"IGL-OSM-WAY-675708600","nombre":"Iglesia Evangélica Metodista Libre","categoria":"Iglesias debidamente incorporadas - candidatas","religion":"christian","denominacion":"","direccion":"","ciudad":"","municipio":"","provincia":"","telefono":"","website":"","osm_type":"way","osm_id":675708600,"osm_url":"https://www.openstreetmap.org/way/675708600","fuente":"OpenStreetMap","validada":false,"incorporada":"pendiente","incorporacion_verificada":false,"validacion_pgr_dgii":"pendiente"}},{"type":"Feature","geometry":{"type":"Point","coordinates":[-69.8987869,18.5369785]},"properties":{"id":"IGL-OSM-WAY-408917777","nombre":"Iglesia Evangélica Metodista Libre.Inc","categoria":"Iglesias debidamente incorporadas - candidatas","religion":"christian","denominacion":"methodist","direccion":"","ciudad":"Santo Domingo Norte, El Eden","municipio":"","provincia":"","telefono":"","website":"","osm_type":"way","osm_id":408917777,"osm_url":"https://www.openstreetmap.org/way/408917777","fuente":"OpenStreetMap","validada":false,"incorporada":"pendiente","incorporacion_verificada":false,"validacion_pgr_dgii":"pendiente"}},{"type":"Feature","geometry":{"type":"Point","coordinates":[-69.9129077,18.5583381]},"properties":{"id":"IGL-OSM-WAY-409572246","nombre":"Iglesia Evangélica Monte Bendición","categoria":"Iglesias debidamente incorporadas - candidatas","religion":"christian","denominacion":"","direccion":"","ciudad":"","municipio":"","provincia":"","telefono":"","website":"","osm_type":"way","osm_id":409572246,"osm_url":"https://www.openstreetmap.org/way/409572246","fuente":"OpenStreetMap","validada":false,"incorporada":"pendiente","incorporacion_verificada":false,"validacion_pgr_dgii":"pendiente"}},{"type":"Feature","geometry":{"type":"Point","coordinates":[-69.8930741,18.5325198]},"properties":{"id":"IGL-OSM-WAY-408879085","nombre":"Iglesia Evangélica Pentecostal","categoria":"Iglesias debidamente incorporadas - candidatas","religion":"christian","denominacion":"","direccion":"","ciudad":"","municipio":"","provincia":"","telefono":"","website":"","osm_type":"way","osm_id":408879085,"osm_url":"https://www.openstreetmap.org/way/408879085","fuente":"OpenStreetMap","validada":false,"incorporada":"pendiente","incorporacion_verificada":false,"validacion_pgr_dgii":"pendiente"}},{"type":"Feature","geometry":{"type":"Point","coordinates":[-69.9032934,18.5153688]},"properties":{"id":"IGL-OSM-WAY-408451348","nombre":"Iglesia Evangélica Pentecostal Jesucristo Es La Luz","categoria":"Iglesias debidamente incorporadas - candidatas","religion":"christian","denominacion":"","direccion":"Calle Proyecto","ciudad":"","municipio":"","provincia":"","telefono":"","website":"","osm_type":"way","osm_id":408451348,"osm_url":"https://www.openstreetmap.org/way/408451348","fuente":"OpenStreetMap","validada":false,"incorporada":"pendiente","incorporacion_verificada":false,"validacion_pgr_dgii":"pendiente"}},{"type":"Feature","geometry":{"type":"Point","coordinates":[-69.9255101,18.5399497]},"properties":{"id":"IGL-OSM-WAY-409837534","nombre":"Iglesia Evangélica Pentecostal Monte de Bendición","categoria":"Iglesias debidamente incorporadas - candidatas","religion":"christian","denominacion":"","direccion":"","ciudad":"","municipio":"","provincia":"","telefono":"","website":"","osm_type":"way","osm_id":409837534,"osm_url":"https://www.openstreetmap.org/way/409837534","fuente":"OpenStreetMap","validada":false,"incorporada":"pendiente","incorporacion_verificada":false,"validacion_pgr_dgii":"pendiente"}},{"type":"Feature","geometry":{"type":"Point","coordinates":[-69.903172,18.5157052]},"properties":{"id":"IGL-OSM-WAY-408440934","nombre":"Iglesia Evangélica Pentecostal Refugio II","categoria":"Iglesias debidamente incorporadas - candidatas","religion":"christian","denominacion":"","direccion":"Calle Proyecto","ciudad":"","municipio":"","provincia":"","telefono":"","website":"","osm_type":"way","osm_id":408440934,"osm_url":"https://www.openstreetmap.org/way/408440934","fuente":"OpenStreetMap","validada":false,"incorporada":"pendiente","incorporacion_verificada":false,"validacion_pgr_dgii":"pendiente"}},{"type":"Feature","geometry":{"type":"Point","coordinates":[-69.9968774,18.4642451]},"properties":{"id":"IGL-OSM-WAY-412328597","nombre":"Iglesia Evangélica Pentecostal Rescate de las Ovejas Perdidas \"La Trompeta\"","categoria":"Iglesias debidamente incorporadas - candidatas","religion":"christian","denominacion":"","direccion":"","ciudad":"","municipio":"","provincia":"","telefono":"","website":"","osm_type":"way","osm_id":412328597,"osm_url":"https://www.openstreetmap.org/way/412328597","fuente":"OpenStreetMap","validada":false,"incorporada":"pendiente","incorporacion_verificada":false,"validacion_pgr_dgii":"pendiente"}},{"type":"Feature","geometry":{"type":"Point","coordinates":[-69.8493836,19.368731]},"properties":{"id":"IGL-OSM-NODE-4169892120","nombre":"Iglesia Evenezer","categoria":"Iglesias debidamente incorporadas - candidatas","religion":"christian","denominacion":"","direccion":"","ciudad":"","municipio":"","provincia":"","telefono":"","website":"","osm_type":"node","osm_id":4169892120,"osm_url":"https://www.openstreetmap.org/node/4169892120","fuente":"OpenStreetMap","validada":false,"incorporada":"pendiente","incorporacion_verificada":false,"validacion_pgr_dgii":"pendiente"}},{"type":"Feature","geometry":{"type":"Point","coordinates":[-68.9270914,18.4818275]},"properties":{"id":"IGL-OSM-WAY-1368210923","nombre":"Iglesia Fe Apostolica","categoria":"Iglesias debidamente incorporadas - candidatas","religion":"","denominacion":"","direccion":"","ciudad":"","municipio":"","provincia":"","telefono":"","website":"","osm_type":"way","osm_id":1368210923,"osm_url":"https://www.openstreetmap.org/way/1368210923","fuente":"OpenStreetMap","validada":false,"incorporada":"pendiente","incorporacion_verificada":false,"validacion_pgr_dgii":"pendiente"}},{"type":"Feature","geometry":{"type":"Point","coordinates":[-69.8942357,19.2938956]},"properties":{"id":"IGL-OSM-NODE-4828011421","nombre":"Iglesia Fe Apostolica Los Pajones","categoria":"Iglesias debidamente incorporadas - candidatas","religion":"","denominacion":"","direccion":"Camino a Cinta Negra","ciudad":"","municipio":"","provincia":"","telefono":"","website":"","osm_type":"node","osm_id":4828011421,"osm_url":"https://www.openstreetmap.org/node/4828011421","fuente":"OpenStreetMap","validada":false,"incorporada":"pendiente","incorporacion_verificada":false,"validacion_pgr_dgii":"pendiente"}},{"type":"Feature","geometry":{"type":"Point","coordinates":[-70.1074187,18.4057169]},"properties":{"id":"IGL-OSM-WAY-414194468","nombre":"Iglesia Fe y Restauraion","categoria":"Iglesias debidamente incorporadas - candidatas","religion":"christian","denominacion":"","direccion":"Calle Bernardo Aliez","ciudad":"San Cristóbal","municipio":"","provincia":"","telefono":"","website":"","osm_type":"way","osm_id":414194468,"osm_url":"https://www.openstreetmap.org/way/414194468","fuente":"OpenStreetMap","validada":false,"incorporada":"pendiente","incorporacion_verificada":false,"validacion_pgr_dgii":"pendiente"}},{"type":"Feature","geometry":{"type":"Point","coordinates":[-70.1037856,18.4074833]},"properties":{"id":"IGL-OSM-WAY-405359122","nombre":"Iglesia FIADA","categoria":"Iglesias debidamente incorporadas - candidatas","religion":"christian","denominacion":"","direccion":"","ciudad":"","municipio":"","provincia":"","telefono":"","website":"","osm_type":"way","osm_id":405359122,"osm_url":"https://www.openstreetmap.org/way/405359122","fuente":"OpenStreetMap","validada":false,"incorporada":"pendiente","incorporacion_verificada":false,"validacion_pgr_dgii":"pendiente"}},{"type":"Feature","geometry":{"type":"Point","coordinates":[-69.8780171,18.4846537]},"properties":{"id":"IGL-OSM-WAY-174344825","nombre":"Iglesia Franciscana","categoria":"Iglesias debidamente incorporadas - candidatas","religion":"christian","denominacion":"catholic","direccion":"","ciudad":"","municipio":"","provincia":"","telefono":"","website":"","osm_type":"way","osm_id":174344825,"osm_url":"https://www.openstreetmap.org/way/174344825","fuente":"OpenStreetMap","validada":false,"incorporada":"pendiente","incorporacion_verificada":false,"validacion_pgr_dgii":"pendiente"}},{"type":"Feature","geometry":{"type":"Point","coordinates":[-69.8731901,18.496055]},"properties":{"id":"IGL-OSM-NODE-5124969921","nombre":"Iglesia Fundamento Bíblico","categoria":"Iglesias debidamente incorporadas - candidatas","religion":"","denominacion":"","direccion":"","ciudad":"","municipio":"","provincia":"","telefono":"","website":"","osm_type":"node","osm_id":5124969921,"osm_url":"https://www.openstreetmap.org/node/5124969921","fuente":"OpenStreetMap","validada":false,"incorporada":"pendiente","incorporacion_verificada":false,"validacion_pgr_dgii":"pendiente"}},{"type":"Feature","geometry":{"type":"Point","coordinates":[-69.9803173,18.4751059]},"properties":{"id":"IGL-OSM-NODE-6283122088","nombre":"iglesia Hebreos 11","categoria":"Iglesias debidamente incorporadas - candidatas","religion":"","denominacion":"","direccion":"","ciudad":"","municipio":"","provincia":"","telefono":"","website":"","osm_type":"node","osm_id":6283122088,"osm_url":"https://www.openstreetmap.org/node/6283122088","fuente":"OpenStreetMap","validada":false,"incorporada":"pendiente","incorporacion_verificada":false,"validacion_pgr_dgii":"pendiente"}},{"type":"Feature","geometry":{"type":"Point","coordinates":[-70.529079,19.2210052]},"properties":{"id":"IGL-OSM-NODE-4117897589","nombre":"Iglesia Hogar de Salvación y Alabanza | Ministerio Cristiano HOME","categoria":"Iglesias debidamente incorporadas - candidatas","religion":"","denominacion":"","direccion":"María Trinidad Sánchez Zone 2","ciudad":"","municipio":"","provincia":"","telefono":"","website":"","osm_type":"node","osm_id":4117897589,"osm_url":"https://www.openstreetmap.org/node/4117897589","fuente":"OpenStreetMap","validada":false,"incorporada":"pendiente","incorporacion_verificada":false,"validacion_pgr_dgii":"pendiente"}},{"type":"Feature","geometry":{"type":"Point","coordinates":[-69.6965962,18.469173]},"properties":{"id":"IGL-OSM-WAY-410625250","nombre":"Iglesia Jehova Pastor 3","categoria":"Iglesias debidamente incorporadas - candidatas","religion":"christian","denominacion":"","direccion":"Calle 4","ciudad":"","municipio":"","provincia":"","telefono":"","website":"","osm_type":"way","osm_id":410625250,"osm_url":"https://www.openstreetmap.org/way/410625250","fuente":"OpenStreetMap","validada":false,"incorporada":"pendiente","incorporacion_verificada":false,"validacion_pgr_dgii":"pendiente"}},{"type":"Feature","geometry":{"type":"Point","coordinates":[-70.4198416,19.2203965]},"properties":{"id":"IGL-OSM-NODE-9616397893","nombre":"Iglesia Jehová Reina","categoria":"Iglesias debidamente incorporadas - candidatas","religion":"christian","denominacion":"","direccion":"","ciudad":"","municipio":"","provincia":"","telefono":"","website":"","osm_type":"node","osm_id":9616397893,"osm_url":"https://www.openstreetmap.org/node/9616397893","fuente":"OpenStreetMap","validada":false,"incorporada":"pendiente","incorporacion_verificada":false,"validacion_pgr_dgii":"pendiente"}},{"type":"Feature","geometry":{"type":"Point","coordinates":[-70.0080883,18.4704448]},"properties":{"id":"IGL-OSM-WAY-412886624","nombre":"Iglesia Jesucristo Fuente de Amor","categoria":"Iglesias debidamente incorporadas - candidatas","religion":"christian","denominacion":"","direccion":"","ciudad":"","municipio":"","provincia":"","telefono":"","website":"","osm_type":"way","osm_id":412886624,"osm_url":"https://www.openstreetmap.org/way/412886624","fuente":"OpenStreetMap","validada":false,"incorporada":"pendiente","incorporacion_verificada":false,"validacion_pgr_dgii":"pendiente"}},{"type":"Feature","geometry":{"type":"Point","coordinates":[-69.9734647,18.4765933]},"properties":{"id":"IGL-OSM-WAY-411497485","nombre":"Iglesia Jesucristo Para Todos","categoria":"Iglesias debidamente incorporadas - candidatas","religion":"christian","denominacion":"","direccion":"","ciudad":"","municipio":"","provincia":"","telefono":"+1 809 561 3777","website":"","osm_type":"way","osm_id":411497485,"osm_url":"https://www.openstreetmap.org/way/411497485","fuente":"OpenStreetMap","validada":false,"incorporada":"pendiente","incorporacion_verificada":false,"validacion_pgr_dgii":"pendiente"}},{"type":"Feature","geometry":{"type":"Point","coordinates":[-69.9069376,18.535827]},"properties":{"id":"IGL-OSM-WAY-418385233","nombre":"Iglesia Jesus Cristo Rey y Señor","categoria":"Iglesias debidamente incorporadas - candidatas","religion":"christian","denominacion":"protestant","direccion":"","ciudad":"","municipio":"","provincia":"","telefono":"","website":"","osm_type":"way","osm_id":418385233,"osm_url":"https://www.openstreetmap.org/way/418385233","fuente":"OpenStreetMap","validada":false,"incorporada":"pendiente","incorporacion_verificada":false,"validacion_pgr_dgii":"pendiente"}},{"type":"Feature","geometry":{"type":"Point","coordinates":[-69.9432722,18.5038235]},"properties":{"id":"IGL-OSM-NODE-10148574017","nombre":"Iglesia Jesús Cristo Verdad y Vida","categoria":"Iglesias debidamente incorporadas - candidatas","religion":"christian","denominacion":"","direccion":"Calle Luis Amiama Tió","ciudad":"","municipio":"","provincia":"","telefono":"","website":"","osm_type":"node","osm_id":10148574017,"osm_url":"https://www.openstreetmap.org/node/10148574017","fuente":"OpenStreetMap","validada":false,"incorporada":"pendiente","incorporacion_verificada":false,"validacion_pgr_dgii":"pendiente"}},{"type":"Feature","geometry":{"type":"Point","coordinates":[-69.9302105,18.4998658]},"properties":{"id":"IGL-OSM-WAY-413715446","nombre":"Iglesia Jóvenes Misioneros Juan","categoria":"Iglesias debidamente incorporadas - candidatas","religion":"christian","denominacion":"","direccion":"Calle Luz","ciudad":"","municipio":"","provincia":"","telefono":"","website":"","osm_type":"way","osm_id":413715446,"osm_url":"https://www.openstreetmap.org/way/413715446","fuente":"OpenStreetMap","validada":false,"incorporada":"pendiente","incorporacion_verificada":false,"validacion_pgr_dgii":"pendiente"}},{"type":"Feature","geometry":{"type":"Point","coordinates":[-70.6990005,19.4501615]},"properties":{"id":"IGL-OSM-WAY-113602140","nombre":"Iglesia La Altagracia","categoria":"Iglesias debidamente incorporadas - candidatas","religion":"christian","denominacion":"","direccion":"Calle Del Sol","ciudad":"Santiago","municipio":"","provincia":"","telefono":"","website":"","osm_type":"way","osm_id":113602140,"osm_url":"https://www.openstreetmap.org/way/113602140","fuente":"OpenStreetMap","validada":false,"incorporada":"pendiente","incorporacion_verificada":false,"validacion_pgr_dgii":"pendiente"}},{"type":"Feature","geometry":{"type":"Point","coordinates":[-70.8153371,19.4720418]},"properties":{"id":"IGL-OSM-NODE-348109182","nombre":"Iglesia La Canela","categoria":"Iglesias debidamente incorporadas - candidatas","religion":"christian","denominacion":"catholic","direccion":"Calle Principal","ciudad":"La Canela","municipio":"","provincia":"","telefono":"","website":"","osm_type":"node","osm_id":348109182,"osm_url":"https://www.openstreetmap.org/node/348109182","fuente":"OpenStreetMap","validada":false,"incorporada":"pendiente","incorporacion_verificada":false,"validacion_pgr_dgii":"pendiente"}},{"type":"Feature","geometry":{"type":"Point","coordinates":[-69.860597,18.5405104]},"properties":{"id":"IGL-OSM-WAY-414227257","nombre":"Iglesia La Familia Celestial","categoria":"Iglesias debidamente incorporadas - candidatas","religion":"christian","denominacion":"","direccion":"Proyecto","ciudad":"","municipio":"","provincia":"","telefono":"","website":"","osm_type":"way","osm_id":414227257,"osm_url":"https://www.openstreetmap.org/way/414227257","fuente":"OpenStreetMap","validada":false,"incorporada":"pendiente","incorporacion_verificada":false,"validacion_pgr_dgii":"pendiente"}},{"type":"Feature","geometry":{"type":"Point","coordinates":[-69.9071399,18.5641122]},"properties":{"id":"IGL-OSM-WAY-409572229","nombre":"Iglesia La Gloria","categoria":"Iglesias debidamente incorporadas - candidatas","religion":"christian","denominacion":"","direccion":"","ciudad":"","municipio":"","provincia":"","telefono":"","website":"","osm_type":"way","osm_id":409572229,"osm_url":"https://www.openstreetmap.org/way/409572229","fuente":"OpenStreetMap","validada":false,"incorporada":"pendiente","incorporacion_verificada":false,"validacion_pgr_dgii":"pendiente"}},{"type":"Feature","geometry":{"type":"Point","coordinates":[-70.7074154,19.4147948]},"properties":{"id":"IGL-OSM-WAY-1392199040","nombre":"Iglesia La Grey Ciudad Fiel","categoria":"Iglesias debidamente incorporadas - candidatas","religion":"christian","denominacion":"","direccion":"Avenida Yapur Dumit","ciudad":"Santiago de los Caballeros","municipio":"","provincia":"","telefono":"","website":"","osm_type":"way","osm_id":1392199040,"osm_url":"https://www.openstreetmap.org/way/1392199040","fuente":"OpenStreetMap","validada":false,"incorporada":"pendiente","incorporacion_verificada":false,"validacion_pgr_dgii":"pendiente"}},{"type":"Feature","geometry":{"type":"Point","coordinates":[-69.1183803,18.7349187]},"properties":{"id":"IGL-OSM-NODE-13607393403","nombre":"Iglesia La Reforma","categoria":"Iglesias debidamente incorporadas - candidatas","religion":"","denominacion":"","direccion":"Camino El Prado","ciudad":"","municipio":"","provincia":"","telefono":"","website":"","osm_type":"node","osm_id":13607393403,"osm_url":"https://www.openstreetmap.org/node/13607393403","fuente":"OpenStreetMap","validada":false,"incorporada":"pendiente","incorporacion_verificada":false,"validacion_pgr_dgii":"pendiente"}},{"type":"Feature","geometry":{"type":"Point","coordinates":[-70.3073355,19.3641439]},"properties":{"id":"IGL-OSM-NODE-3559968693","nombre":"Iglesia La Yaguiza","categoria":"Iglesias debidamente incorporadas - candidatas","religion":"","denominacion":"","direccion":"Principal La Yaguiza","ciudad":"La Yaguiza","municipio":"","provincia":"","telefono":"","website":"","osm_type":"node","osm_id":3559968693,"osm_url":"https://www.openstreetmap.org/node/3559968693","fuente":"OpenStreetMap","validada":false,"incorporada":"pendiente","incorporacion_verificada":false,"validacion_pgr_dgii":"pendiente"}},{"type":"Feature","geometry":{"type":"Point","coordinates":[-70.7452645,18.905819]},"properties":{"id":"IGL-OSM-WAY-172875765","nombre":"Iglesia Las Mercedes","categoria":"Iglesias debidamente incorporadas - candidatas","religion":"christian","denominacion":"catholic","direccion":"","ciudad":"","municipio":"","provincia":"","telefono":"","website":"","osm_type":"way","osm_id":172875765,"osm_url":"https://www.openstreetmap.org/way/172875765","fuente":"OpenStreetMap","validada":false,"incorporada":"pendiente","incorporacion_verificada":false,"validacion_pgr_dgii":"pendiente"}},{"type":"Feature","geometry":{"type":"Point","coordinates":[-70.1623917,19.0945714]},"properties":{"id":"IGL-OSM-WAY-914250733","nombre":"Iglesia Las Mercedes","categoria":"Iglesias debidamente incorporadas - candidatas","religion":"","denominacion":"","direccion":"","ciudad":"","municipio":"","provincia":"","telefono":"","website":"","osm_type":"way","osm_id":914250733,"osm_url":"https://www.openstreetmap.org/way/914250733","fuente":"OpenStreetMap","validada":false,"incorporada":"pendiente","incorporacion_verificada":false,"validacion_pgr_dgii":"pendiente"}},{"type":"Feature","geometry":{"type":"Point","coordinates":[-69.9064429,18.5405642]},"properties":{"id":"IGL-OSM-NODE-4187971618","nombre":"Iglesia Lirio De Los Valles","categoria":"Iglesias debidamente incorporadas - candidatas","religion":"christian","denominacion":"protestant","direccion":"","ciudad":"","municipio":"","provincia":"","telefono":"","website":"","osm_type":"node","osm_id":4187971618,"osm_url":"https://www.openstreetmap.org/node/4187971618","fuente":"OpenStreetMap","validada":false,"incorporada":"pendiente","incorporacion_verificada":false,"validacion_pgr_dgii":"pendiente"}},{"type":"Feature","geometry":{"type":"Point","coordinates":[-69.4588661,18.418518]},"properties":{"id":"IGL-OSM-WAY-1095678084","nombre":"iglesia los guayacanes","categoria":"Iglesias debidamente incorporadas - candidatas","religion":"","denominacion":"","direccion":"","ciudad":"","municipio":"","provincia":"","telefono":"","website":"","osm_type":"way","osm_id":1095678084,"osm_url":"https://www.openstreetmap.org/way/1095678084","fuente":"OpenStreetMap","validada":false,"incorporada":"pendiente","incorporacion_verificada":false,"validacion_pgr_dgii":"pendiente"}},{"type":"Feature","geometry":{"type":"Point","coordinates":[-69.882735,18.4966702]},"properties":{"id":"IGL-OSM-NODE-5180182567","nombre":"Iglesia Luz en Medio de las Tinieblas","categoria":"Iglesias debidamente incorporadas - candidatas","religion":"","denominacion":"","direccion":"Avenida Francisco del Rosario Sánchez","ciudad":"","municipio":"","provincia":"","telefono":"","website":"","osm_type":"node","osm_id":5180182567,"osm_url":"https://www.openstreetmap.org/node/5180182567","fuente":"OpenStreetMap","validada":false,"incorporada":"pendiente","incorporacion_verificada":false,"validacion_pgr_dgii":"pendiente"}},{"type":"Feature","geometry":{"type":"Point","coordinates":[-69.860877,18.5137559]},"properties":{"id":"IGL-OSM-NODE-4454136794","nombre":"Iglesia luz y vida","categoria":"Iglesias debidamente incorporadas - candidatas","religion":"","denominacion":"","direccion":"Calle Froilan Tavarez","ciudad":"","municipio":"","provincia":"","telefono":"","website":"","osm_type":"node","osm_id":4454136794,"osm_url":"https://www.openstreetmap.org/node/4454136794","fuente":"OpenStreetMap","validada":false,"incorporada":"pendiente","incorporacion_verificada":false,"validacion_pgr_dgii":"pendiente"}},{"type":"Feature","geometry":{"type":"Point","coordinates":[-68.7904645,18.4914152]},"properties":{"id":"IGL-OSM-WAY-1368446345","nombre":"Iglesia M. I. Monte Horeb","categoria":"Iglesias debidamente incorporadas - candidatas","religion":"","denominacion":"","direccion":"","ciudad":"","municipio":"","provincia":"","telefono":"","website":"","osm_type":"way","osm_id":1368446345,"osm_url":"https://www.openstreetmap.org/way/1368446345","fuente":"OpenStreetMap","validada":false,"incorporada":"pendiente","incorporacion_verificada":false,"validacion_pgr_dgii":"pendiente"}},{"type":"Feature","geometry":{"type":"Point","coordinates":[-68.9653791,18.4246592]},"properties":{"id":"IGL-OSM-WAY-312016295","nombre":"Iglesia Mahanaim","categoria":"Iglesias debidamente incorporadas - candidatas","religion":"christian","denominacion":"pentecostal","direccion":"","ciudad":"","municipio":"","provincia":"","telefono":"","website":"","osm_type":"way","osm_id":312016295,"osm_url":"https://www.openstreetmap.org/way/312016295","fuente":"OpenStreetMap","validada":false,"incorporada":"pendiente","incorporacion_verificada":false,"validacion_pgr_dgii":"pendiente"}},{"type":"Feature","geometry":{"type":"Point","coordinates":[-69.9065815,18.4776152]},"properties":{"id":"IGL-OSM-NODE-3289870858","nombre":"Iglesia Mahanaim-Radio Ven","categoria":"Iglesias debidamente incorporadas - candidatas","religion":"","denominacion":"","direccion":"Avenida Leopoldo Navarro","ciudad":"","municipio":"","provincia":"","telefono":"","website":"","osm_type":"node","osm_id":3289870858,"osm_url":"https://www.openstreetmap.org/node/3289870858","fuente":"OpenStreetMap","validada":false,"incorporada":"pendiente","incorporacion_verificada":false,"validacion_pgr_dgii":"pendiente"}},{"type":"Feature","geometry":{"type":"Point","coordinates":[-70.1006212,18.4233745]},"properties":{"id":"IGL-OSM-NODE-9966555945","nombre":"Iglesia Maranatha, A. I. C.","categoria":"Iglesias debidamente incorporadas - candidatas","religion":"christian","denominacion":"pentecostal","direccion":"","ciudad":"","municipio":"","provincia":"","telefono":"","website":"","osm_type":"node","osm_id":9966555945,"osm_url":"https://www.openstreetmap.org/node/9966555945","fuente":"OpenStreetMap","validada":false,"incorporada":"pendiente","incorporacion_verificada":false,"validacion_pgr_dgii":"pendiente"}},{"type":"Feature","geometry":{"type":"Point","coordinates":[-69.8895041,18.4921525]},"properties":{"id":"IGL-OSM-WAY-41937491","nombre":"Iglesia María Auxiliadora","categoria":"Iglesias debidamente incorporadas - candidatas","religion":"","denominacion":"","direccion":"","ciudad":"","municipio":"","provincia":"","telefono":"","website":"","osm_type":"way","osm_id":41937491,"osm_url":"https://www.openstreetmap.org/way/41937491","fuente":"OpenStreetMap","validada":false,"incorporada":"pendiente","incorporacion_verificada":false,"validacion_pgr_dgii":"pendiente"}},{"type":"Feature","geometry":{"type":"Point","coordinates":[-69.8926469,18.4957596]},"properties":{"id":"IGL-OSM-WAY-407777226","nombre":"Iglesia Mayorista del Séptimo Día Luz de Esperanza","categoria":"Iglesias debidamente incorporadas - candidatas","religion":"christian","denominacion":"","direccion":"Calle Maria Viuda de La Cruz Doña Cucha","ciudad":"","municipio":"","provincia":"","telefono":"","website":"","osm_type":"way","osm_id":407777226,"osm_url":"https://www.openstreetmap.org/way/407777226","fuente":"OpenStreetMap","validada":false,"incorporada":"pendiente","incorporacion_verificada":false,"validacion_pgr_dgii":"pendiente"}},{"type":"Feature","geometry":{"type":"Point","coordinates":[-71.505881,18.9990065]},"properties":{"id":"IGL-OSM-WAY-1420231026","nombre":"Iglesia Menonita de El Ranchito","categoria":"Iglesias debidamente incorporadas - candidatas","religion":"christian","denominacion":"mennonite","direccion":"","ciudad":"","municipio":"","provincia":"","telefono":"","website":"","osm_type":"way","osm_id":1420231026,"osm_url":"https://www.openstreetmap.org/way/1420231026","fuente":"OpenStreetMap","validada":false,"incorporada":"pendiente","incorporacion_verificada":false,"validacion_pgr_dgii":"pendiente"}},{"type":"Feature","geometry":{"type":"Point","coordinates":[-71.2521737,18.8016601]},"properties":{"id":"IGL-OSM-WAY-1416822119","nombre":"Iglesia Menonita de San Juan","categoria":"Iglesias debidamente incorporadas - candidatas","religion":"christian","denominacion":"mennonite","direccion":"","ciudad":"","municipio":"","provincia":"","telefono":"","website":"","osm_type":"way","osm_id":1416822119,"osm_url":"https://www.openstreetmap.org/way/1416822119","fuente":"OpenStreetMap","validada":false,"incorporada":"pendiente","incorporacion_verificada":false,"validacion_pgr_dgii":"pendiente"}},{"type":"Feature","geometry":{"type":"Point","coordinates":[-69.866154,18.496792]},"properties":{"id":"IGL-OSM-NODE-1291611588","nombre":"Iglesia Metodista Libre","categoria":"Iglesias debidamente incorporadas - candidatas","religion":"","denominacion":"","direccion":"","ciudad":"","municipio":"","provincia":"","telefono":"","website":"","osm_type":"node","osm_id":1291611588,"osm_url":"https://www.openstreetmap.org/node/1291611588","fuente":"OpenStreetMap","validada":false,"incorporada":"pendiente","incorporacion_verificada":false,"validacion_pgr_dgii":"pendiente"}},{"type":"Feature","geometry":{"type":"Point","coordinates":[-70.9830128,19.587008]},"properties":{"id":"IGL-OSM-WAY-647053128","nombre":"Iglesia Metodista Libre","categoria":"Iglesias debidamente incorporadas - candidatas","religion":"christian","denominacion":"methodist","direccion":"Avenida María Trinidad Sánchez","ciudad":"Esperanza","municipio":"","provincia":"","telefono":"","website":"","osm_type":"way","osm_id":647053128,"osm_url":"https://www.openstreetmap.org/way/647053128","fuente":"OpenStreetMap","validada":false,"incorporada":"pendiente","incorporacion_verificada":false,"validacion_pgr_dgii":"pendiente"}},{"type":"Feature","geometry":{"type":"Point","coordinates":[-69.8149291,18.5093305]},"properties":{"id":"IGL-OSM-NODE-9219906129","nombre":"Iglesia Ministerios Hosanna","categoria":"Iglesias debidamente incorporadas - candidatas","religion":"christian","denominacion":"","direccion":"","ciudad":"","municipio":"","provincia":"","telefono":"","website":"","osm_type":"node","osm_id":9219906129,"osm_url":"https://www.openstreetmap.org/node/9219906129","fuente":"OpenStreetMap","validada":false,"incorporada":"pendiente","incorporacion_verificada":false,"validacion_pgr_dgii":"pendiente"}},{"type":"Feature","geometry":{"type":"Point","coordinates":[-70.0135973,18.5229585]},"properties":{"id":"IGL-OSM-WAY-412534706","nombre":"Iglesia Misionera","categoria":"Iglesias debidamente incorporadas - candidatas","religion":"christian","denominacion":"","direccion":"Calle San Antonio","ciudad":"Los Alcarrizos","municipio":"","provincia":"","telefono":"","website":"","osm_type":"way","osm_id":412534706,"osm_url":"https://www.openstreetmap.org/way/412534706","fuente":"OpenStreetMap","validada":false,"incorporada":"pendiente","incorporacion_verificada":false,"validacion_pgr_dgii":"pendiente"}},{"type":"Feature","geometry":{"type":"Point","coordinates":[-70.659206,19.4264912]},"properties":{"id":"IGL-OSM-NODE-4100560545","nombre":"Iglesia Misionera Alpha Y Omega","categoria":"Iglesias debidamente incorporadas - candidatas","religion":"christian","denominacion":"","direccion":"Carretera Las Palomas","ciudad":"","municipio":"","provincia":"","telefono":"","website":"","osm_type":"node","osm_id":4100560545,"osm_url":"https://www.openstreetmap.org/node/4100560545","fuente":"OpenStreetMap","validada":false,"incorporada":"pendiente","incorporacion_verificada":false,"validacion_pgr_dgii":"pendiente"}},{"type":"Feature","geometry":{"type":"Point","coordinates":[-70.6171638,19.4886184]},"properties":{"id":"IGL-OSM-NODE-4478208212","nombre":"Iglesia Misionera Cristiana","categoria":"Iglesias debidamente incorporadas - candidatas","religion":"christian","denominacion":"","direccion":"","ciudad":"","municipio":"","provincia":"","telefono":"","website":"","osm_type":"node","osm_id":4478208212,"osm_url":"https://www.openstreetmap.org/node/4478208212","fuente":"OpenStreetMap","validada":false,"incorporada":"pendiente","incorporacion_verificada":false,"validacion_pgr_dgii":"pendiente"}},{"type":"Feature","geometry":{"type":"Point","coordinates":[-69.9330988,18.490027]},"properties":{"id":"IGL-OSM-WAY-413463860","nombre":"Iglesia Misionera de Cristo","categoria":"Iglesias debidamente incorporadas - candidatas","religion":"christian","denominacion":"","direccion":"Respaldo Lope de Vega","ciudad":"","municipio":"","provincia":"","telefono":"","website":"","osm_type":"way","osm_id":413463860,"osm_url":"https://www.openstreetmap.org/way/413463860","fuente":"OpenStreetMap","validada":false,"incorporada":"pendiente","incorporacion_verificada":false,"validacion_pgr_dgii":"pendiente"}},{"type":"Feature","geometry":{"type":"Point","coordinates":[-70.0835079,18.4251324]},"properties":{"id":"IGL-OSM-WAY-413440372","nombre":"Iglesia Misionera Pentecostal el Shaddai","categoria":"Iglesias debidamente incorporadas - candidatas","religion":"christian","denominacion":"","direccion":"Calle Gral Aniceto Martinez","ciudad":"San Cristóbal","municipio":"","provincia":"","telefono":"","website":"","osm_type":"way","osm_id":413440372,"osm_url":"https://www.openstreetmap.org/way/413440372","fuente":"OpenStreetMap","validada":false,"incorporada":"pendiente","incorporacion_verificada":false,"validacion_pgr_dgii":"pendiente"}},{"type":"Feature","geometry":{"type":"Point","coordinates":[-69.9264967,18.4832186]},"properties":{"id":"IGL-OSM-WAY-333368986","nombre":"Iglesia Monte de Dios","categoria":"Iglesias debidamente incorporadas - candidatas","religion":"christian","denominacion":"","direccion":"John F. Kennedy","ciudad":"Santo Domingo","municipio":"","provincia":"","telefono":"","website":"","osm_type":"way","osm_id":333368986,"osm_url":"https://www.openstreetmap.org/way/333368986","fuente":"OpenStreetMap","validada":false,"incorporada":"pendiente","incorporacion_verificada":false,"validacion_pgr_dgii":"pendiente"}},{"type":"Feature","geometry":{"type":"Point","coordinates":[-68.9676662,18.4219735]},"properties":{"id":"IGL-OSM-WAY-367039030","nombre":"Iglesia Monte de Dios","categoria":"Iglesias debidamente incorporadas - candidatas","religion":"christian","denominacion":"","direccion":"Dr. Teofilo Ferry","ciudad":"","municipio":"","provincia":"","telefono":"+18098134330","website":"","osm_type":"way","osm_id":367039030,"osm_url":"https://www.openstreetmap.org/way/367039030","fuente":"OpenStreetMap","validada":false,"incorporada":"pendiente","incorporacion_verificada":false,"validacion_pgr_dgii":"pendiente"}},{"type":"Feature","geometry":{"type":"Point","coordinates":[-69.0351196,18.4446276]},"properties":{"id":"IGL-OSM-NODE-4016631629","nombre":"Iglesia Monte Hebrón","categoria":"Iglesias debidamente incorporadas - candidatas","religion":"","denominacion":"","direccion":"","ciudad":"","municipio":"","provincia":"","telefono":"","website":"","osm_type":"node","osm_id":4016631629,"osm_url":"https://www.openstreetmap.org/node/4016631629","fuente":"OpenStreetMap","validada":false,"incorporada":"pendiente","incorporacion_verificada":false,"validacion_pgr_dgii":"pendiente"}},{"type":"Feature","geometry":{"type":"Point","coordinates":[-71.2833583,19.6774742]},"properties":{"id":"IGL-OSM-WAY-688496023","nombre":"Iglesia Ntra. Sra. de las Mercedes","categoria":"Iglesias debidamente incorporadas - candidatas","religion":"christian","denominacion":"","direccion":"","ciudad":"","municipio":"","provincia":"","telefono":"","website":"","osm_type":"way","osm_id":688496023,"osm_url":"https://www.openstreetmap.org/way/688496023","fuente":"OpenStreetMap","validada":false,"incorporada":"pendiente","incorporacion_verificada":false,"validacion_pgr_dgii":"pendiente"}},{"type":"Feature","geometry":{"type":"Point","coordinates":[-69.9841936,18.4483461]},"properties":{"id":"IGL-OSM-NODE-5417327563","nombre":"Iglesia Nuestra Senora de la Altagracia","categoria":"Iglesias debidamente incorporadas - candidatas","religion":"christian","denominacion":"catholic","direccion":"Calle 10","ciudad":"Santo Domingo Oeste","municipio":"","provincia":"","telefono":"","website":"","osm_type":"node","osm_id":5417327563,"osm_url":"https://www.openstreetmap.org/node/5417327563","fuente":"OpenStreetMap","validada":false,"incorporada":"pendiente","incorporacion_verificada":false,"validacion_pgr_dgii":"pendiente"}},{"type":"Feature","geometry":{"type":"Point","coordinates":[-69.8883386,18.4737058]},"properties":{"id":"IGL-OSM-WAY-46689434","nombre":"Iglesia Nuestra Senora De Las Mercedes","categoria":"Iglesias debidamente incorporadas - candidatas","religion":"christian","denominacion":"catholic","direccion":"","ciudad":"","municipio":"","provincia":"","telefono":"","website":"","osm_type":"way","osm_id":46689434,"osm_url":"https://www.openstreetmap.org/way/46689434","fuente":"OpenStreetMap","validada":false,"incorporada":"pendiente","incorporacion_verificada":false,"validacion_pgr_dgii":"pendiente"}},{"type":"Feature","geometry":{"type":"Point","coordinates":[-68.8318724,18.443144]},"properties":{"id":"IGL-OSM-WAY-1232852094","nombre":"Iglesia Nuestra Señora de Fatima","categoria":"Iglesias debidamente incorporadas - candidatas","religion":"","denominacion":"","direccion":"","ciudad":"","municipio":"","provincia":"","telefono":"","website":"","osm_type":"way","osm_id":1232852094,"osm_url":"https://www.openstreetmap.org/way/1232852094","fuente":"OpenStreetMap","validada":false,"incorporada":"pendiente","incorporacion_verificada":false,"validacion_pgr_dgii":"pendiente"}},{"type":"Feature","geometry":{"type":"Point","coordinates":[-71.0788019,19.5443064]},"properties":{"id":"IGL-OSM-WAY-222932218","nombre":"Iglesia Nuestra Señora de La Altagracia","categoria":"Iglesias debidamente incorporadas - candidatas","religion":"christian","denominacion":"catholic","direccion":"","ciudad":"","municipio":"","provincia":"","telefono":"","website":"","osm_type":"way","osm_id":222932218,"osm_url":"https://www.openstreetmap.org/way/222932218","fuente":"OpenStreetMap","validada":false,"incorporada":"pendiente","incorporacion_verificada":false,"validacion_pgr_dgii":"pendiente"}},{"type":"Feature","geometry":{"type":"Point","coordinates":[-69.9233821,18.4497031]},"properties":{"id":"IGL-OSM-WAY-222940576","nombre":"Iglesia Nuestra Señora de La Paz","categoria":"Iglesias debidamente incorporadas - candidatas","religion":"christian","denominacion":"catholic","direccion":"","ciudad":"","municipio":"","provincia":"","telefono":"","website":"","osm_type":"way","osm_id":222940576,"osm_url":"https://www.openstreetmap.org/way/222940576","fuente":"OpenStreetMap","validada":false,"incorporada":"pendiente","incorporacion_verificada":false,"validacion_pgr_dgii":"pendiente"}},{"type":"Feature","geometry":{"type":"Point","coordinates":[-71.635333,18.5426603]},"properties":{"id":"IGL-OSM-WAY-1182773454","nombre":"Iglesia Nuestra Señora de las Mercedes","categoria":"Iglesias debidamente incorporadas - candidatas","religion":"christian","denominacion":"","direccion":"Calle Eladio Batista","ciudad":"Postrer Río","municipio":"","provincia":"","telefono":"","website":"","osm_type":"way","osm_id":1182773454,"osm_url":"https://www.openstreetmap.org/way/1182773454","fuente":"OpenStreetMap","validada":false,"incorporada":"pendiente","incorporacion_verificada":false,"validacion_pgr_dgii":"pendiente"}},{"type":"Feature","geometry":{"type":"Point","coordinates":[-69.8887242,18.4714327]},"properties":{"id":"IGL-OSM-WAY-318766938","nombre":"Iglesia Nuestra Señora del Carmen","categoria":"Iglesias debidamente incorporadas - candidatas","religion":"christian","denominacion":"catholic","direccion":"Calle Arzobispo Nouel","ciudad":"","municipio":"","provincia":"","telefono":"","website":"","osm_type":"way","osm_id":318766938,"osm_url":"https://www.openstreetmap.org/way/318766938","fuente":"OpenStreetMap","validada":false,"incorporada":"pendiente","incorporacion_verificada":false,"validacion_pgr_dgii":"pendiente"}},{"type":"Feature","geometry":{"type":"Point","coordinates":[-70.5853224,18.2967345]},"properties":{"id":"IGL-OSM-NODE-13171568657","nombre":"Iglesia Nuestra Señora del Carmen, Palmar de Ocoa","categoria":"Iglesias debidamente incorporadas - candidatas","religion":"christian","denominacion":"roman_catholic","direccion":"Juan Ulises Garcia Saleta","ciudad":"Palmar de Ocoa","municipio":"","provincia":"","telefono":"","website":"","osm_type":"node","osm_id":13171568657,"osm_url":"https://www.openstreetmap.org/node/13171568657","fuente":"OpenStreetMap","validada":false,"incorporada":"pendiente","incorporacion_verificada":false,"validacion_pgr_dgii":"pendiente"}},{"type":"Feature","geometry":{"type":"Point","coordinates":[-70.5275301,19.3958788]},"properties":{"id":"IGL-OSM-WAY-766426868","nombre":"Iglesia Nuestra Señora del Rosario","categoria":"Iglesias debidamente incorporadas - candidatas","religion":"christian","denominacion":"roman_catholic","direccion":"","ciudad":"","municipio":"","provincia":"","telefono":"","website":"","osm_type":"way","osm_id":766426868,"osm_url":"https://www.openstreetmap.org/way/766426868","fuente":"OpenStreetMap","validada":false,"incorporada":"pendiente","incorporacion_verificada":false,"validacion_pgr_dgii":"pendiente"}},{"type":"Feature","geometry":{"type":"Point","coordinates":[-69.9580947,18.4770073]},"properties":{"id":"IGL-OSM-NODE-3059914513","nombre":"Iglesia Nuestra Señora Del Sagrado Corazón de Jesús","categoria":"Iglesias debidamente incorporadas - candidatas","religion":"christian","denominacion":"catholic","direccion":"Calle F Amelia Francasci","ciudad":"","municipio":"","provincia":"","telefono":"","website":"","osm_type":"node","osm_id":3059914513,"osm_url":"https://www.openstreetmap.org/node/3059914513","fuente":"OpenStreetMap","validada":false,"incorporada":"pendiente","incorporacion_verificada":false,"validacion_pgr_dgii":"pendiente"}},{"type":"Feature","geometry":{"type":"Point","coordinates":[-70.5756644,19.7507863]},"properties":{"id":"IGL-OSM-WAY-437770470","nombre":"Iglesia Nuestra Signora Del Carmen","categoria":"Iglesias debidamente incorporadas - candidatas","religion":"christian","denominacion":"roman_catholic","direccion":"","ciudad":"","municipio":"","provincia":"","telefono":"","website":"","osm_type":"way","osm_id":437770470,"osm_url":"https://www.openstreetmap.org/way/437770470","fuente":"OpenStreetMap","validada":false,"incorporada":"pendiente","incorporacion_verificada":false,"validacion_pgr_dgii":"pendiente"}},{"type":"Feature","geometry":{"type":"Point","coordinates":[-70.4840018,19.3430284]},"properties":{"id":"IGL-OSM-WAY-224136551","nombre":"Iglesia Nuestra Sra. Del Carmen","categoria":"Iglesias debidamente incorporadas - candidatas","religion":"christian","denominacion":"catholic","direccion":"Calle Antonio de la Maza","ciudad":"","municipio":"","provincia":"","telefono":"","website":"","osm_type":"way","osm_id":224136551,"osm_url":"https://www.openstreetmap.org/way/224136551","fuente":"OpenStreetMap","validada":false,"incorporada":"pendiente","incorporacion_verificada":false,"validacion_pgr_dgii":"pendiente"}},{"type":"Feature","geometry":{"type":"Point","coordinates":[-70.6854721,19.4256109]},"properties":{"id":"IGL-OSM-NODE-3976631428","nombre":"Iglesia Nuestra Sra. del Sagrado Corazón","categoria":"Iglesias debidamente incorporadas - candidatas","religion":"","denominacion":"","direccion":"","ciudad":"","municipio":"","provincia":"","telefono":"","website":"","osm_type":"node","osm_id":3976631428,"osm_url":"https://www.openstreetmap.org/node/3976631428","fuente":"OpenStreetMap","validada":false,"incorporada":"pendiente","incorporacion_verificada":false,"validacion_pgr_dgii":"pendiente"}},{"type":"Feature","geometry":{"type":"Point","coordinates":[-69.7723098,18.4874457]},"properties":{"id":"IGL-OSM-NODE-9143296914","nombre":"Iglesia Nueva Jerusalen","categoria":"Iglesias debidamente incorporadas - candidatas","religion":"","denominacion":"","direccion":"","ciudad":"","municipio":"","provincia":"","telefono":"","website":"","osm_type":"node","osm_id":9143296914,"osm_url":"https://www.openstreetmap.org/node/9143296914","fuente":"OpenStreetMap","validada":false,"incorporada":"pendiente","incorporacion_verificada":false,"validacion_pgr_dgii":"pendiente"}},{"type":"Feature","geometry":{"type":"Point","coordinates":[-69.7960578,18.9446086]},"properties":{"id":"IGL-OSM-NODE-4735232323","nombre":"Iglesia Nuevo Pacto","categoria":"Iglesias debidamente incorporadas - candidatas","religion":"","denominacion":"","direccion":"Calle Nicolás De Ovando","ciudad":"","municipio":"","provincia":"","telefono":"","website":"","osm_type":"node","osm_id":4735232323,"osm_url":"https://www.openstreetmap.org/node/4735232323","fuente":"OpenStreetMap","validada":false,"incorporada":"pendiente","incorporacion_verificada":false,"validacion_pgr_dgii":"pendiente"}},{"type":"Feature","geometry":{"type":"Point","coordinates":[-69.7959278,18.9435311]},"properties":{"id":"IGL-OSM-NODE-4737206522","nombre":"Iglesia nuevo pacto","categoria":"Iglesias debidamente incorporadas - candidatas","religion":"","denominacion":"","direccion":"","ciudad":"","municipio":"","provincia":"","telefono":"","website":"","osm_type":"node","osm_id":4737206522,"osm_url":"https://www.openstreetmap.org/node/4737206522","fuente":"OpenStreetMap","validada":false,"incorporada":"pendiente","incorporacion_verificada":false,"validacion_pgr_dgii":"pendiente"}},{"type":"Feature","geometry":{"type":"Point","coordinates":[-69.9381375,18.4732992]},"properties":{"id":"IGL-OSM-NODE-4168189894","nombre":"Iglesia Oasis","categoria":"Iglesias debidamente incorporadas - candidatas","religion":"christian","denominacion":"","direccion":"","ciudad":"","municipio":"","provincia":"","telefono":"","website":"","osm_type":"node","osm_id":4168189894,"osm_url":"https://www.openstreetmap.org/node/4168189894","fuente":"OpenStreetMap","validada":false,"incorporada":"pendiente","incorporacion_verificada":false,"validacion_pgr_dgii":"pendiente"}},{"type":"Feature","geometry":{"type":"Point","coordinates":[-69.9439913,18.5363742]},"properties":{"id":"IGL-OSM-WAY-648480426","nombre":"Iglesia parroquial Divina Misericordia","categoria":"Iglesias debidamente incorporadas - candidatas","religion":"christian","denominacion":"roman_catholic","direccion":"","ciudad":"","municipio":"","provincia":"","telefono":"","website":"","osm_type":"way","osm_id":648480426,"osm_url":"https://www.openstreetmap.org/way/648480426","fuente":"OpenStreetMap","validada":false,"incorporada":"pendiente","incorporacion_verificada":false,"validacion_pgr_dgii":"pendiente"}},{"type":"Feature","geometry":{"type":"Point","coordinates":[-69.9248002,18.5443541]},"properties":{"id":"IGL-OSM-WAY-409817077","nombre":"Iglesia Paz en Jesús","categoria":"Iglesias debidamente incorporadas - candidatas","religion":"christian","denominacion":"","direccion":"La Restauracion","ciudad":"","municipio":"","provincia":"","telefono":"","website":"","osm_type":"way","osm_id":409817077,"osm_url":"https://www.openstreetmap.org/way/409817077","fuente":"OpenStreetMap","validada":false,"incorporada":"pendiente","incorporacion_verificada":false,"validacion_pgr_dgii":"pendiente"}},{"type":"Feature","geometry":{"type":"Point","coordinates":[-70.1030356,18.4258184]},"properties":{"id":"IGL-OSM-NODE-9966376605","nombre":"Iglesia Pedro Fria","categoria":"Iglesias debidamente incorporadas - candidatas","religion":"christian","denominacion":"pentecostal","direccion":"","ciudad":"","municipio":"","provincia":"","telefono":"","website":"","osm_type":"node","osm_id":9966376605,"osm_url":"https://www.openstreetmap.org/node/9966376605","fuente":"OpenStreetMap","validada":false,"incorporada":"pendiente","incorporacion_verificada":false,"validacion_pgr_dgii":"pendiente"}},{"type":"Feature","geometry":{"type":"Point","coordinates":[-69.6603289,18.4489918]},"properties":{"id":"IGL-OSM-NODE-4090352253","nombre":"Iglesia Pentecostal","categoria":"Iglesias debidamente incorporadas - candidatas","religion":"christian","denominacion":"","direccion":"Autopista Las Américas","ciudad":"","municipio":"","provincia":"","telefono":"","website":"","osm_type":"node","osm_id":4090352253,"osm_url":"https://www.openstreetmap.org/node/4090352253","fuente":"OpenStreetMap","validada":false,"incorporada":"pendiente","incorporacion_verificada":false,"validacion_pgr_dgii":"pendiente"}},{"type":"Feature","geometry":{"type":"Point","coordinates":[-70.1714754,18.6599891]},"properties":{"id":"IGL-OSM-NODE-5005779221","nombre":"Iglesia pentecostal","categoria":"Iglesias debidamente incorporadas - candidatas","religion":"","denominacion":"","direccion":"Calle Juana Saltitopa Atras","ciudad":"","municipio":"","provincia":"","telefono":"","website":"","osm_type":"node","osm_id":5005779221,"osm_url":"https://www.openstreetmap.org/node/5005779221","fuente":"OpenStreetMap","validada":false,"incorporada":"pendiente","incorporacion_verificada":false,"validacion_pgr_dgii":"pendiente"}},{"type":"Feature","geometry":{"type":"Point","coordinates":[-70.1451,18.355469]},"properties":{"id":"IGL-OSM-NODE-5872386286","nombre":"Iglesia Pentecostal","categoria":"Iglesias debidamente incorporadas - candidatas","religion":"","denominacion":"","direccion":"Hoyo del barro","ciudad":"","municipio":"","provincia":"","telefono":"","website":"","osm_type":"node","osm_id":5872386286,"osm_url":"https://www.openstreetmap.org/node/5872386286","fuente":"OpenStreetMap","validada":false,"incorporada":"pendiente","incorporacion_verificada":false,"validacion_pgr_dgii":"pendiente"}},{"type":"Feature","geometry":{"type":"Point","coordinates":[-70.1450751,18.3554389]},"properties":{"id":"IGL-OSM-NODE-5872386485","nombre":"Iglesia Pentecostal","categoria":"Iglesias debidamente incorporadas - candidatas","religion":"","denominacion":"","direccion":"Hoyo del barro","ciudad":"","municipio":"","provincia":"","telefono":"","website":"","osm_type":"node","osm_id":5872386485,"osm_url":"https://www.openstreetmap.org/node/5872386485","fuente":"OpenStreetMap","validada":false,"incorporada":"pendiente","incorporacion_verificada":false,"validacion_pgr_dgii":"pendiente"}},{"type":"Feature","geometry":{"type":"Point","coordinates":[-69.0069357,18.6013318]},"properties":{"id":"IGL-OSM-WAY-1368084096","nombre":"Iglesia Pentecostal","categoria":"Iglesias debidamente incorporadas - candidatas","religion":"","denominacion":"","direccion":"","ciudad":"","municipio":"","provincia":"","telefono":"","website":"","osm_type":"way","osm_id":1368084096,"osm_url":"https://www.openstreetmap.org/way/1368084096","fuente":"OpenStreetMap","validada":false,"incorporada":"pendiente","incorporacion_verificada":false,"validacion_pgr_dgii":"pendiente"}},{"type":"Feature","geometry":{"type":"Point","coordinates":[-70.1184614,18.4331128]},"properties":{"id":"IGL-OSM-WAY-408973790","nombre":"Iglesia Pentecostal","categoria":"Iglesias debidamente incorporadas - candidatas","religion":"christian","denominacion":"pentecostal","direccion":"Calle 1ra","ciudad":"San Cristóbal","municipio":"","provincia":"","telefono":"","website":"","osm_type":"way","osm_id":408973790,"osm_url":"https://www.openstreetmap.org/way/408973790","fuente":"OpenStreetMap","validada":false,"incorporada":"pendiente","incorporacion_verificada":false,"validacion_pgr_dgii":"pendiente"}},{"type":"Feature","geometry":{"type":"Point","coordinates":[-69.6630871,18.4537777]},"properties":{"id":"IGL-OSM-WAY-410594588","nombre":"Iglesia Pentecostal","categoria":"Iglesias debidamente incorporadas - candidatas","religion":"christian","denominacion":"","direccion":"Calle K","ciudad":"","municipio":"","provincia":"","telefono":"","website":"","osm_type":"way","osm_id":410594588,"osm_url":"https://www.openstreetmap.org/way/410594588","fuente":"OpenStreetMap","validada":false,"incorporada":"pendiente","incorporacion_verificada":false,"validacion_pgr_dgii":"pendiente"}},{"type":"Feature","geometry":{"type":"Point","coordinates":[-70.170991,18.6723418]},"properties":{"id":"IGL-OSM-WAY-413698681","nombre":"Iglesia Pentecostal Arc","categoria":"Iglesias debidamente incorporadas - candidatas","religion":"christian","denominacion":"pentecostal","direccion":"Mella","ciudad":"Villa Altagracia","municipio":"","provincia":"","telefono":"","website":"","osm_type":"way","osm_id":413698681,"osm_url":"https://www.openstreetmap.org/way/413698681","fuente":"OpenStreetMap","validada":false,"incorporada":"pendiente","incorporacion_verificada":false,"validacion_pgr_dgii":"pendiente"}},{"type":"Feature","geometry":{"type":"Point","coordinates":[-69.4875258,18.5605153]},"properties":{"id":"IGL-OSM-WAY-1373746622","nombre":"Iglesia pentecostal Betel de las sendas antiguas","categoria":"Iglesias debidamente incorporadas - candidatas","religion":"","denominacion":"","direccion":"","ciudad":"","municipio":"","provincia":"","telefono":"","website":"","osm_type":"way","osm_id":1373746622,"osm_url":"https://www.openstreetmap.org/way/1373746622","fuente":"OpenStreetMap","validada":false,"incorporada":"pendiente","incorporacion_verificada":false,"validacion_pgr_dgii":"pendiente"}},{"type":"Feature","geometry":{"type":"Point","coordinates":[-69.762534,18.4916366]},"properties":{"id":"IGL-OSM-NODE-13888200705","nombre":"Iglesia Pentecostal Encuentro Divino","categoria":"Iglesias debidamente incorporadas - candidatas","religion":"","denominacion":"","direccion":"","ciudad":"","municipio":"","provincia":"","telefono":"","website":"","osm_type":"node","osm_id":13888200705,"osm_url":"https://www.openstreetmap.org/node/13888200705","fuente":"OpenStreetMap","validada":false,"incorporada":"pendiente","incorporacion_verificada":false,"validacion_pgr_dgii":"pendiente"}},{"type":"Feature","geometry":{"type":"Point","coordinates":[-69.9158963,18.5229364]},"properties":{"id":"IGL-OSM-WAY-408443926","nombre":"Iglesia Pentecostal Fe y Obra","categoria":"Iglesias debidamente incorporadas - candidatas","religion":"christian","denominacion":"","direccion":"Calle Minerva Mirabal 7","ciudad":"","municipio":"","provincia":"","telefono":"","website":"","osm_type":"way","osm_id":408443926,"osm_url":"https://www.openstreetmap.org/way/408443926","fuente":"OpenStreetMap","validada":false,"incorporada":"pendiente","incorporacion_verificada":false,"validacion_pgr_dgii":"pendiente"}},{"type":"Feature","geometry":{"type":"Point","coordinates":[-68.9848913,18.4305439]},"properties":{"id":"IGL-OSM-WAY-333089246","nombre":"Iglesia Pentecostal Jehová Ra-ah","categoria":"Iglesias debidamente incorporadas - candidatas","religion":"","denominacion":"","direccion":"","ciudad":"","municipio":"","provincia":"","telefono":"","website":"","osm_type":"way","osm_id":333089246,"osm_url":"https://www.openstreetmap.org/way/333089246","fuente":"OpenStreetMap","validada":false,"incorporada":"pendiente","incorporacion_verificada":false,"validacion_pgr_dgii":"pendiente"}},{"type":"Feature","geometry":{"type":"Point","coordinates":[-69.9406174,18.5402706]},"properties":{"id":"IGL-OSM-NODE-4117286604","nombre":"Iglesia Pentecostal Juan","categoria":"Iglesias debidamente incorporadas - candidatas","religion":"christian","denominacion":"","direccion":"","ciudad":"","municipio":"","provincia":"","telefono":"","website":"","osm_type":"node","osm_id":4117286604,"osm_url":"https://www.openstreetmap.org/node/4117286604","fuente":"OpenStreetMap","validada":false,"incorporada":"pendiente","incorporacion_verificada":false,"validacion_pgr_dgii":"pendiente"}},{"type":"Feature","geometry":{"type":"Point","coordinates":[-69.824254,18.4814809]},"properties":{"id":"IGL-OSM-NODE-6714851129","nombre":"Iglesia Pentecostal Luz del Cielo","categoria":"Iglesias debidamente incorporadas - candidatas","religion":"christian","denominacion":"pentecostal","direccion":"Calle Proyecto 1 28","ciudad":"Santo Domingo Este","municipio":"","provincia":"","telefono":"","website":"","osm_type":"node","osm_id":6714851129,"osm_url":"https://www.openstreetmap.org/node/6714851129","fuente":"OpenStreetMap","validada":false,"incorporada":"pendiente","incorporacion_verificada":false,"validacion_pgr_dgii":"pendiente"}},{"type":"Feature","geometry":{"type":"Point","coordinates":[-69.81318,18.4914341]},"properties":{"id":"IGL-OSM-WAY-409618145","nombre":"Iglesia Pentecostal Obreros de Cristo en Marcha inc.","categoria":"Iglesias debidamente incorporadas - candidatas","religion":"christian","denominacion":"","direccion":"Calle Residencial Shalon Principal","ciudad":"","municipio":"","provincia":"","telefono":"809 245 6408","website":"","osm_type":"way","osm_id":409618145,"osm_url":"https://www.openstreetmap.org/way/409618145","fuente":"OpenStreetMap","validada":false,"incorporada":"pendiente","incorporacion_verificada":false,"validacion_pgr_dgii":"pendiente"}},{"type":"Feature","geometry":{"type":"Point","coordinates":[-70.1114495,18.4043363]},"properties":{"id":"IGL-OSM-WAY-414285793","nombre":"Iglesia Pentecostal Soberano Dios","categoria":"Iglesias debidamente incorporadas - candidatas","religion":"christian","denominacion":"pentecostal","direccion":"Calle 3","ciudad":"San Cristóbal","municipio":"","provincia":"","telefono":"","website":"","osm_type":"way","osm_id":414285793,"osm_url":"https://www.openstreetmap.org/way/414285793","fuente":"OpenStreetMap","validada":false,"incorporada":"pendiente","incorporacion_verificada":false,"validacion_pgr_dgii":"pendiente"}},{"type":"Feature","geometry":{"type":"Point","coordinates":[-70.1253325,18.4272062]},"properties":{"id":"IGL-OSM-WAY-409004326","nombre":"Iglesia Pentecostal Tierra Santa, Inc","categoria":"Iglesias debidamente incorporadas - candidatas","religion":"christian","denominacion":"pentecostal","direccion":"Manzana 6","ciudad":"San Cristóbal","municipio":"","provincia":"","telefono":"","website":"","osm_type":"way","osm_id":409004326,"osm_url":"https://www.openstreetmap.org/way/409004326","fuente":"OpenStreetMap","validada":false,"incorporada":"pendiente","incorporacion_verificada":false,"validacion_pgr_dgii":"pendiente"}},{"type":"Feature","geometry":{"type":"Point","coordinates":[-69.9109212,18.5298207]},"properties":{"id":"IGL-OSM-WAY-408679519","nombre":"Iglesia Pentecostal todo lo Puedo en Cristo Jesus","categoria":"Iglesias debidamente incorporadas - candidatas","religion":"christian","denominacion":"","direccion":"Jose Francisco Brazoban","ciudad":"","municipio":"","provincia":"","telefono":"","website":"","osm_type":"way","osm_id":408679519,"osm_url":"https://www.openstreetmap.org/way/408679519","fuente":"OpenStreetMap","validada":false,"incorporada":"pendiente","incorporacion_verificada":false,"validacion_pgr_dgii":"pendiente"}},{"type":"Feature","geometry":{"type":"Point","coordinates":[-70.1225611,18.432646]},"properties":{"id":"IGL-OSM-WAY-409010394","nombre":"Iglesia Pentecostal Valle de Bendicion","categoria":"Iglesias debidamente incorporadas - candidatas","religion":"christian","denominacion":"pentecostal","direccion":"Calle Julio Corporan","ciudad":"San Cristóbal","municipio":"","provincia":"","telefono":"","website":"","osm_type":"way","osm_id":409010394,"osm_url":"https://www.openstreetmap.org/way/409010394","fuente":"OpenStreetMap","validada":false,"incorporada":"pendiente","incorporacion_verificada":false,"validacion_pgr_dgii":"pendiente"}},{"type":"Feature","geometry":{"type":"Point","coordinates":[-69.837469,18.5314312]},"properties":{"id":"IGL-OSM-NODE-4633791090","nombre":"Iglesia Poder de Dios","categoria":"Iglesias debidamente incorporadas - candidatas","religion":"","denominacion":"","direccion":"Calle 1era","ciudad":"","municipio":"","provincia":"","telefono":"8092220436","website":"","osm_type":"node","osm_id":4633791090,"osm_url":"https://www.openstreetmap.org/node/4633791090","fuente":"OpenStreetMap","validada":false,"incorporada":"pendiente","incorporacion_verificada":false,"validacion_pgr_dgii":"pendiente"}},{"type":"Feature","geometry":{"type":"Point","coordinates":[-69.8604249,18.5406976]},"properties":{"id":"IGL-OSM-WAY-414227254","nombre":"Iglesia Poder de Dios","categoria":"Iglesias debidamente incorporadas - candidatas","religion":"christian","denominacion":"","direccion":"Proyecto","ciudad":"","municipio":"","provincia":"","telefono":"","website":"","osm_type":"way","osm_id":414227254,"osm_url":"https://www.openstreetmap.org/way/414227254","fuente":"OpenStreetMap","validada":false,"incorporada":"pendiente","incorporacion_verificada":false,"validacion_pgr_dgii":"pendiente"}},{"type":"Feature","geometry":{"type":"Point","coordinates":[-68.7163571,18.6054995]},"properties":{"id":"IGL-OSM-WAY-865360973","nombre":"Iglesia Primera Llama Pentecostal","categoria":"Iglesias debidamente incorporadas - candidatas","religion":"christian","denominacion":"","direccion":"","ciudad":"","municipio":"","provincia":"","telefono":"","website":"","osm_type":"way","osm_id":865360973,"osm_url":"https://www.openstreetmap.org/way/865360973","fuente":"OpenStreetMap","validada":false,"incorporada":"pendiente","incorporacion_verificada":false,"validacion_pgr_dgii":"pendiente"}},{"type":"Feature","geometry":{"type":"Point","coordinates":[-69.8330761,18.5051454]},"properties":{"id":"IGL-OSM-NODE-5228044525","nombre":"Iglesia Proyecto Duarte","categoria":"Iglesias debidamente incorporadas - candidatas","religion":"","denominacion":"","direccion":"","ciudad":"","municipio":"","provincia":"","telefono":"","website":"","osm_type":"node","osm_id":5228044525,"osm_url":"https://www.openstreetmap.org/node/5228044525","fuente":"OpenStreetMap","validada":false,"incorporada":"pendiente","incorporacion_verificada":false,"validacion_pgr_dgii":"pendiente"}},{"type":"Feature","geometry":{"type":"Point","coordinates":[-69.9908017,18.4455608]},"properties":{"id":"IGL-OSM-NODE-5468203679","nombre":"Iglesia Puerta Abierta","categoria":"Iglesias debidamente incorporadas - candidatas","religion":"christian","denominacion":"","direccion":"","ciudad":"","municipio":"","provincia":"","telefono":"","website":"","osm_type":"node","osm_id":5468203679,"osm_url":"https://www.openstreetmap.org/node/5468203679","fuente":"OpenStreetMap","validada":false,"incorporada":"pendiente","incorporacion_verificada":false,"validacion_pgr_dgii":"pendiente"}},{"type":"Feature","geometry":{"type":"Point","coordinates":[-69.9034356,18.46093]},"properties":{"id":"IGL-OSM-NODE-4230852009","nombre":"Iglesia Puerta de Bendición","categoria":"Iglesias debidamente incorporadas - candidatas","religion":"christian","denominacion":"","direccion":"","ciudad":"","municipio":"","provincia":"","telefono":"","website":"","osm_type":"node","osm_id":4230852009,"osm_url":"https://www.openstreetmap.org/node/4230852009","fuente":"OpenStreetMap","validada":false,"incorporada":"pendiente","incorporacion_verificada":false,"validacion_pgr_dgii":"pendiente"}},{"type":"Feature","geometry":{"type":"Point","coordinates":[-69.8870658,18.4706407]},"properties":{"id":"IGL-OSM-WAY-318766939","nombre":"Iglesia Regina Angelorum","categoria":"Iglesias debidamente incorporadas - candidatas","religion":"christian","denominacion":"catholic","direccion":"","ciudad":"","municipio":"","provincia":"","telefono":"","website":"","osm_type":"way","osm_id":318766939,"osm_url":"https://www.openstreetmap.org/way/318766939","fuente":"OpenStreetMap","validada":false,"incorporada":"pendiente","incorporacion_verificada":false,"validacion_pgr_dgii":"pendiente"}},{"type":"Feature","geometry":{"type":"Point","coordinates":[-70.0937074,18.4201827]},"properties":{"id":"IGL-OSM-WAY-413975790","nombre":"Iglesia Remanso de Paz","categoria":"Iglesias debidamente incorporadas - candidatas","religion":"christian","denominacion":"","direccion":"Calle Tercera","ciudad":"San Cristóbal","municipio":"","provincia":"","telefono":"","website":"","osm_type":"way","osm_id":413975790,"osm_url":"https://www.openstreetmap.org/way/413975790","fuente":"OpenStreetMap","validada":false,"incorporada":"pendiente","incorporacion_verificada":false,"validacion_pgr_dgii":"pendiente"}},{"type":"Feature","geometry":{"type":"Point","coordinates":[-68.708751,18.5893708]},"properties":{"id":"IGL-OSM-WAY-864743184","nombre":"Iglesia Reteniendo los principios","categoria":"Iglesias debidamente incorporadas - candidatas","religion":"christian","denominacion":"","direccion":"","ciudad":"","municipio":"","provincia":"","telefono":"","website":"","osm_type":"way","osm_id":864743184,"osm_url":"https://www.openstreetmap.org/way/864743184","fuente":"OpenStreetMap","validada":false,"incorporada":"pendiente","incorporacion_verificada":false,"validacion_pgr_dgii":"pendiente"}},{"type":"Feature","geometry":{"type":"Point","coordinates":[-69.8915425,18.4705128]},"properties":{"id":"IGL-OSM-WAY-406983194","nombre":"Iglesia Ristian de Ciudad Nueva","categoria":"Iglesias debidamente incorporadas - candidatas","religion":"christian","denominacion":"","direccion":"Calle Pina","ciudad":"","municipio":"","provincia":"","telefono":"","website":"","osm_type":"way","osm_id":406983194,"osm_url":"https://www.openstreetmap.org/way/406983194","fuente":"OpenStreetMap","validada":false,"incorporada":"pendiente","incorporacion_verificada":false,"validacion_pgr_dgii":"pendiente"}},{"type":"Feature","geometry":{"type":"Point","coordinates":[-69.8116174,18.5346869]},"properties":{"id":"IGL-OSM-WAY-409082013","nombre":"Iglesia Roca de Salvación Misionera INC.","categoria":"Iglesias debidamente incorporadas - candidatas","religion":"christian","denominacion":"","direccion":"","ciudad":"","municipio":"","provincia":"","telefono":"","website":"","osm_type":"way","osm_id":409082013,"osm_url":"https://www.openstreetmap.org/way/409082013","fuente":"OpenStreetMap","validada":false,"incorporada":"pendiente","incorporacion_verificada":false,"validacion_pgr_dgii":"pendiente"}},{"type":"Feature","geometry":{"type":"Point","coordinates":[-68.7161233,18.5869104]},"properties":{"id":"IGL-OSM-WAY-857851216","nombre":"Iglesia Roca Eterna","categoria":"Iglesias debidamente incorporadas - candidatas","religion":"christian","denominacion":"","direccion":"","ciudad":"","municipio":"","provincia":"","telefono":"","website":"","osm_type":"way","osm_id":857851216,"osm_url":"https://www.openstreetmap.org/way/857851216","fuente":"OpenStreetMap","validada":false,"incorporada":"pendiente","incorporacion_verificada":false,"validacion_pgr_dgii":"pendiente"}},{"type":"Feature","geometry":{"type":"Point","coordinates":[-69.8253135,18.4989954]},"properties":{"id":"IGL-OSM-NODE-9220004817","nombre":"Iglesia Roca Viva","categoria":"Iglesias debidamente incorporadas - candidatas","religion":"","denominacion":"","direccion":"","ciudad":"","municipio":"","provincia":"","telefono":"","website":"","osm_type":"node","osm_id":9220004817,"osm_url":"https://www.openstreetmap.org/node/9220004817","fuente":"OpenStreetMap","validada":false,"incorporada":"pendiente","incorporacion_verificada":false,"validacion_pgr_dgii":"pendiente"}},{"type":"Feature","geometry":{"type":"Point","coordinates":[-69.8845687,18.4928991]},"properties":{"id":"IGL-OSM-WAY-407983572","nombre":"Iglesia Rosa de Saron","categoria":"Iglesias debidamente incorporadas - candidatas","religion":"christian","denominacion":"","direccion":"Avenida La fuente","ciudad":"","municipio":"","provincia":"","telefono":"","website":"","osm_type":"way","osm_id":407983572,"osm_url":"https://www.openstreetmap.org/way/407983572","fuente":"OpenStreetMap","validada":false,"incorporada":"pendiente","incorporacion_verificada":false,"validacion_pgr_dgii":"pendiente"}},{"type":"Feature","geometry":{"type":"Point","coordinates":[-68.9741463,18.4281415]},"properties":{"id":"IGL-OSM-WAY-326019239","nombre":"Iglesia Rosa de Sarón","categoria":"Iglesias debidamente incorporadas - candidatas","religion":"christian","denominacion":"Evangélica","direccion":"","ciudad":"","municipio":"","provincia":"","telefono":"","website":"","osm_type":"way","osm_id":326019239,"osm_url":"https://www.openstreetmap.org/way/326019239","fuente":"OpenStreetMap","validada":false,"incorporada":"pendiente","incorporacion_verificada":false,"validacion_pgr_dgii":"pendiente"}},{"type":"Feature","geometry":{"type":"Point","coordinates":[-70.8326475,18.4578781]},"properties":{"id":"IGL-OSM-NODE-2316135544","nombre":"Iglesia Sagrada Familia","categoria":"Iglesias debidamente incorporadas - candidatas","religion":"christian","denominacion":"catholic","direccion":"","ciudad":"","municipio":"","provincia":"","telefono":"","website":"","osm_type":"node","osm_id":2316135544,"osm_url":"https://www.openstreetmap.org/node/2316135544","fuente":"OpenStreetMap","validada":false,"incorporada":"pendiente","incorporacion_verificada":false,"validacion_pgr_dgii":"pendiente"}},{"type":"Feature","geometry":{"type":"Point","coordinates":[-70.2685249,19.2834742]},"properties":{"id":"IGL-OSM-WAY-674245293","nombre":"Iglesia Sagrado Corazon de Jesus","categoria":"Iglesias debidamente incorporadas - candidatas","religion":"","denominacion":"","direccion":"","ciudad":"","municipio":"","provincia":"","telefono":"","website":"","osm_type":"way","osm_id":674245293,"osm_url":"https://www.openstreetmap.org/way/674245293","fuente":"OpenStreetMap","validada":false,"incorporada":"pendiente","incorporacion_verificada":false,"validacion_pgr_dgii":"pendiente"}},{"type":"Feature","geometry":{"type":"Point","coordinates":[-70.6008972,19.1567696]},"properties":{"id":"IGL-OSM-NODE-4713706097","nombre":"Iglesia Sagrado Corazón de Jesús","categoria":"Iglesias debidamente incorporadas - candidatas","religion":"","denominacion":"","direccion":"Federico Basilis","ciudad":"","municipio":"","provincia":"","telefono":"","website":"","osm_type":"node","osm_id":4713706097,"osm_url":"https://www.openstreetmap.org/node/4713706097","fuente":"OpenStreetMap","validada":false,"incorporada":"pendiente","incorporacion_verificada":false,"validacion_pgr_dgii":"pendiente"}},{"type":"Feature","geometry":{"type":"Point","coordinates":[-70.52438,19.3929585]},"properties":{"id":"IGL-OSM-WAY-516634482","nombre":"Iglesia Sagrado Corazón de Jesús","categoria":"Iglesias debidamente incorporadas - candidatas","religion":"christian","denominacion":"roman_catholic","direccion":"","ciudad":"","municipio":"","provincia":"","telefono":"","website":"","osm_type":"way","osm_id":516634482,"osm_url":"https://www.openstreetmap.org/way/516634482","fuente":"OpenStreetMap","validada":false,"incorporada":"pendiente","incorporacion_verificada":false,"validacion_pgr_dgii":"pendiente"}},{"type":"Feature","geometry":{"type":"Point","coordinates":[-71.074181,19.5661985]},"properties":{"id":"IGL-OSM-WAY-689379891","nombre":"Iglesia Sagrado Corazón de Jesús","categoria":"Iglesias debidamente incorporadas - candidatas","religion":"christian","denominacion":"","direccion":"","ciudad":"","municipio":"","provincia":"","telefono":"","website":"","osm_type":"way","osm_id":689379891,"osm_url":"https://www.openstreetmap.org/way/689379891","fuente":"OpenStreetMap","validada":false,"incorporada":"pendiente","incorporacion_verificada":false,"validacion_pgr_dgii":"pendiente"}},{"type":"Feature","geometry":{"type":"Point","coordinates":[-70.3499847,19.3734776]},"properties":{"id":"IGL-OSM-NODE-2735690623","nombre":"Iglesia San Antoino","categoria":"Iglesias debidamente incorporadas - candidatas","religion":"","denominacion":"","direccion":"Sanchez","ciudad":"Tenares","municipio":"","provincia":"","telefono":"","website":"","osm_type":"node","osm_id":2735690623,"osm_url":"https://www.openstreetmap.org/node/2735690623","fuente":"OpenStreetMap","validada":false,"incorporada":"pendiente","incorporacion_verificada":false,"validacion_pgr_dgii":"pendiente"}},{"type":"Feature","geometry":{"type":"Point","coordinates":[-70.7093033,19.4514313]},"properties":{"id":"IGL-OSM-NODE-4463295295","nombre":"Iglesia San Antonio","categoria":"Iglesias debidamente incorporadas - candidatas","religion":"christian","denominacion":"","direccion":"","ciudad":"","municipio":"","provincia":"","telefono":"","website":"","osm_type":"node","osm_id":4463295295,"osm_url":"https://www.openstreetmap.org/node/4463295295","fuente":"OpenStreetMap","validada":false,"incorporada":"pendiente","incorporacion_verificada":false,"validacion_pgr_dgii":"pendiente"}},{"type":"Feature","geometry":{"type":"Point","coordinates":[-70.8187353,19.2198706]},"properties":{"id":"IGL-OSM-WAY-625982913","nombre":"Iglesia San Antonio","categoria":"Iglesias debidamente incorporadas - candidatas","religion":"christian","denominacion":"catholic","direccion":"","ciudad":"","municipio":"","provincia":"","telefono":"","website":"","osm_type":"way","osm_id":625982913,"osm_url":"https://www.openstreetmap.org/way/625982913","fuente":"OpenStreetMap","validada":false,"incorporada":"pendiente","incorporacion_verificada":false,"validacion_pgr_dgii":"pendiente"}},{"type":"Feature","geometry":{"type":"Point","coordinates":[-69.8940642,18.4753703]},"properties":{"id":"IGL-OSM-WAY-229172974","nombre":"Iglesia San Carlos","categoria":"Iglesias debidamente incorporadas - candidatas","religion":"christian","denominacion":"","direccion":"","ciudad":"","municipio":"","provincia":"","telefono":"","website":"","osm_type":"way","osm_id":229172974,"osm_url":"https://www.openstreetmap.org/way/229172974","fuente":"OpenStreetMap","validada":false,"incorporada":"pendiente","incorporacion_verificada":false,"validacion_pgr_dgii":"pendiente"}},{"type":"Feature","geometry":{"type":"Point","coordinates":[-68.8900508,18.4222027]},"properties":{"id":"IGL-OSM-WAY-313710372","nombre":"Iglesia San Estanislao","categoria":"Iglesias debidamente incorporadas - candidatas","religion":"christian","denominacion":"catholic","direccion":"","ciudad":"","municipio":"","provincia":"","telefono":"","website":"","osm_type":"way","osm_id":313710372,"osm_url":"https://www.openstreetmap.org/way/313710372","fuente":"OpenStreetMap","validada":false,"incorporada":"pendiente","incorporacion_verificada":false,"validacion_pgr_dgii":"pendiente"}},{"type":"Feature","geometry":{"type":"Point","coordinates":[-68.958816,18.4245624]},"properties":{"id":"IGL-OSM-WAY-312016277","nombre":"Iglesia San Estanislao de Cracovia","categoria":"Iglesias debidamente incorporadas - candidatas","religion":"christian","denominacion":"roman_catholic","direccion":"","ciudad":"","municipio":"","provincia":"","telefono":"","website":"","osm_type":"way","osm_id":312016277,"osm_url":"https://www.openstreetmap.org/way/312016277","fuente":"OpenStreetMap","validada":false,"incorporada":"pendiente","incorporacion_verificada":false,"validacion_pgr_dgii":"pendiente"}},{"type":"Feature","geometry":{"type":"Point","coordinates":[-71.6501625,19.8468213]},"properties":{"id":"IGL-OSM-WAY-320522453","nombre":"Iglesia San Fernando","categoria":"Iglesias debidamente incorporadas - candidatas","religion":"christian","denominacion":"catholic","direccion":"","ciudad":"","municipio":"","provincia":"","telefono":"","website":"","osm_type":"way","osm_id":320522453,"osm_url":"https://www.openstreetmap.org/way/320522453","fuente":"OpenStreetMap","validada":false,"incorporada":"pendiente","incorporacion_verificada":false,"validacion_pgr_dgii":"pendiente"}},{"type":"Feature","geometry":{"type":"Point","coordinates":[-70.7216849,19.4863565]},"properties":{"id":"IGL-OSM-NODE-4707435489","nombre":"Iglesia San Francisco de Asís","categoria":"Iglesias debidamente incorporadas - candidatas","religion":"","denominacion":"","direccion":"","ciudad":"","municipio":"","provincia":"","telefono":"","website":"","osm_type":"node","osm_id":4707435489,"osm_url":"https://www.openstreetmap.org/node/4707435489","fuente":"OpenStreetMap","validada":false,"incorporada":"pendiente","incorporacion_verificada":false,"validacion_pgr_dgii":"pendiente"}},{"type":"Feature","geometry":{"type":"Point","coordinates":[-69.9778999,18.4707569]},"properties":{"id":"IGL-OSM-WAY-213882451","nombre":"Iglesia San Francisco Javier","categoria":"Iglesias debidamente incorporadas - candidatas","religion":"","denominacion":"","direccion":"","ciudad":"","municipio":"","provincia":"","telefono":"","website":"","osm_type":"way","osm_id":213882451,"osm_url":"https://www.openstreetmap.org/way/213882451","fuente":"OpenStreetMap","validada":false,"incorporada":"pendiente","incorporacion_verificada":false,"validacion_pgr_dgii":"pendiente"}},{"type":"Feature","geometry":{"type":"Point","coordinates":[-69.966216,18.4746085]},"properties":{"id":"IGL-OSM-RELATION-11981341","nombre":"Iglesia San Geronimo","categoria":"Iglesias debidamente incorporadas - candidatas","religion":"","denominacion":"","direccion":"","ciudad":"","municipio":"","provincia":"","telefono":"","website":"","osm_type":"relation","osm_id":11981341,"osm_url":"https://www.openstreetmap.org/relation/11981341","fuente":"OpenStreetMap","validada":false,"incorporada":"pendiente","incorporacion_verificada":false,"validacion_pgr_dgii":"pendiente"}},{"type":"Feature","geometry":{"type":"Point","coordinates":[-69.8720748,18.4909303]},"properties":{"id":"IGL-OSM-NODE-460194269","nombre":"Iglesia San Jose Obrero","categoria":"Iglesias debidamente incorporadas - candidatas","religion":"christian","denominacion":"","direccion":"","ciudad":"","municipio":"","provincia":"","telefono":"","website":"","osm_type":"node","osm_id":460194269,"osm_url":"https://www.openstreetmap.org/node/460194269","fuente":"OpenStreetMap","validada":false,"incorporada":"pendiente","incorporacion_verificada":false,"validacion_pgr_dgii":"pendiente"}},{"type":"Feature","geometry":{"type":"Point","coordinates":[-70.5360457,19.3975642]},"properties":{"id":"IGL-OSM-NODE-2352561357","nombre":"Iglesia San Judas Tadeo","categoria":"Iglesias debidamente incorporadas - candidatas","religion":"christian","denominacion":"","direccion":"","ciudad":"","municipio":"","provincia":"","telefono":"","website":"","osm_type":"node","osm_id":2352561357,"osm_url":"https://www.openstreetmap.org/node/2352561357","fuente":"OpenStreetMap","validada":false,"incorporada":"pendiente","incorporacion_verificada":false,"validacion_pgr_dgii":"pendiente"}},{"type":"Feature","geometry":{"type":"Point","coordinates":[-69.8903054,18.4739814]},"properties":{"id":"IGL-OSM-WAY-318766940","nombre":"Iglesia San Lazaro","categoria":"Iglesias debidamente incorporadas - candidatas","religion":"christian","denominacion":"catholic","direccion":"","ciudad":"","municipio":"","provincia":"","telefono":"","website":"","osm_type":"way","osm_id":318766940,"osm_url":"https://www.openstreetmap.org/way/318766940","fuente":"OpenStreetMap","validada":false,"incorporada":"pendiente","incorporacion_verificada":false,"validacion_pgr_dgii":"pendiente"}},{"type":"Feature","geometry":{"type":"Point","coordinates":[-70.536899,19.3198399]},"properties":{"id":"IGL-OSM-NODE-2302773048","nombre":"Iglesia San Lorenzo","categoria":"Iglesias debidamente incorporadas - candidatas","religion":"","denominacion":"","direccion":"Prof. Juan Bosch","ciudad":"","municipio":"","provincia":"","telefono":"","website":"","osm_type":"node","osm_id":2302773048,"osm_url":"https://www.openstreetmap.org/node/2302773048","fuente":"OpenStreetMap","validada":false,"incorporada":"pendiente","incorporacion_verificada":false,"validacion_pgr_dgii":"pendiente"}},{"type":"Feature","geometry":{"type":"Point","coordinates":[-70.6767535,19.4552724]},"properties":{"id":"IGL-OSM-WAY-426009518","nombre":"Iglesia San Martin de Porres","categoria":"Iglesias debidamente incorporadas - candidatas","religion":"christian","denominacion":"","direccion":"Calle Mexico","ciudad":"Santiago","municipio":"","provincia":"","telefono":"","website":"","osm_type":"way","osm_id":426009518,"osm_url":"https://www.openstreetmap.org/way/426009518","fuente":"OpenStreetMap","validada":false,"incorporada":"pendiente","incorporacion_verificada":false,"validacion_pgr_dgii":"pendiente"}},{"type":"Feature","geometry":{"type":"Point","coordinates":[-69.8886003,18.4754636]},"properties":{"id":"IGL-OSM-WAY-318766941","nombre":"Iglesia San Miguel","categoria":"Iglesias debidamente incorporadas - candidatas","religion":"christian","denominacion":"catholic","direccion":"","ciudad":"","municipio":"","provincia":"","telefono":"","website":"","osm_type":"way","osm_id":318766941,"osm_url":"https://www.openstreetmap.org/way/318766941","fuente":"OpenStreetMap","validada":false,"incorporada":"pendiente","incorporacion_verificada":false,"validacion_pgr_dgii":"pendiente"}},{"type":"Feature","geometry":{"type":"Point","coordinates":[-70.0825697,18.5737359]},"properties":{"id":"IGL-OSM-NODE-6700755212","nombre":"Iglesia San Miguel Arcangel","categoria":"Iglesias debidamente incorporadas - candidatas","religion":"christian","denominacion":"","direccion":"","ciudad":"","municipio":"","provincia":"","telefono":"","website":"","osm_type":"node","osm_id":6700755212,"osm_url":"https://www.openstreetmap.org/node/6700755212","fuente":"OpenStreetMap","validada":false,"incorporada":"pendiente","incorporacion_verificada":false,"validacion_pgr_dgii":"pendiente"}},{"type":"Feature","geometry":{"type":"Point","coordinates":[-68.967495,18.4383603]},"properties":{"id":"IGL-OSM-WAY-329911648","nombre":"Iglesia San Pablo","categoria":"Iglesias debidamente incorporadas - candidatas","religion":"christian","denominacion":"catholic","direccion":"","ciudad":"","municipio":"","provincia":"","telefono":"","website":"","osm_type":"way","osm_id":329911648,"osm_url":"https://www.openstreetmap.org/way/329911648","fuente":"OpenStreetMap","validada":false,"incorporada":"pendiente","incorporacion_verificada":false,"validacion_pgr_dgii":"pendiente"}},{"type":"Feature","geometry":{"type":"Point","coordinates":[-69.8921484,18.4700999]},"properties":{"id":"IGL-OSM-WAY-177332377","nombre":"Iglesia San Pio X","categoria":"Iglesias debidamente incorporadas - candidatas","religion":"christian","denominacion":"catholic","direccion":"","ciudad":"","municipio":"","provincia":"","telefono":"","website":"","osm_type":"way","osm_id":177332377,"osm_url":"https://www.openstreetmap.org/way/177332377","fuente":"OpenStreetMap","validada":false,"incorporada":"pendiente","incorporacion_verificada":false,"validacion_pgr_dgii":"pendiente"}},{"type":"Feature","geometry":{"type":"Point","coordinates":[-69.896928,18.47512]},"properties":{"id":"IGL-OSM-WAY-222969479","nombre":"Iglesia San Rafael","categoria":"Iglesias debidamente incorporadas - candidatas","religion":"christian","denominacion":"catholic","direccion":"","ciudad":"","municipio":"","provincia":"","telefono":"","website":"","osm_type":"way","osm_id":222969479,"osm_url":"https://www.openstreetmap.org/way/222969479","fuente":"OpenStreetMap","validada":false,"incorporada":"pendiente","incorporacion_verificada":false,"validacion_pgr_dgii":"pendiente"}},{"type":"Feature","geometry":{"type":"Point","coordinates":[-70.2589381,19.2969849]},"properties":{"id":"IGL-OSM-NODE-2789636744","nombre":"Iglesia Santa Ana","categoria":"Iglesias debidamente incorporadas - candidatas","religion":"christian","denominacion":"","direccion":"Colon","ciudad":"SAN FRANCISCO DE MACORIS","municipio":"","provincia":"","telefono":"","website":"","osm_type":"node","osm_id":2789636744,"osm_url":"https://www.openstreetmap.org/node/2789636744","fuente":"OpenStreetMap","validada":false,"incorporada":"pendiente","incorporacion_verificada":false,"validacion_pgr_dgii":"pendiente"}},{"type":"Feature","geometry":{"type":"Point","coordinates":[-70.7851692,19.4792872]},"properties":{"id":"IGL-OSM-NODE-809969437","nombre":"Iglesia Santa Ana","categoria":"Iglesias debidamente incorporadas - candidatas","religion":"","denominacion":"","direccion":"Calle Proyecto 2","ciudad":"Batey Uno","municipio":"","provincia":"","telefono":"","website":"","osm_type":"node","osm_id":809969437,"osm_url":"https://www.openstreetmap.org/node/809969437","fuente":"OpenStreetMap","validada":false,"incorporada":"pendiente","incorporacion_verificada":false,"validacion_pgr_dgii":"pendiente"}},{"type":"Feature","geometry":{"type":"Point","coordinates":[-68.7706128,18.6303836]},"properties":{"id":"IGL-OSM-WAY-864500869","nombre":"Iglesia Santa Ana","categoria":"Iglesias debidamente incorporadas - candidatas","religion":"","denominacion":"","direccion":"","ciudad":"","municipio":"","provincia":"","telefono":"","website":"","osm_type":"way","osm_id":864500869,"osm_url":"https://www.openstreetmap.org/way/864500869","fuente":"OpenStreetMap","validada":false,"incorporada":"pendiente","incorporacion_verificada":false,"validacion_pgr_dgii":"pendiente"}},{"type":"Feature","geometry":{"type":"Point","coordinates":[-69.8846697,18.4795418]},"properties":{"id":"IGL-OSM-WAY-1187637372","nombre":"Iglesia Santa Bárbara","categoria":"Iglesias debidamente incorporadas - candidatas","religion":"christian","denominacion":"","direccion":"","ciudad":"","municipio":"","provincia":"","telefono":"","website":"","osm_type":"way","osm_id":1187637372,"osm_url":"https://www.openstreetmap.org/way/1187637372","fuente":"OpenStreetMap","validada":false,"incorporada":"pendiente","incorporacion_verificada":false,"validacion_pgr_dgii":"pendiente"}},{"type":"Feature","geometry":{"type":"Point","coordinates":[-71.0743571,19.5561838]},"properties":{"id":"IGL-OSM-NODE-4211789089","nombre":"Iglesia Santa Cruz de Mao","categoria":"Iglesias debidamente incorporadas - candidatas","religion":"","denominacion":"","direccion":"Gregorio Aracena","ciudad":"","municipio":"","provincia":"","telefono":"","website":"","osm_type":"node","osm_id":4211789089,"osm_url":"https://www.openstreetmap.org/node/4211789089","fuente":"OpenStreetMap","validada":false,"incorporada":"pendiente","incorporacion_verificada":false,"validacion_pgr_dgii":"pendiente"}},{"type":"Feature","geometry":{"type":"Point","coordinates":[-70.3415187,19.3370627]},"properties":{"id":"IGL-OSM-NODE-3559972868","nombre":"Iglesia Santa Eduvirgen","categoria":"Iglesias debidamente incorporadas - candidatas","religion":"","denominacion":"","direccion":"porquero Abajo","ciudad":"","municipio":"","provincia":"","telefono":"","website":"","osm_type":"node","osm_id":3559972868,"osm_url":"https://www.openstreetmap.org/node/3559972868","fuente":"OpenStreetMap","validada":false,"incorporada":"pendiente","incorporacion_verificada":false,"validacion_pgr_dgii":"pendiente"}},{"type":"Feature","geometry":{"type":"Point","coordinates":[-70.8699734,19.2547914]},"properties":{"id":"IGL-OSM-WAY-1196386137","nombre":"Iglesia Santa Lucia","categoria":"Iglesias debidamente incorporadas - candidatas","religion":"","denominacion":"","direccion":"","ciudad":"","municipio":"","provincia":"","telefono":"","website":"","osm_type":"way","osm_id":1196386137,"osm_url":"https://www.openstreetmap.org/way/1196386137","fuente":"OpenStreetMap","validada":false,"incorporada":"pendiente","incorporacion_verificada":false,"validacion_pgr_dgii":"pendiente"}},{"type":"Feature","geometry":{"type":"Point","coordinates":[-69.8554091,18.4940863]},"properties":{"id":"IGL-OSM-WAY-320598667","nombre":"Iglesia Santa Monica","categoria":"Iglesias debidamente incorporadas - candidatas","religion":"christian","denominacion":"","direccion":"","ciudad":"","municipio":"","provincia":"","telefono":"","website":"","osm_type":"way","osm_id":320598667,"osm_url":"https://www.openstreetmap.org/way/320598667","fuente":"OpenStreetMap","validada":false,"incorporada":"pendiente","incorporacion_verificada":false,"validacion_pgr_dgii":"pendiente"}},{"type":"Feature","geometry":{"type":"Point","coordinates":[-69.8335064,18.5097799]},"properties":{"id":"IGL-OSM-WAY-618345096","nombre":"Iglesia Santa Rita de Cassia","categoria":"Iglesias debidamente incorporadas - candidatas","religion":"christian","denominacion":"catholic","direccion":"Calle 8","ciudad":"Santo Domingo Este","municipio":"","provincia":"","telefono":"","website":"","osm_type":"way","osm_id":618345096,"osm_url":"https://www.openstreetmap.org/way/618345096","fuente":"OpenStreetMap","validada":false,"incorporada":"pendiente","incorporacion_verificada":false,"validacion_pgr_dgii":"pendiente"}},{"type":"Feature","geometry":{"type":"Point","coordinates":[-70.5142057,19.2229214]},"properties":{"id":"IGL-OSM-NODE-1673956916","nombre":"Iglesia Santa Rosa","categoria":"Iglesias debidamente incorporadas - candidatas","religion":"","denominacion":"","direccion":"","ciudad":"","municipio":"","provincia":"","telefono":"","website":"","osm_type":"node","osm_id":1673956916,"osm_url":"https://www.openstreetmap.org/node/1673956916","fuente":"OpenStreetMap","validada":false,"incorporada":"pendiente","incorporacion_verificada":false,"validacion_pgr_dgii":"pendiente"}},{"type":"Feature","geometry":{"type":"Point","coordinates":[-70.6677376,19.4360808]},"properties":{"id":"IGL-OSM-WAY-408717482","nombre":"Iglesia Santa Teresa de Jesus","categoria":"Iglesias debidamente incorporadas - candidatas","religion":"christian","denominacion":"","direccion":"Calle E","ciudad":"Santiago","municipio":"","provincia":"","telefono":"","website":"","osm_type":"way","osm_id":408717482,"osm_url":"https://www.openstreetmap.org/way/408717482","fuente":"OpenStreetMap","validada":false,"incorporada":"pendiente","incorporacion_verificada":false,"validacion_pgr_dgii":"pendiente"}},{"type":"Feature","geometry":{"type":"Point","coordinates":[-69.9042465,18.5011062]},"properties":{"id":"IGL-OSM-WAY-175904366","nombre":"Iglesia Santo Cura de Ars","categoria":"Iglesias debidamente incorporadas - candidatas","religion":"christian","denominacion":"catholic","direccion":"","ciudad":"","municipio":"","provincia":"","telefono":"","website":"","osm_type":"way","osm_id":175904366,"osm_url":"https://www.openstreetmap.org/way/175904366","fuente":"OpenStreetMap","validada":false,"incorporada":"pendiente","incorporacion_verificada":false,"validacion_pgr_dgii":"pendiente"}},{"type":"Feature","geometry":{"type":"Point","coordinates":[-70.5306609,19.21637]},"properties":{"id":"IGL-OSM-WAY-708025036","nombre":"Iglesia Santo Domingo Sabio","categoria":"Iglesias debidamente incorporadas - candidatas","religion":"christian","denominacion":"","direccion":"Avenida Monseñor Panal 92","ciudad":"","municipio":"","provincia":"","telefono":"8095737222","website":"","osm_type":"way","osm_id":708025036,"osm_url":"https://www.openstreetmap.org/way/708025036","fuente":"OpenStreetMap","validada":false,"incorporada":"pendiente","incorporacion_verificada":false,"validacion_pgr_dgii":"pendiente"}},{"type":"Feature","geometry":{"type":"Point","coordinates":[-70.5306474,19.2163593]},"properties":{"id":"IGL-OSM-NODE-2340849830","nombre":"Iglesia Santo Domingo Savio","categoria":"Iglesias debidamente incorporadas - candidatas","religion":"christian","denominacion":"","direccion":"","ciudad":"","municipio":"","provincia":"","telefono":"","website":"","osm_type":"node","osm_id":2340849830,"osm_url":"https://www.openstreetmap.org/node/2340849830","fuente":"OpenStreetMap","validada":false,"incorporada":"pendiente","incorporacion_verificada":false,"validacion_pgr_dgii":"pendiente"}},{"type":"Feature","geometry":{"type":"Point","coordinates":[-70.8162425,19.3255958]},"properties":{"id":"IGL-OSM-WAY-228170309","nombre":"Iglesia Santo Tomás","categoria":"Iglesias debidamente incorporadas - candidatas","religion":"christian","denominacion":"","direccion":"","ciudad":"","municipio":"","provincia":"","telefono":"","website":"","osm_type":"way","osm_id":228170309,"osm_url":"https://www.openstreetmap.org/way/228170309","fuente":"OpenStreetMap","validada":false,"incorporada":"pendiente","incorporacion_verificada":false,"validacion_pgr_dgii":"pendiente"}},{"type":"Feature","geometry":{"type":"Point","coordinates":[-70.4126886,18.9281558]},"properties":{"id":"IGL-OSM-NODE-6327519830","nombre":"Iglesia Santo Toribio de Mogrovejo","categoria":"Iglesias debidamente incorporadas - candidatas","religion":"christian","denominacion":"catholic","direccion":"Santo Cura de Ars","ciudad":"Bonao","municipio":"","provincia":"","telefono":"","website":"","osm_type":"node","osm_id":6327519830,"osm_url":"https://www.openstreetmap.org/node/6327519830","fuente":"OpenStreetMap","validada":false,"incorporada":"pendiente","incorporacion_verificada":false,"validacion_pgr_dgii":"pendiente"}},{"type":"Feature","geometry":{"type":"Point","coordinates":[-68.7037347,18.5925633]},"properties":{"id":"IGL-OSM-WAY-865181612","nombre":"Iglesia Santuario De Luz","categoria":"Iglesias debidamente incorporadas - candidatas","religion":"christian","denominacion":"","direccion":"","ciudad":"","municipio":"","provincia":"","telefono":"","website":"","osm_type":"way","osm_id":865181612,"osm_url":"https://www.openstreetmap.org/way/865181612","fuente":"OpenStreetMap","validada":false,"incorporada":"pendiente","incorporacion_verificada":false,"validacion_pgr_dgii":"pendiente"}},{"type":"Feature","geometry":{"type":"Point","coordinates":[-69.9307233,18.4637738]},"properties":{"id":"IGL-OSM-WAY-254380229","nombre":"Iglesia Santísima Trinidad","categoria":"Iglesias debidamente incorporadas - candidatas","religion":"christian","denominacion":"catholic","direccion":"","ciudad":"","municipio":"","provincia":"","telefono":"","website":"","osm_type":"way","osm_id":254380229,"osm_url":"https://www.openstreetmap.org/way/254380229","fuente":"OpenStreetMap","validada":false,"incorporada":"pendiente","incorporacion_verificada":false,"validacion_pgr_dgii":"pendiente"}},{"type":"Feature","geometry":{"type":"Point","coordinates":[-70.5210119,19.2147131]},"properties":{"id":"IGL-OSM-WAY-413978108","nombre":"Iglesia Santísima Trinidad","categoria":"Iglesias debidamente incorporadas - candidatas","religion":"christian","denominacion":"catholic","direccion":"Ing. Freddy Gómez Alba S/N","ciudad":"La Vega","municipio":"","provincia":"","telefono":"","website":"","osm_type":"way","osm_id":413978108,"osm_url":"https://www.openstreetmap.org/way/413978108","fuente":"OpenStreetMap","validada":false,"incorporada":"pendiente","incorporacion_verificada":false,"validacion_pgr_dgii":"pendiente"}},{"type":"Feature","geometry":{"type":"Point","coordinates":[-69.9862437,18.4480399]},"properties":{"id":"IGL-OSM-NODE-5579364580","nombre":"iglesia Sembradores del Reino","categoria":"Iglesias debidamente incorporadas - candidatas","religion":"christian","denominacion":"","direccion":"","ciudad":"","municipio":"","provincia":"","telefono":"","website":"","osm_type":"node","osm_id":5579364580,"osm_url":"https://www.openstreetmap.org/node/5579364580","fuente":"OpenStreetMap","validada":false,"incorporada":"pendiente","incorporacion_verificada":false,"validacion_pgr_dgii":"pendiente"}},{"type":"Feature","geometry":{"type":"Point","coordinates":[-70.1143302,18.4051731]},"properties":{"id":"IGL-OSM-WAY-414287460","nombre":"Iglesia Senda Antigua","categoria":"Iglesias debidamente incorporadas - candidatas","religion":"christian","denominacion":"","direccion":"","ciudad":"","municipio":"","provincia":"","telefono":"","website":"","osm_type":"way","osm_id":414287460,"osm_url":"https://www.openstreetmap.org/way/414287460","fuente":"OpenStreetMap","validada":false,"incorporada":"pendiente","incorporacion_verificada":false,"validacion_pgr_dgii":"pendiente"}},{"type":"Feature","geometry":{"type":"Point","coordinates":[-70.1702452,18.6667397]},"properties":{"id":"IGL-OSM-WAY-412488750","nombre":"Iglesia Tabernacul Evangelistico","categoria":"Iglesias debidamente incorporadas - candidatas","religion":"christian","denominacion":"evangelical","direccion":"Central","ciudad":"Villa Altagracia","municipio":"","provincia":"","telefono":"","website":"","osm_type":"way","osm_id":412488750,"osm_url":"https://www.openstreetmap.org/way/412488750","fuente":"OpenStreetMap","validada":false,"incorporada":"pendiente","incorporacion_verificada":false,"validacion_pgr_dgii":"pendiente"}},{"type":"Feature","geometry":{"type":"Point","coordinates":[-69.9947418,18.4874408]},"properties":{"id":"IGL-OSM-WAY-412595771","nombre":"Iglesia Tabernáculo Evangelístico","categoria":"Iglesias debidamente incorporadas - candidatas","religion":"","denominacion":"","direccion":"","ciudad":"","municipio":"","provincia":"","telefono":"","website":"","osm_type":"way","osm_id":412595771,"osm_url":"https://www.openstreetmap.org/way/412595771","fuente":"OpenStreetMap","validada":false,"incorporada":"pendiente","incorporacion_verificada":false,"validacion_pgr_dgii":"pendiente"}},{"type":"Feature","geometry":{"type":"Point","coordinates":[-69.9150126,18.5224986]},"properties":{"id":"IGL-OSM-WAY-408443934","nombre":"Iglesia Templo La Hermosa Pentecostal","categoria":"Iglesias debidamente incorporadas - candidatas","religion":"christian","denominacion":"","direccion":"Anacaona 20","ciudad":"","municipio":"","provincia":"","telefono":"","website":"","osm_type":"way","osm_id":408443934,"osm_url":"https://www.openstreetmap.org/way/408443934","fuente":"OpenStreetMap","validada":false,"incorporada":"pendiente","incorporacion_verificada":false,"validacion_pgr_dgii":"pendiente"}},{"type":"Feature","geometry":{"type":"Point","coordinates":[-70.5187724,19.2307032]},"properties":{"id":"IGL-OSM-NODE-2373867489","nombre":"Iglesia UCATECI","categoria":"Iglesias debidamente incorporadas - candidatas","religion":"christian","denominacion":"","direccion":"","ciudad":"","municipio":"","provincia":"","telefono":"","website":"","osm_type":"node","osm_id":2373867489,"osm_url":"https://www.openstreetmap.org/node/2373867489","fuente":"OpenStreetMap","validada":false,"incorporada":"pendiente","incorporacion_verificada":false,"validacion_pgr_dgii":"pendiente"}},{"type":"Feature","geometry":{"type":"Point","coordinates":[-69.9854111,18.4477671]},"properties":{"id":"IGL-OSM-NODE-5579332759","nombre":"Iglesia Universal","categoria":"Iglesias debidamente incorporadas - candidatas","religion":"christian","denominacion":"","direccion":"","ciudad":"","municipio":"","provincia":"","telefono":"","website":"","osm_type":"node","osm_id":5579332759,"osm_url":"https://www.openstreetmap.org/node/5579332759","fuente":"OpenStreetMap","validada":false,"incorporada":"pendiente","incorporacion_verificada":false,"validacion_pgr_dgii":"pendiente"}},{"type":"Feature","geometry":{"type":"Point","coordinates":[-71.3965384,17.803187]},"properties":{"id":"IGL-OSM-WAY-1299913840","nombre":"Iglesia Vida","categoria":"Iglesias debidamente incorporadas - candidatas","religion":"christian","denominacion":"protestant","direccion":"","ciudad":"","municipio":"","provincia":"","telefono":"","website":"","osm_type":"way","osm_id":1299913840,"osm_url":"https://www.openstreetmap.org/way/1299913840","fuente":"OpenStreetMap","validada":false,"incorporada":"pendiente","incorporacion_verificada":false,"validacion_pgr_dgii":"pendiente"}},{"type":"Feature","geometry":{"type":"Point","coordinates":[-70.5127568,19.2224852]},"properties":{"id":"IGL-OSM-NODE-1673940949","nombre":"Iglesia Villa Lora","categoria":"Iglesias debidamente incorporadas - candidatas","religion":"","denominacion":"","direccion":"","ciudad":"","municipio":"","provincia":"","telefono":"","website":"","osm_type":"node","osm_id":1673940949,"osm_url":"https://www.openstreetmap.org/node/1673940949","fuente":"OpenStreetMap","validada":false,"incorporada":"pendiente","incorporacion_verificada":false,"validacion_pgr_dgii":"pendiente"}},{"type":"Feature","geometry":{"type":"Point","coordinates":[-69.8195556,18.4980857]},"properties":{"id":"IGL-OSM-NODE-9132324792","nombre":"Iglesia Vision de Dios en Respaldo","categoria":"Iglesias debidamente incorporadas - candidatas","religion":"christian","denominacion":"","direccion":"","ciudad":"","municipio":"","provincia":"","telefono":"","website":"","osm_type":"node","osm_id":9132324792,"osm_url":"https://www.openstreetmap.org/node/9132324792","fuente":"OpenStreetMap","validada":false,"incorporada":"pendiente","incorporacion_verificada":false,"validacion_pgr_dgii":"pendiente"}},{"type":"Feature","geometry":{"type":"Point","coordinates":[-69.9749742,18.506967]},"properties":{"id":"IGL-OSM-WAY-410314885","nombre":"Iglesia_de_Dios","categoria":"Iglesias debidamente incorporadas - candidatas","religion":"christian","denominacion":"pentecostal","direccion":"Avenida República de Colombia","ciudad":"","municipio":"","provincia":"","telefono":"","website":"","osm_type":"way","osm_id":410314885,"osm_url":"https://www.openstreetmap.org/way/410314885","fuente":"OpenStreetMap","validada":false,"incorporada":"pendiente","incorporacion_verificada":false,"validacion_pgr_dgii":"pendiente"}},{"type":"Feature","geometry":{"type":"Point","coordinates":[-70.2787537,18.9074293]},"properties":{"id":"IGL-OSM-NODE-2362024861","nombre":"Iglesía Católica","categoria":"Iglesias debidamente incorporadas - candidatas","religion":"christian","denominacion":"","direccion":"","ciudad":"","municipio":"","provincia":"","telefono":"","website":"","osm_type":"node","osm_id":2362024861,"osm_url":"https://www.openstreetmap.org/node/2362024861","fuente":"OpenStreetMap","validada":false,"incorporada":"pendiente","incorporacion_verificada":false,"validacion_pgr_dgii":"pendiente"}},{"type":"Feature","geometry":{"type":"Point","coordinates":[-71.268726,18.3546598]},"properties":{"id":"IGL-OSM-NODE-1401190694","nombre":"Iglisia de Dios pentecostal","categoria":"Iglesias debidamente incorporadas - candidatas","religion":"christian","denominacion":"protestant","direccion":"","ciudad":"","municipio":"","provincia":"","telefono":"","website":"","osm_type":"node","osm_id":1401190694,"osm_url":"https://www.openstreetmap.org/node/1401190694","fuente":"OpenStreetMap","validada":false,"incorporada":"pendiente","incorporacion_verificada":false,"validacion_pgr_dgii":"pendiente"}},{"type":"Feature","geometry":{"type":"Point","coordinates":[-71.2687143,18.3546633]},"properties":{"id":"IGL-OSM-WAY-126388115","nombre":"Iglisia de Dios pentecostal","categoria":"Iglesias debidamente incorporadas - candidatas","religion":"christian","denominacion":"protestant","direccion":"","ciudad":"","municipio":"","provincia":"","telefono":"","website":"","osm_type":"way","osm_id":126388115,"osm_url":"https://www.openstreetmap.org/way/126388115","fuente":"OpenStreetMap","validada":false,"incorporada":"pendiente","incorporacion_verificada":false,"validacion_pgr_dgii":"pendiente"}},{"type":"Feature","geometry":{"type":"Point","coordinates":[-70.9613286,19.8915014]},"properties":{"id":"IGL-OSM-NODE-1593025357","nombre":"Iiglesia San Isidro","categoria":"Iglesias debidamente incorporadas - candidatas","religion":"christian","denominacion":"catholic","direccion":"","ciudad":"","municipio":"","provincia":"","telefono":"","website":"","osm_type":"node","osm_id":1593025357,"osm_url":"https://www.openstreetmap.org/node/1593025357","fuente":"OpenStreetMap","validada":false,"incorporada":"pendiente","incorporacion_verificada":false,"validacion_pgr_dgii":"pendiente"}},{"type":"Feature","geometry":{"type":"Point","coordinates":[-69.809562,18.515616]},"properties":{"id":"IGL-OSM-NODE-5545193525","nombre":"IMAC Monte de los Olivos","categoria":"Iglesias debidamente incorporadas - candidatas","religion":"","denominacion":"","direccion":"","ciudad":"","municipio":"","provincia":"","telefono":"","website":"","osm_type":"node","osm_id":5545193525,"osm_url":"https://www.openstreetmap.org/node/5545193525","fuente":"OpenStreetMap","validada":false,"incorporada":"pendiente","incorporacion_verificada":false,"validacion_pgr_dgii":"pendiente"}},{"type":"Feature","geometry":{"type":"Point","coordinates":[-69.9109888,18.5312815]},"properties":{"id":"IGL-OSM-WAY-408679531","nombre":"Inc-Iglesia Liberación","categoria":"Iglesias debidamente incorporadas - candidatas","religion":"christian","denominacion":"","direccion":"","ciudad":"","municipio":"","provincia":"","telefono":"","website":"","osm_type":"way","osm_id":408679531,"osm_url":"https://www.openstreetmap.org/way/408679531","fuente":"OpenStreetMap","validada":false,"incorporada":"pendiente","incorporacion_verificada":false,"validacion_pgr_dgii":"pendiente"}},{"type":"Feature","geometry":{"type":"Point","coordinates":[-69.8916371,18.4988825]},"properties":{"id":"IGL-OSM-WAY-410662770","nombre":"Jesucristo Es El Señor Universal","categoria":"Iglesias debidamente incorporadas - candidatas","religion":"christian","denominacion":"","direccion":"Avenida Padre Castellanos Calle 17","ciudad":"","municipio":"","provincia":"","telefono":"","website":"","osm_type":"way","osm_id":410662770,"osm_url":"https://www.openstreetmap.org/way/410662770","fuente":"OpenStreetMap","validada":false,"incorporada":"pendiente","incorporacion_verificada":false,"validacion_pgr_dgii":"pendiente"}},{"type":"Feature","geometry":{"type":"Point","coordinates":[-69.8153939,18.5086655]},"properties":{"id":"IGL-OSM-WAY-999990230","nombre":"Jesucristo fuente de amor","categoria":"Iglesias debidamente incorporadas - candidatas","religion":"christian","denominacion":"","direccion":"","ciudad":"","municipio":"","provincia":"","telefono":"","website":"","osm_type":"way","osm_id":999990230,"osm_url":"https://www.openstreetmap.org/way/999990230","fuente":"OpenStreetMap","validada":false,"incorporada":"pendiente","incorporacion_verificada":false,"validacion_pgr_dgii":"pendiente"}},{"type":"Feature","geometry":{"type":"Point","coordinates":[-68.4248606,18.6894241]},"properties":{"id":"IGL-OSM-WAY-309369196","nombre":"Jesús Maestro","categoria":"Iglesias debidamente incorporadas - candidatas","religion":"christian","denominacion":"catholic","direccion":"","ciudad":"","municipio":"","provincia":"","telefono":"","website":"","osm_type":"way","osm_id":309369196,"osm_url":"https://www.openstreetmap.org/way/309369196","fuente":"OpenStreetMap","validada":false,"incorporada":"pendiente","incorporacion_verificada":false,"validacion_pgr_dgii":"pendiente"}},{"type":"Feature","geometry":{"type":"Point","coordinates":[-69.940373,18.4437769]},"properties":{"id":"IGL-OSM-NODE-3016581517","nombre":"Kehila B'nei El Jai","categoria":"Iglesias debidamente incorporadas - candidatas","religion":"jewish","denominacion":"Mesianic Judaism","direccion":"","ciudad":"","municipio":"","provincia":"","telefono":"","website":"","osm_type":"node","osm_id":3016581517,"osm_url":"https://www.openstreetmap.org/node/3016581517","fuente":"OpenStreetMap","validada":false,"incorporada":"pendiente","incorporacion_verificada":false,"validacion_pgr_dgii":"pendiente"}},{"type":"Feature","geometry":{"type":"Point","coordinates":[-69.9493234,18.440034]},"properties":{"id":"IGL-OSM-NODE-2242457930","nombre":"Kindon Hall","categoria":"Iglesias debidamente incorporadas - candidatas","religion":"","denominacion":"jehovahs_witness","direccion":"Calle 7ma 5","ciudad":"Santo Domingo","municipio":"","provincia":"","telefono":"","website":"","osm_type":"node","osm_id":2242457930,"osm_url":"https://www.openstreetmap.org/node/2242457930","fuente":"OpenStreetMap","validada":false,"incorporada":"pendiente","incorporacion_verificada":false,"validacion_pgr_dgii":"pendiente"}},{"type":"Feature","geometry":{"type":"Point","coordinates":[-70.1094973,18.4051854]},"properties":{"id":"IGL-OSM-WAY-414285521","nombre":"La Biblia Abierta","categoria":"Iglesias debidamente incorporadas - candidatas","religion":"christian","denominacion":"","direccion":"Calle José Martí","ciudad":"San Cristóbal","municipio":"","provincia":"","telefono":"","website":"","osm_type":"way","osm_id":414285521,"osm_url":"https://www.openstreetmap.org/way/414285521","fuente":"OpenStreetMap","validada":false,"incorporada":"pendiente","incorporacion_verificada":false,"validacion_pgr_dgii":"pendiente"}},{"type":"Feature","geometry":{"type":"Point","coordinates":[-70.5485133,19.5115852]},"properties":{"id":"IGL-OSM-NODE-4206032774","nombre":"La Capilla","categoria":"Iglesias debidamente incorporadas - candidatas","religion":"christian","denominacion":"","direccion":"","ciudad":"","municipio":"","provincia":"","telefono":"","website":"","osm_type":"node","osm_id":4206032774,"osm_url":"https://www.openstreetmap.org/node/4206032774","fuente":"OpenStreetMap","validada":false,"incorporada":"pendiente","incorporacion_verificada":false,"validacion_pgr_dgii":"pendiente"}},{"type":"Feature","geometry":{"type":"Point","coordinates":[-70.2777093,19.3064975]},"properties":{"id":"IGL-OSM-WAY-661604984","nombre":"La Casa Del Sacerdote","categoria":"Iglesias debidamente incorporadas - candidatas","religion":"","denominacion":"","direccion":"Avenida Presidente Caamaño","ciudad":"San Francisco de Macoris","municipio":"","provincia":"","telefono":"","website":"","osm_type":"way","osm_id":661604984,"osm_url":"https://www.openstreetmap.org/way/661604984","fuente":"OpenStreetMap","validada":false,"incorporada":"pendiente","incorporacion_verificada":false,"validacion_pgr_dgii":"pendiente"}},{"type":"Feature","geometry":{"type":"Point","coordinates":[-69.892147,18.5297832]},"properties":{"id":"IGL-OSM-WAY-408879088","nombre":"La Gloria","categoria":"Iglesias debidamente incorporadas - candidatas","religion":"christian","denominacion":"","direccion":"","ciudad":"","municipio":"","provincia":"","telefono":"","website":"","osm_type":"way","osm_id":408879088,"osm_url":"https://www.openstreetmap.org/way/408879088","fuente":"OpenStreetMap","validada":false,"incorporada":"pendiente","incorporacion_verificada":false,"validacion_pgr_dgii":"pendiente"}},{"type":"Feature","geometry":{"type":"Point","coordinates":[-69.8067079,18.4945033]},"properties":{"id":"IGL-OSM-NODE-4115136455","nombre":"La Iglesa de Jesucristo delos Santos delos Puntimos Dias","categoria":"Iglesias debidamente incorporadas - candidatas","religion":"","denominacion":"","direccion":"","ciudad":"","municipio":"","provincia":"","telefono":"","website":"","osm_type":"node","osm_id":4115136455,"osm_url":"https://www.openstreetmap.org/node/4115136455","fuente":"OpenStreetMap","validada":false,"incorporada":"pendiente","incorporacion_verificada":false,"validacion_pgr_dgii":"pendiente"}},{"type":"Feature","geometry":{"type":"Point","coordinates":[-69.2020975,19.2842282]},"properties":{"id":"IGL-OSM-NODE-4987247130","nombre":"La iglesia de Dios de la Profecía","categoria":"Iglesias debidamente incorporadas - candidatas","religion":"","denominacion":"","direccion":"","ciudad":"","municipio":"","provincia":"","telefono":"","website":"","osm_type":"node","osm_id":4987247130,"osm_url":"https://www.openstreetmap.org/node/4987247130","fuente":"OpenStreetMap","validada":false,"incorporada":"pendiente","incorporacion_verificada":false,"validacion_pgr_dgii":"pendiente"}},{"type":"Feature","geometry":{"type":"Point","coordinates":[-69.9501948,18.4631821]},"properties":{"id":"IGL-OSM-WAY-1165151878","nombre":"La Iglesia de Jesucristo de los Santos de los Ultimos Dias","categoria":"Iglesias debidamente incorporadas - candidatas","religion":"christian","denominacion":"mormon","direccion":"","ciudad":"","municipio":"","provincia":"","telefono":"","website":"","osm_type":"way","osm_id":1165151878,"osm_url":"https://www.openstreetmap.org/way/1165151878","fuente":"OpenStreetMap","validada":false,"incorporada":"pendiente","incorporacion_verificada":false,"validacion_pgr_dgii":"pendiente"}},{"type":"Feature","geometry":{"type":"Point","coordinates":[-70.696392,19.4362533]},"properties":{"id":"IGL-OSM-WAY-629637022","nombre":"La Iglesia De Jesucristo de Los Santos de Los Ultimos Dias (Nibaje)","categoria":"Iglesias debidamente incorporadas - candidatas","religion":"","denominacion":"","direccion":"Calle 3 Villa Jagua","ciudad":"Santiago De Los Caballeros","municipio":"","provincia":"","telefono":"","website":"","osm_type":"way","osm_id":629637022,"osm_url":"https://www.openstreetmap.org/way/629637022","fuente":"OpenStreetMap","validada":false,"incorporada":"pendiente","incorporacion_verificada":false,"validacion_pgr_dgii":"pendiente"}},{"type":"Feature","geometry":{"type":"Point","coordinates":[-70.6879975,19.4278271]},"properties":{"id":"IGL-OSM-NODE-4061704939","nombre":"La Iglesia de Jesucristo de los Santos de los Últimos Días","categoria":"Iglesias debidamente incorporadas - candidatas","religion":"christian","denominacion":"mormon","direccion":"","ciudad":"","municipio":"","provincia":"","telefono":"","website":"","osm_type":"node","osm_id":4061704939,"osm_url":"https://www.openstreetmap.org/node/4061704939","fuente":"OpenStreetMap","validada":false,"incorporada":"pendiente","incorporacion_verificada":false,"validacion_pgr_dgii":"pendiente"}},{"type":"Feature","geometry":{"type":"Point","coordinates":[-69.8129575,18.5102811]},"properties":{"id":"IGL-OSM-WAY-1012811777","nombre":"La Iglesia de Jesucristo de los Santos de los Últimos Días","categoria":"Iglesias debidamente incorporadas - candidatas","religion":"christian","denominacion":"mormon","direccion":"Calle 8, la toronja","ciudad":"Santo Domingo Este","municipio":"","provincia":"","telefono":"","website":"","osm_type":"way","osm_id":1012811777,"osm_url":"https://www.openstreetmap.org/way/1012811777","fuente":"OpenStreetMap","validada":false,"incorporada":"pendiente","incorporacion_verificada":false,"validacion_pgr_dgii":"pendiente"}},{"type":"Feature","geometry":{"type":"Point","coordinates":[-69.8291746,18.5113888]},"properties":{"id":"IGL-OSM-WAY-1012940657","nombre":"La Iglesia de Jesucristo de los Santos de los Últimos Días","categoria":"Iglesias debidamente incorporadas - candidatas","religion":"christian","denominacion":"mormon","direccion":"Calle Primera","ciudad":"Santo Domingo este","municipio":"","provincia":"","telefono":"","website":"https://www.veniracristo.org","osm_type":"way","osm_id":1012940657,"osm_url":"https://www.openstreetmap.org/way/1012940657","fuente":"OpenStreetMap","validada":false,"incorporada":"pendiente","incorporacion_verificada":false,"validacion_pgr_dgii":"pendiente"}},{"type":"Feature","geometry":{"type":"Point","coordinates":[-71.4163904,18.4864044]},"properties":{"id":"IGL-OSM-WAY-1183011537","nombre":"La Iglesia de Jesucristo de los Santos de los Últimos Días","categoria":"Iglesias debidamente incorporadas - candidatas","religion":"christian","denominacion":"","direccion":"Avenida Capotillo","ciudad":"Neiba","municipio":"","provincia":"","telefono":"","website":"","osm_type":"way","osm_id":1183011537,"osm_url":"https://www.openstreetmap.org/way/1183011537","fuente":"OpenStreetMap","validada":false,"incorporada":"pendiente","incorporacion_verificada":false,"validacion_pgr_dgii":"pendiente"}},{"type":"Feature","geometry":{"type":"Point","coordinates":[-68.4147378,18.5976464]},"properties":{"id":"IGL-OSM-WAY-1504185026","nombre":"La Iglesia de Jesucristo de los Santos de los Últimos Días","categoria":"Iglesias debidamente incorporadas - candidatas","religion":"christian","denominacion":"","direccion":"","ciudad":"","municipio":"","provincia":"","telefono":"","website":"","osm_type":"way","osm_id":1504185026,"osm_url":"https://www.openstreetmap.org/way/1504185026","fuente":"OpenStreetMap","validada":false,"incorporada":"pendiente","incorporacion_verificada":false,"validacion_pgr_dgii":"pendiente"}},{"type":"Feature","geometry":{"type":"Point","coordinates":[-69.8984358,18.4710381]},"properties":{"id":"IGL-OSM-WAY-177368657","nombre":"La Iglesia de Jesucristo de los Santos de los Últimos Días","categoria":"Iglesias debidamente incorporadas - candidatas","religion":"christian","denominacion":"mormon","direccion":"Avenida Simón Bolivar","ciudad":"Santo Domingo","municipio":"","provincia":"","telefono":"","website":"","osm_type":"way","osm_id":177368657,"osm_url":"https://www.openstreetmap.org/way/177368657","fuente":"OpenStreetMap","validada":false,"incorporada":"pendiente","incorporacion_verificada":false,"validacion_pgr_dgii":"pendiente"}},{"type":"Feature","geometry":{"type":"Point","coordinates":[-70.9894383,19.5815969]},"properties":{"id":"IGL-OSM-WAY-222970050","nombre":"La Iglesia de Jesucristo de los Santos de los Últimos Días","categoria":"Iglesias debidamente incorporadas - candidatas","religion":"christian","denominacion":"","direccion":"Calle Ramón Matías Mella","ciudad":"Esperanza","municipio":"","provincia":"","telefono":"","website":"","osm_type":"way","osm_id":222970050,"osm_url":"https://www.openstreetmap.org/way/222970050","fuente":"OpenStreetMap","validada":false,"incorporada":"pendiente","incorporacion_verificada":false,"validacion_pgr_dgii":"pendiente"}},{"type":"Feature","geometry":{"type":"Point","coordinates":[-69.9303638,18.4505065]},"properties":{"id":"IGL-OSM-WAY-404166624","nombre":"La Iglesia de Jesucristo de los Santos de los Últimos Días","categoria":"Iglesias debidamente incorporadas - candidatas","religion":"christian","denominacion":"mormon","direccion":"Calle B","ciudad":"Santo Domingo","municipio":"","provincia":"","telefono":"","website":"","osm_type":"way","osm_id":404166624,"osm_url":"https://www.openstreetmap.org/way/404166624","fuente":"OpenStreetMap","validada":false,"incorporada":"pendiente","incorporacion_verificada":false,"validacion_pgr_dgii":"pendiente"}},{"type":"Feature","geometry":{"type":"Point","coordinates":[-69.9788196,18.4650191]},"properties":{"id":"IGL-OSM-WAY-404175119","nombre":"La Iglesia de Jesucristo de los Santos de los Últimos Días","categoria":"Iglesias debidamente incorporadas - candidatas","religion":"christian","denominacion":"mormon","direccion":"Calle San Anton","ciudad":"","municipio":"","provincia":"","telefono":"","website":"","osm_type":"way","osm_id":404175119,"osm_url":"https://www.openstreetmap.org/way/404175119","fuente":"OpenStreetMap","validada":false,"incorporada":"pendiente","incorporacion_verificada":false,"validacion_pgr_dgii":"pendiente"}},{"type":"Feature","geometry":{"type":"Point","coordinates":[-69.9673591,18.4751799]},"properties":{"id":"IGL-OSM-WAY-404175276","nombre":"La Iglesia de Jesucristo de los Santos de los Últimos Días","categoria":"Iglesias debidamente incorporadas - candidatas","religion":"christian","denominacion":"mormon","direccion":"Avenida Luperón","ciudad":"","municipio":"","provincia":"","telefono":"","website":"","osm_type":"way","osm_id":404175276,"osm_url":"https://www.openstreetmap.org/way/404175276","fuente":"OpenStreetMap","validada":false,"incorporada":"pendiente","incorporacion_verificada":false,"validacion_pgr_dgii":"pendiente"}},{"type":"Feature","geometry":{"type":"Point","coordinates":[-70.7048088,19.441278]},"properties":{"id":"IGL-OSM-WAY-407748618","nombre":"La Iglesia de Jesucristo de los Santos de los Últimos Días","categoria":"Iglesias debidamente incorporadas - candidatas","religion":"christian","denominacion":"mormon","direccion":"","ciudad":"","municipio":"","provincia":"","telefono":"","website":"","osm_type":"way","osm_id":407748618,"osm_url":"https://www.openstreetmap.org/way/407748618","fuente":"OpenStreetMap","validada":false,"incorporada":"pendiente","incorporacion_verificada":false,"validacion_pgr_dgii":"pendiente"}},{"type":"Feature","geometry":{"type":"Point","coordinates":[-70.6786865,19.4285879]},"properties":{"id":"IGL-OSM-WAY-408043266","nombre":"La Iglesia de Jesucristo de los Santos de los Últimos Días","categoria":"Iglesias debidamente incorporadas - candidatas","religion":"christian","denominacion":"mormon","direccion":"Carretera Hato Mayor","ciudad":"","municipio":"","provincia":"","telefono":"","website":"","osm_type":"way","osm_id":408043266,"osm_url":"https://www.openstreetmap.org/way/408043266","fuente":"OpenStreetMap","validada":false,"incorporada":"pendiente","incorporacion_verificada":false,"validacion_pgr_dgii":"pendiente"}},{"type":"Feature","geometry":{"type":"Point","coordinates":[-70.7103929,19.4584658]},"properties":{"id":"IGL-OSM-WAY-408408127","nombre":"La Iglesia de Jesucristo de los Santos de los Últimos Días","categoria":"Iglesias debidamente incorporadas - candidatas","religion":"christian","denominacion":"","direccion":"Avenida Imbert","ciudad":"Santiago de los Caballeros","municipio":"","provincia":"","telefono":"","website":"","osm_type":"way","osm_id":408408127,"osm_url":"https://www.openstreetmap.org/way/408408127","fuente":"OpenStreetMap","validada":false,"incorporada":"pendiente","incorporacion_verificada":false,"validacion_pgr_dgii":"pendiente"}},{"type":"Feature","geometry":{"type":"Point","coordinates":[-70.6743553,19.4580247]},"properties":{"id":"IGL-OSM-WAY-410321199","nombre":"La Iglesia de Jesucristo de los Santos de los Últimos Días","categoria":"Iglesias debidamente incorporadas - candidatas","religion":"christian","denominacion":"mormon","direccion":"","ciudad":"","municipio":"","provincia":"","telefono":"","website":"","osm_type":"way","osm_id":410321199,"osm_url":"https://www.openstreetmap.org/way/410321199","fuente":"OpenStreetMap","validada":false,"incorporada":"pendiente","incorporacion_verificada":false,"validacion_pgr_dgii":"pendiente"}},{"type":"Feature","geometry":{"type":"Point","coordinates":[-69.996122,18.4645721]},"properties":{"id":"IGL-OSM-WAY-412328601","nombre":"La Iglesia de Jesucristo de los Santos de los Últimos Días","categoria":"Iglesias debidamente incorporadas - candidatas","religion":"christian","denominacion":"","direccion":"","ciudad":"","municipio":"","provincia":"","telefono":"","website":"","osm_type":"way","osm_id":412328601,"osm_url":"https://www.openstreetmap.org/way/412328601","fuente":"OpenStreetMap","validada":false,"incorporada":"pendiente","incorporacion_verificada":false,"validacion_pgr_dgii":"pendiente"}},{"type":"Feature","geometry":{"type":"Point","coordinates":[-70.6662208,19.409648]},"properties":{"id":"IGL-OSM-NODE-7778243386","nombre":"Laguna prieta","categoria":"Iglesias debidamente incorporadas - candidatas","religion":"","denominacion":"","direccion":"","ciudad":"","municipio":"","provincia":"","telefono":"","website":"","osm_type":"node","osm_id":7778243386,"osm_url":"https://www.openstreetmap.org/node/7778243386","fuente":"OpenStreetMap","validada":false,"incorporada":"pendiente","incorporacion_verificada":false,"validacion_pgr_dgii":"pendiente"}},{"type":"Feature","geometry":{"type":"Point","coordinates":[-70.4106577,18.936299]},"properties":{"id":"IGL-OSM-WAY-222822179","nombre":"Lds Church","categoria":"Iglesias debidamente incorporadas - candidatas","religion":"christian","denominacion":"mormon","direccion":"30 de Mayo","ciudad":"Bonao","municipio":"","provincia":"","telefono":"","website":"","osm_type":"way","osm_id":222822179,"osm_url":"https://www.openstreetmap.org/way/222822179","fuente":"OpenStreetMap","validada":false,"incorporada":"pendiente","incorporacion_verificada":false,"validacion_pgr_dgii":"pendiente"}},{"type":"Feature","geometry":{"type":"Point","coordinates":[-70.0169184,18.5201871]},"properties":{"id":"IGL-OSM-WAY-414240473","nombre":"Lds Church","categoria":"Iglesias debidamente incorporadas - candidatas","religion":"christian","denominacion":"cm","direccion":"Progreso","ciudad":"Los Alcarrizos","municipio":"","provincia":"","telefono":"","website":"","osm_type":"way","osm_id":414240473,"osm_url":"https://www.openstreetmap.org/way/414240473","fuente":"OpenStreetMap","validada":false,"incorporada":"pendiente","incorporacion_verificada":false,"validacion_pgr_dgii":"pendiente"}},{"type":"Feature","geometry":{"type":"Point","coordinates":[-71.7256897,18.1906847]},"properties":{"id":"IGL-OSM-NODE-10873811127","nombre":"Lugar de culto sin nombre","categoria":"Iglesias debidamente incorporadas - candidatas","religion":"christian","denominacion":"","direccion":"","ciudad":"","municipio":"","provincia":"","telefono":"","website":"","osm_type":"node","osm_id":10873811127,"osm_url":"https://www.openstreetmap.org/node/10873811127","fuente":"OpenStreetMap","validada":false,"incorporada":"pendiente","incorporacion_verificada":false,"validacion_pgr_dgii":"pendiente"}},{"type":"Feature","geometry":{"type":"Point","coordinates":[-70.8555061,19.3354784]},"properties":{"id":"IGL-OSM-NODE-11367323466","nombre":"Lugar de culto sin nombre","categoria":"Iglesias debidamente incorporadas - candidatas","religion":"christian","denominacion":"catholic","direccion":"","ciudad":"","municipio":"","provincia":"","telefono":"","website":"","osm_type":"node","osm_id":11367323466,"osm_url":"https://www.openstreetmap.org/node/11367323466","fuente":"OpenStreetMap","validada":false,"incorporada":"pendiente","incorporacion_verificada":false,"validacion_pgr_dgii":"pendiente"}},{"type":"Feature","geometry":{"type":"Point","coordinates":[-71.6472708,18.1240997]},"properties":{"id":"IGL-OSM-NODE-11559901549","nombre":"Lugar de culto sin nombre","categoria":"Iglesias debidamente incorporadas - candidatas","religion":"christian","denominacion":"","direccion":"","ciudad":"","municipio":"","provincia":"","telefono":"","website":"","osm_type":"node","osm_id":11559901549,"osm_url":"https://www.openstreetmap.org/node/11559901549","fuente":"OpenStreetMap","validada":false,"incorporada":"pendiente","incorporacion_verificada":false,"validacion_pgr_dgii":"pendiente"}},{"type":"Feature","geometry":{"type":"Point","coordinates":[-71.6656454,18.1272794]},"properties":{"id":"IGL-OSM-NODE-11674060427","nombre":"Lugar de culto sin nombre","categoria":"Iglesias debidamente incorporadas - candidatas","religion":"christian","denominacion":"","direccion":"","ciudad":"","municipio":"","provincia":"","telefono":"","website":"","osm_type":"node","osm_id":11674060427,"osm_url":"https://www.openstreetmap.org/node/11674060427","fuente":"OpenStreetMap","validada":false,"incorporada":"pendiente","incorporacion_verificada":false,"validacion_pgr_dgii":"pendiente"}},{"type":"Feature","geometry":{"type":"Point","coordinates":[-71.6657406,18.0876229]},"properties":{"id":"IGL-OSM-NODE-11674060428","nombre":"Lugar de culto sin nombre","categoria":"Iglesias debidamente incorporadas - candidatas","religion":"christian","denominacion":"","direccion":"","ciudad":"","municipio":"","provincia":"","telefono":"","website":"","osm_type":"node","osm_id":11674060428,"osm_url":"https://www.openstreetmap.org/node/11674060428","fuente":"OpenStreetMap","validada":false,"incorporada":"pendiente","incorporacion_verificada":false,"validacion_pgr_dgii":"pendiente"}},{"type":"Feature","geometry":{"type":"Point","coordinates":[-68.7194773,18.6125289]},"properties":{"id":"IGL-OSM-NODE-13062372196","nombre":"Lugar de culto sin nombre","categoria":"Iglesias debidamente incorporadas - candidatas","religion":"","denominacion":"","direccion":"","ciudad":"","municipio":"","provincia":"","telefono":"","website":"","osm_type":"node","osm_id":13062372196,"osm_url":"https://www.openstreetmap.org/node/13062372196","fuente":"OpenStreetMap","validada":false,"incorporada":"pendiente","incorporacion_verificada":false,"validacion_pgr_dgii":"pendiente"}},{"type":"Feature","geometry":{"type":"Point","coordinates":[-70.1621601,18.3919105]},"properties":{"id":"IGL-OSM-NODE-14116172092","nombre":"Lugar de culto sin nombre","categoria":"Iglesias debidamente incorporadas - candidatas","religion":"christian","denominacion":"seventh_day_adventist","direccion":"","ciudad":"","municipio":"","provincia":"","telefono":"","website":"","osm_type":"node","osm_id":14116172092,"osm_url":"https://www.openstreetmap.org/node/14116172092","fuente":"OpenStreetMap","validada":false,"incorporada":"pendiente","incorporacion_verificada":false,"validacion_pgr_dgii":"pendiente"}},{"type":"Feature","geometry":{"type":"Point","coordinates":[-69.5436059,19.3069761]},"properties":{"id":"IGL-OSM-NODE-1645804862","nombre":"Lugar de culto sin nombre","categoria":"Iglesias debidamente incorporadas - candidatas","religion":"christian","denominacion":"","direccion":"","ciudad":"","municipio":"","provincia":"","telefono":"","website":"","osm_type":"node","osm_id":1645804862,"osm_url":"https://www.openstreetmap.org/node/1645804862","fuente":"OpenStreetMap","validada":false,"incorporada":"pendiente","incorporacion_verificada":false,"validacion_pgr_dgii":"pendiente"}},{"type":"Feature","geometry":{"type":"Point","coordinates":[-70.733375,18.4531478]},"properties":{"id":"IGL-OSM-NODE-2006030802","nombre":"Lugar de culto sin nombre","categoria":"Iglesias debidamente incorporadas - candidatas","religion":"christian","denominacion":"catholic","direccion":"","ciudad":"","municipio":"","provincia":"","telefono":"","website":"","osm_type":"node","osm_id":2006030802,"osm_url":"https://www.openstreetmap.org/node/2006030802","fuente":"OpenStreetMap","validada":false,"incorporada":"pendiente","incorporacion_verificada":false,"validacion_pgr_dgii":"pendiente"}},{"type":"Feature","geometry":{"type":"Point","coordinates":[-69.5412702,19.3144271]},"properties":{"id":"IGL-OSM-NODE-2088804769","nombre":"Lugar de culto sin nombre","categoria":"Iglesias debidamente incorporadas - candidatas","religion":"christian","denominacion":"","direccion":"99","ciudad":"","municipio":"","provincia":"","telefono":"","website":"","osm_type":"node","osm_id":2088804769,"osm_url":"https://www.openstreetmap.org/node/2088804769","fuente":"OpenStreetMap","validada":false,"incorporada":"pendiente","incorporacion_verificada":false,"validacion_pgr_dgii":"pendiente"}},{"type":"Feature","geometry":{"type":"Point","coordinates":[-70.8340612,18.4590303]},"properties":{"id":"IGL-OSM-NODE-2316203711","nombre":"Lugar de culto sin nombre","categoria":"Iglesias debidamente incorporadas - candidatas","religion":"christian","denominacion":"mormon","direccion":"","ciudad":"","municipio":"","provincia":"","telefono":"","website":"","osm_type":"node","osm_id":2316203711,"osm_url":"https://www.openstreetmap.org/node/2316203711","fuente":"OpenStreetMap","validada":false,"incorporada":"pendiente","incorporacion_verificada":false,"validacion_pgr_dgii":"pendiente"}},{"type":"Feature","geometry":{"type":"Point","coordinates":[-70.7820188,18.4464009]},"properties":{"id":"IGL-OSM-NODE-2317310796","nombre":"Lugar de culto sin nombre","categoria":"Iglesias debidamente incorporadas - candidatas","religion":"christian","denominacion":"catholic","direccion":"","ciudad":"","municipio":"","provincia":"","telefono":"","website":"","osm_type":"node","osm_id":2317310796,"osm_url":"https://www.openstreetmap.org/node/2317310796","fuente":"OpenStreetMap","validada":false,"incorporada":"pendiente","incorporacion_verificada":false,"validacion_pgr_dgii":"pendiente"}},{"type":"Feature","geometry":{"type":"Point","coordinates":[-70.8316834,18.4618835]},"properties":{"id":"IGL-OSM-NODE-2320568915","nombre":"Lugar de culto sin nombre","categoria":"Iglesias debidamente incorporadas - candidatas","religion":"christian","denominacion":"evangelical","direccion":"","ciudad":"","municipio":"","provincia":"","telefono":"","website":"","osm_type":"node","osm_id":2320568915,"osm_url":"https://www.openstreetmap.org/node/2320568915","fuente":"OpenStreetMap","validada":false,"incorporada":"pendiente","incorporacion_verificada":false,"validacion_pgr_dgii":"pendiente"}},{"type":"Feature","geometry":{"type":"Point","coordinates":[-70.9034132,18.3240213]},"properties":{"id":"IGL-OSM-NODE-2327037876","nombre":"Lugar de culto sin nombre","categoria":"Iglesias debidamente incorporadas - candidatas","religion":"christian","denominacion":"catholic","direccion":"","ciudad":"","municipio":"","provincia":"","telefono":"","website":"","osm_type":"node","osm_id":2327037876,"osm_url":"https://www.openstreetmap.org/node/2327037876","fuente":"OpenStreetMap","validada":false,"incorporada":"pendiente","incorporacion_verificada":false,"validacion_pgr_dgii":"pendiente"}},{"type":"Feature","geometry":{"type":"Point","coordinates":[-71.499769,19.7010549]},"properties":{"id":"IGL-OSM-NODE-2846622741","nombre":"Lugar de culto sin nombre","categoria":"Iglesias debidamente incorporadas - candidatas","religion":"","denominacion":"","direccion":"","ciudad":"","municipio":"","provincia":"","telefono":"","website":"","osm_type":"node","osm_id":2846622741,"osm_url":"https://www.openstreetmap.org/node/2846622741","fuente":"OpenStreetMap","validada":false,"incorporada":"pendiente","incorporacion_verificada":false,"validacion_pgr_dgii":"pendiente"}},{"type":"Feature","geometry":{"type":"Point","coordinates":[-69.7329924,18.5203684]},"properties":{"id":"IGL-OSM-NODE-3167906653","nombre":"Lugar de culto sin nombre","categoria":"Iglesias debidamente incorporadas - candidatas","religion":"christian","denominacion":"","direccion":"","ciudad":"","municipio":"","provincia":"","telefono":"","website":"","osm_type":"node","osm_id":3167906653,"osm_url":"https://www.openstreetmap.org/node/3167906653","fuente":"OpenStreetMap","validada":false,"incorporada":"pendiente","incorporacion_verificada":false,"validacion_pgr_dgii":"pendiente"}},{"type":"Feature","geometry":{"type":"Point","coordinates":[-68.7321149,18.1283496]},"properties":{"id":"IGL-OSM-NODE-3758021027","nombre":"Lugar de culto sin nombre","categoria":"Iglesias debidamente incorporadas - candidatas","religion":"christian","denominacion":"","direccion":"","ciudad":"","municipio":"","provincia":"","telefono":"","website":"","osm_type":"node","osm_id":3758021027,"osm_url":"https://www.openstreetmap.org/node/3758021027","fuente":"OpenStreetMap","validada":false,"incorporada":"pendiente","incorporacion_verificada":false,"validacion_pgr_dgii":"pendiente"}},{"type":"Feature","geometry":{"type":"Point","coordinates":[-69.861235,18.5155129]},"properties":{"id":"IGL-OSM-NODE-4769858321","nombre":"Lugar de culto sin nombre","categoria":"Iglesias debidamente incorporadas - candidatas","religion":"","denominacion":"","direccion":"","ciudad":"","municipio":"","provincia":"","telefono":"","website":"","osm_type":"node","osm_id":4769858321,"osm_url":"https://www.openstreetmap.org/node/4769858321","fuente":"OpenStreetMap","validada":false,"incorporada":"pendiente","incorporacion_verificada":false,"validacion_pgr_dgii":"pendiente"}},{"type":"Feature","geometry":{"type":"Point","coordinates":[-69.9662195,18.4976582]},"properties":{"id":"IGL-OSM-NODE-8363248026","nombre":"Lugar de culto sin nombre","categoria":"Iglesias debidamente incorporadas - candidatas","religion":"","denominacion":"","direccion":"","ciudad":"","municipio":"","provincia":"","telefono":"","website":"","osm_type":"node","osm_id":8363248026,"osm_url":"https://www.openstreetmap.org/node/8363248026","fuente":"OpenStreetMap","validada":false,"incorporada":"pendiente","incorporacion_verificada":false,"validacion_pgr_dgii":"pendiente"}},{"type":"Feature","geometry":{"type":"Point","coordinates":[-69.990786,18.4558504]},"properties":{"id":"IGL-OSM-RELATION-13439994","nombre":"Lugar de culto sin nombre","categoria":"Iglesias debidamente incorporadas - candidatas","religion":"","denominacion":"","direccion":"","ciudad":"","municipio":"","provincia":"","telefono":"","website":"","osm_type":"relation","osm_id":13439994,"osm_url":"https://www.openstreetmap.org/relation/13439994","fuente":"OpenStreetMap","validada":false,"incorporada":"pendiente","incorporacion_verificada":false,"validacion_pgr_dgii":"pendiente"}},{"type":"Feature","geometry":{"type":"Point","coordinates":[-69.8242147,18.5035265]},"properties":{"id":"IGL-OSM-WAY-1000966003","nombre":"Lugar de culto sin nombre","categoria":"Iglesias debidamente incorporadas - candidatas","religion":"","denominacion":"","direccion":"","ciudad":"","municipio":"","provincia":"","telefono":"","website":"","osm_type":"way","osm_id":1000966003,"osm_url":"https://www.openstreetmap.org/way/1000966003","fuente":"OpenStreetMap","validada":false,"incorporada":"pendiente","incorporacion_verificada":false,"validacion_pgr_dgii":"pendiente"}},{"type":"Feature","geometry":{"type":"Point","coordinates":[-69.9904744,18.4558415]},"properties":{"id":"IGL-OSM-WAY-1002421943","nombre":"Lugar de culto sin nombre","categoria":"Iglesias debidamente incorporadas - candidatas","religion":"","denominacion":"","direccion":"","ciudad":"","municipio":"","provincia":"","telefono":"","website":"","osm_type":"way","osm_id":1002421943,"osm_url":"https://www.openstreetmap.org/way/1002421943","fuente":"OpenStreetMap","validada":false,"incorporada":"pendiente","incorporacion_verificada":false,"validacion_pgr_dgii":"pendiente"}},{"type":"Feature","geometry":{"type":"Point","coordinates":[-69.9910025,18.4557889]},"properties":{"id":"IGL-OSM-WAY-1002421944","nombre":"Lugar de culto sin nombre","categoria":"Iglesias debidamente incorporadas - candidatas","religion":"","denominacion":"","direccion":"","ciudad":"","municipio":"","provincia":"","telefono":"","website":"","osm_type":"way","osm_id":1002421944,"osm_url":"https://www.openstreetmap.org/way/1002421944","fuente":"OpenStreetMap","validada":false,"incorporada":"pendiente","incorporacion_verificada":false,"validacion_pgr_dgii":"pendiente"}},{"type":"Feature","geometry":{"type":"Point","coordinates":[-69.8333568,18.5094009]},"properties":{"id":"IGL-OSM-WAY-1011470538","nombre":"Lugar de culto sin nombre","categoria":"Iglesias debidamente incorporadas - candidatas","religion":"","denominacion":"","direccion":"","ciudad":"","municipio":"","provincia":"","telefono":"","website":"","osm_type":"way","osm_id":1011470538,"osm_url":"https://www.openstreetmap.org/way/1011470538","fuente":"OpenStreetMap","validada":false,"incorporada":"pendiente","incorporacion_verificada":false,"validacion_pgr_dgii":"pendiente"}},{"type":"Feature","geometry":{"type":"Point","coordinates":[-69.8130935,18.510114]},"properties":{"id":"IGL-OSM-WAY-1012811778","nombre":"Lugar de culto sin nombre","categoria":"Iglesias debidamente incorporadas - candidatas","religion":"","denominacion":"","direccion":"","ciudad":"","municipio":"","provincia":"","telefono":"","website":"","osm_type":"way","osm_id":1012811778,"osm_url":"https://www.openstreetmap.org/way/1012811778","fuente":"OpenStreetMap","validada":false,"incorporada":"pendiente","incorporacion_verificada":false,"validacion_pgr_dgii":"pendiente"}},{"type":"Feature","geometry":{"type":"Point","coordinates":[-69.8131795,18.510237]},"properties":{"id":"IGL-OSM-WAY-1012811779","nombre":"Lugar de culto sin nombre","categoria":"Iglesias debidamente incorporadas - candidatas","religion":"","denominacion":"","direccion":"","ciudad":"","municipio":"","provincia":"","telefono":"","website":"","osm_type":"way","osm_id":1012811779,"osm_url":"https://www.openstreetmap.org/way/1012811779","fuente":"OpenStreetMap","validada":false,"incorporada":"pendiente","incorporacion_verificada":false,"validacion_pgr_dgii":"pendiente"}},{"type":"Feature","geometry":{"type":"Point","coordinates":[-69.8293332,18.5114022]},"properties":{"id":"IGL-OSM-WAY-1012940658","nombre":"Lugar de culto sin nombre","categoria":"Iglesias debidamente incorporadas - candidatas","religion":"","denominacion":"","direccion":"","ciudad":"","municipio":"","provincia":"","telefono":"","website":"","osm_type":"way","osm_id":1012940658,"osm_url":"https://www.openstreetmap.org/way/1012940658","fuente":"OpenStreetMap","validada":false,"incorporada":"pendiente","incorporacion_verificada":false,"validacion_pgr_dgii":"pendiente"}},{"type":"Feature","geometry":{"type":"Point","coordinates":[-69.8291697,18.5114358]},"properties":{"id":"IGL-OSM-WAY-1012940659","nombre":"Lugar de culto sin nombre","categoria":"Iglesias debidamente incorporadas - candidatas","religion":"","denominacion":"","direccion":"","ciudad":"","municipio":"","provincia":"","telefono":"","website":"","osm_type":"way","osm_id":1012940659,"osm_url":"https://www.openstreetmap.org/way/1012940659","fuente":"OpenStreetMap","validada":false,"incorporada":"pendiente","incorporacion_verificada":false,"validacion_pgr_dgii":"pendiente"}},{"type":"Feature","geometry":{"type":"Point","coordinates":[-69.8349118,18.4848658]},"properties":{"id":"IGL-OSM-WAY-1019245120","nombre":"Lugar de culto sin nombre","categoria":"Iglesias debidamente incorporadas - candidatas","religion":"","denominacion":"","direccion":"","ciudad":"","municipio":"","provincia":"","telefono":"","website":"","osm_type":"way","osm_id":1019245120,"osm_url":"https://www.openstreetmap.org/way/1019245120","fuente":"OpenStreetMap","validada":false,"incorporada":"pendiente","incorporacion_verificada":false,"validacion_pgr_dgii":"pendiente"}},{"type":"Feature","geometry":{"type":"Point","coordinates":[-69.8345338,18.4852748]},"properties":{"id":"IGL-OSM-WAY-1019245121","nombre":"Lugar de culto sin nombre","categoria":"Iglesias debidamente incorporadas - candidatas","religion":"","denominacion":"","direccion":"","ciudad":"","municipio":"","provincia":"","telefono":"","website":"","osm_type":"way","osm_id":1019245121,"osm_url":"https://www.openstreetmap.org/way/1019245121","fuente":"OpenStreetMap","validada":false,"incorporada":"pendiente","incorporacion_verificada":false,"validacion_pgr_dgii":"pendiente"}},{"type":"Feature","geometry":{"type":"Point","coordinates":[-70.6350969,19.4221133]},"properties":{"id":"IGL-OSM-WAY-1056286121","nombre":"Lugar de culto sin nombre","categoria":"Iglesias debidamente incorporadas - candidatas","religion":"","denominacion":"","direccion":"","ciudad":"","municipio":"","provincia":"","telefono":"","website":"","osm_type":"way","osm_id":1056286121,"osm_url":"https://www.openstreetmap.org/way/1056286121","fuente":"OpenStreetMap","validada":false,"incorporada":"pendiente","incorporacion_verificada":false,"validacion_pgr_dgii":"pendiente"}},{"type":"Feature","geometry":{"type":"Point","coordinates":[-70.4121219,19.6222992]},"properties":{"id":"IGL-OSM-WAY-1074655074","nombre":"Lugar de culto sin nombre","categoria":"Iglesias debidamente incorporadas - candidatas","religion":"christian","denominacion":"catholic","direccion":"Calle la Filipina 31","ciudad":"Jamao al Norte","municipio":"","provincia":"","telefono":"","website":"","osm_type":"way","osm_id":1074655074,"osm_url":"https://www.openstreetmap.org/way/1074655074","fuente":"OpenStreetMap","validada":false,"incorporada":"pendiente","incorporacion_verificada":false,"validacion_pgr_dgii":"pendiente"}},{"type":"Feature","geometry":{"type":"Point","coordinates":[-69.78039,18.4973315]},"properties":{"id":"IGL-OSM-WAY-1079142038","nombre":"Lugar de culto sin nombre","categoria":"Iglesias debidamente incorporadas - candidatas","religion":"christian","denominacion":"","direccion":"","ciudad":"","municipio":"","provincia":"","telefono":"","website":"","osm_type":"way","osm_id":1079142038,"osm_url":"https://www.openstreetmap.org/way/1079142038","fuente":"OpenStreetMap","validada":false,"incorporada":"pendiente","incorporacion_verificada":false,"validacion_pgr_dgii":"pendiente"}},{"type":"Feature","geometry":{"type":"Point","coordinates":[-69.7797053,18.4960367]},"properties":{"id":"IGL-OSM-WAY-1079266941","nombre":"Lugar de culto sin nombre","categoria":"Iglesias debidamente incorporadas - candidatas","religion":"christian","denominacion":"","direccion":"","ciudad":"","municipio":"","provincia":"","telefono":"","website":"","osm_type":"way","osm_id":1079266941,"osm_url":"https://www.openstreetmap.org/way/1079266941","fuente":"OpenStreetMap","validada":false,"incorporada":"pendiente","incorporacion_verificada":false,"validacion_pgr_dgii":"pendiente"}},{"type":"Feature","geometry":{"type":"Point","coordinates":[-69.7818948,18.4995587]},"properties":{"id":"IGL-OSM-WAY-1079273736","nombre":"Lugar de culto sin nombre","categoria":"Iglesias debidamente incorporadas - candidatas","religion":"christian","denominacion":"","direccion":"","ciudad":"","municipio":"","provincia":"","telefono":"","website":"","osm_type":"way","osm_id":1079273736,"osm_url":"https://www.openstreetmap.org/way/1079273736","fuente":"OpenStreetMap","validada":false,"incorporada":"pendiente","incorporacion_verificada":false,"validacion_pgr_dgii":"pendiente"}},{"type":"Feature","geometry":{"type":"Point","coordinates":[-69.388205,19.0548491]},"properties":{"id":"IGL-OSM-WAY-1100694051","nombre":"Lugar de culto sin nombre","categoria":"Iglesias debidamente incorporadas - candidatas","religion":"christian","denominacion":"","direccion":"","ciudad":"","municipio":"","provincia":"","telefono":"","website":"","osm_type":"way","osm_id":1100694051,"osm_url":"https://www.openstreetmap.org/way/1100694051","fuente":"OpenStreetMap","validada":false,"incorporada":"pendiente","incorporacion_verificada":false,"validacion_pgr_dgii":"pendiente"}},{"type":"Feature","geometry":{"type":"Point","coordinates":[-69.3862623,19.056147]},"properties":{"id":"IGL-OSM-WAY-1100733563","nombre":"Lugar de culto sin nombre","categoria":"Iglesias debidamente incorporadas - candidatas","religion":"christian","denominacion":"","direccion":"","ciudad":"","municipio":"","provincia":"","telefono":"","website":"","osm_type":"way","osm_id":1100733563,"osm_url":"https://www.openstreetmap.org/way/1100733563","fuente":"OpenStreetMap","validada":false,"incorporada":"pendiente","incorporacion_verificada":false,"validacion_pgr_dgii":"pendiente"}},{"type":"Feature","geometry":{"type":"Point","coordinates":[-69.3848142,19.0624338]},"properties":{"id":"IGL-OSM-WAY-1100922010","nombre":"Lugar de culto sin nombre","categoria":"Iglesias debidamente incorporadas - candidatas","religion":"christian","denominacion":"","direccion":"","ciudad":"","municipio":"","provincia":"","telefono":"","website":"","osm_type":"way","osm_id":1100922010,"osm_url":"https://www.openstreetmap.org/way/1100922010","fuente":"OpenStreetMap","validada":false,"incorporada":"pendiente","incorporacion_verificada":false,"validacion_pgr_dgii":"pendiente"}},{"type":"Feature","geometry":{"type":"Point","coordinates":[-70.7930664,19.3046765]},"properties":{"id":"IGL-OSM-WAY-1196126160","nombre":"Lugar de culto sin nombre","categoria":"Iglesias debidamente incorporadas - candidatas","religion":"","denominacion":"","direccion":"","ciudad":"","municipio":"","provincia":"","telefono":"","website":"","osm_type":"way","osm_id":1196126160,"osm_url":"https://www.openstreetmap.org/way/1196126160","fuente":"OpenStreetMap","validada":false,"incorporada":"pendiente","incorporacion_verificada":false,"validacion_pgr_dgii":"pendiente"}},{"type":"Feature","geometry":{"type":"Point","coordinates":[-70.8302293,19.3296215]},"properties":{"id":"IGL-OSM-WAY-1198410178","nombre":"Lugar de culto sin nombre","categoria":"Iglesias debidamente incorporadas - candidatas","religion":"","denominacion":"","direccion":"","ciudad":"","municipio":"","provincia":"","telefono":"","website":"","osm_type":"way","osm_id":1198410178,"osm_url":"https://www.openstreetmap.org/way/1198410178","fuente":"OpenStreetMap","validada":false,"incorporada":"pendiente","incorporacion_verificada":false,"validacion_pgr_dgii":"pendiente"}},{"type":"Feature","geometry":{"type":"Point","coordinates":[-70.8125639,19.2485467]},"properties":{"id":"IGL-OSM-WAY-1205282730","nombre":"Lugar de culto sin nombre","categoria":"Iglesias debidamente incorporadas - candidatas","religion":"","denominacion":"","direccion":"","ciudad":"","municipio":"","provincia":"","telefono":"","website":"","osm_type":"way","osm_id":1205282730,"osm_url":"https://www.openstreetmap.org/way/1205282730","fuente":"OpenStreetMap","validada":false,"incorporada":"pendiente","incorporacion_verificada":false,"validacion_pgr_dgii":"pendiente"}},{"type":"Feature","geometry":{"type":"Point","coordinates":[-70.8049108,19.1846196]},"properties":{"id":"IGL-OSM-WAY-1224501018","nombre":"Lugar de culto sin nombre","categoria":"Iglesias debidamente incorporadas - candidatas","religion":"christian","denominacion":"","direccion":"","ciudad":"","municipio":"","provincia":"","telefono":"","website":"","osm_type":"way","osm_id":1224501018,"osm_url":"https://www.openstreetmap.org/way/1224501018","fuente":"OpenStreetMap","validada":false,"incorporada":"pendiente","incorporacion_verificada":false,"validacion_pgr_dgii":"pendiente"}},{"type":"Feature","geometry":{"type":"Point","coordinates":[-70.8555104,19.3354809]},"properties":{"id":"IGL-OSM-WAY-1225760480","nombre":"Lugar de culto sin nombre","categoria":"Iglesias debidamente incorporadas - candidatas","religion":"","denominacion":"","direccion":"","ciudad":"","municipio":"","provincia":"","telefono":"","website":"","osm_type":"way","osm_id":1225760480,"osm_url":"https://www.openstreetmap.org/way/1225760480","fuente":"OpenStreetMap","validada":false,"incorporada":"pendiente","incorporacion_verificada":false,"validacion_pgr_dgii":"pendiente"}},{"type":"Feature","geometry":{"type":"Point","coordinates":[-70.3856569,19.3124488]},"properties":{"id":"IGL-OSM-WAY-1227703767","nombre":"Lugar de culto sin nombre","categoria":"Iglesias debidamente incorporadas - candidatas","religion":"christian","denominacion":"","direccion":"","ciudad":"","municipio":"","provincia":"","telefono":"","website":"","osm_type":"way","osm_id":1227703767,"osm_url":"https://www.openstreetmap.org/way/1227703767","fuente":"OpenStreetMap","validada":false,"incorporada":"pendiente","incorporacion_verificada":false,"validacion_pgr_dgii":"pendiente"}},{"type":"Feature","geometry":{"type":"Point","coordinates":[-69.9116677,18.4599274]},"properties":{"id":"IGL-OSM-WAY-1271548585","nombre":"Lugar de culto sin nombre","categoria":"Iglesias debidamente incorporadas - candidatas","religion":"","denominacion":"","direccion":"","ciudad":"","municipio":"","provincia":"","telefono":"","website":"","osm_type":"way","osm_id":1271548585,"osm_url":"https://www.openstreetmap.org/way/1271548585","fuente":"OpenStreetMap","validada":false,"incorporada":"pendiente","incorporacion_verificada":false,"validacion_pgr_dgii":"pendiente"}},{"type":"Feature","geometry":{"type":"Point","coordinates":[-69.3769374,18.9749992]},"properties":{"id":"IGL-OSM-WAY-1276168982","nombre":"Lugar de culto sin nombre","categoria":"Iglesias debidamente incorporadas - candidatas","religion":"christian","denominacion":"","direccion":"","ciudad":"","municipio":"","provincia":"","telefono":"","website":"","osm_type":"way","osm_id":1276168982,"osm_url":"https://www.openstreetmap.org/way/1276168982","fuente":"OpenStreetMap","validada":false,"incorporada":"pendiente","incorporacion_verificada":false,"validacion_pgr_dgii":"pendiente"}},{"type":"Feature","geometry":{"type":"Point","coordinates":[-71.3008372,19.6548964]},"properties":{"id":"IGL-OSM-WAY-1303418871","nombre":"Lugar de culto sin nombre","categoria":"Iglesias debidamente incorporadas - candidatas","religion":"","denominacion":"","direccion":"","ciudad":"","municipio":"","provincia":"","telefono":"","website":"","osm_type":"way","osm_id":1303418871,"osm_url":"https://www.openstreetmap.org/way/1303418871","fuente":"OpenStreetMap","validada":false,"incorporada":"pendiente","incorporacion_verificada":false,"validacion_pgr_dgii":"pendiente"}},{"type":"Feature","geometry":{"type":"Point","coordinates":[-68.7008423,18.6273602]},"properties":{"id":"IGL-OSM-WAY-1303920073","nombre":"Lugar de culto sin nombre","categoria":"Iglesias debidamente incorporadas - candidatas","religion":"","denominacion":"","direccion":"","ciudad":"","municipio":"","provincia":"","telefono":"","website":"","osm_type":"way","osm_id":1303920073,"osm_url":"https://www.openstreetmap.org/way/1303920073","fuente":"OpenStreetMap","validada":false,"incorporada":"pendiente","incorporacion_verificada":false,"validacion_pgr_dgii":"pendiente"}},{"type":"Feature","geometry":{"type":"Point","coordinates":[-70.8066415,19.3091575]},"properties":{"id":"IGL-OSM-WAY-1305039106","nombre":"Lugar de culto sin nombre","categoria":"Iglesias debidamente incorporadas - candidatas","religion":"","denominacion":"","direccion":"","ciudad":"","municipio":"","provincia":"","telefono":"","website":"","osm_type":"way","osm_id":1305039106,"osm_url":"https://www.openstreetmap.org/way/1305039106","fuente":"OpenStreetMap","validada":false,"incorporada":"pendiente","incorporacion_verificada":false,"validacion_pgr_dgii":"pendiente"}},{"type":"Feature","geometry":{"type":"Point","coordinates":[-71.1633894,19.4111088]},"properties":{"id":"IGL-OSM-WAY-1359717644","nombre":"Lugar de culto sin nombre","categoria":"Iglesias debidamente incorporadas - candidatas","religion":"","denominacion":"","direccion":"","ciudad":"","municipio":"","provincia":"","telefono":"","website":"","osm_type":"way","osm_id":1359717644,"osm_url":"https://www.openstreetmap.org/way/1359717644","fuente":"OpenStreetMap","validada":false,"incorporada":"pendiente","incorporacion_verificada":false,"validacion_pgr_dgii":"pendiente"}},{"type":"Feature","geometry":{"type":"Point","coordinates":[-69.8857938,18.4696671]},"properties":{"id":"IGL-OSM-WAY-1366663046","nombre":"Lugar de culto sin nombre","categoria":"Iglesias debidamente incorporadas - candidatas","religion":"christian","denominacion":"","direccion":"","ciudad":"","municipio":"","provincia":"","telefono":"","website":"","osm_type":"way","osm_id":1366663046,"osm_url":"https://www.openstreetmap.org/way/1366663046","fuente":"OpenStreetMap","validada":false,"incorporada":"pendiente","incorporacion_verificada":false,"validacion_pgr_dgii":"pendiente"}},{"type":"Feature","geometry":{"type":"Point","coordinates":[-69.4604824,18.4898334]},"properties":{"id":"IGL-OSM-WAY-1374365694","nombre":"Lugar de culto sin nombre","categoria":"Iglesias debidamente incorporadas - candidatas","religion":"","denominacion":"","direccion":"","ciudad":"","municipio":"","provincia":"","telefono":"","website":"","osm_type":"way","osm_id":1374365694,"osm_url":"https://www.openstreetmap.org/way/1374365694","fuente":"OpenStreetMap","validada":false,"incorporada":"pendiente","incorporacion_verificada":false,"validacion_pgr_dgii":"pendiente"}},{"type":"Feature","geometry":{"type":"Point","coordinates":[-69.8518029,18.6022697]},"properties":{"id":"IGL-OSM-WAY-1393061924","nombre":"Lugar de culto sin nombre","categoria":"Iglesias debidamente incorporadas - candidatas","religion":"","denominacion":"","direccion":"","ciudad":"","municipio":"","provincia":"","telefono":"","website":"","osm_type":"way","osm_id":1393061924,"osm_url":"https://www.openstreetmap.org/way/1393061924","fuente":"OpenStreetMap","validada":false,"incorporada":"pendiente","incorporacion_verificada":false,"validacion_pgr_dgii":"pendiente"}},{"type":"Feature","geometry":{"type":"Point","coordinates":[-69.8491324,18.59904]},"properties":{"id":"IGL-OSM-WAY-1393350647","nombre":"Lugar de culto sin nombre","categoria":"Iglesias debidamente incorporadas - candidatas","religion":"","denominacion":"","direccion":"","ciudad":"","municipio":"","provincia":"","telefono":"","website":"","osm_type":"way","osm_id":1393350647,"osm_url":"https://www.openstreetmap.org/way/1393350647","fuente":"OpenStreetMap","validada":false,"incorporada":"pendiente","incorporacion_verificada":false,"validacion_pgr_dgii":"pendiente"}},{"type":"Feature","geometry":{"type":"Point","coordinates":[-69.8470651,18.5984975]},"properties":{"id":"IGL-OSM-WAY-1393350699","nombre":"Lugar de culto sin nombre","categoria":"Iglesias debidamente incorporadas - candidatas","religion":"","denominacion":"","direccion":"","ciudad":"","municipio":"","provincia":"","telefono":"","website":"","osm_type":"way","osm_id":1393350699,"osm_url":"https://www.openstreetmap.org/way/1393350699","fuente":"OpenStreetMap","validada":false,"incorporada":"pendiente","incorporacion_verificada":false,"validacion_pgr_dgii":"pendiente"}},{"type":"Feature","geometry":{"type":"Point","coordinates":[-69.8444236,18.5967476]},"properties":{"id":"IGL-OSM-WAY-1393381760","nombre":"Lugar de culto sin nombre","categoria":"Iglesias debidamente incorporadas - candidatas","religion":"","denominacion":"","direccion":"","ciudad":"","municipio":"","provincia":"","telefono":"","website":"","osm_type":"way","osm_id":1393381760,"osm_url":"https://www.openstreetmap.org/way/1393381760","fuente":"OpenStreetMap","validada":false,"incorporada":"pendiente","incorporacion_verificada":false,"validacion_pgr_dgii":"pendiente"}},{"type":"Feature","geometry":{"type":"Point","coordinates":[-69.8475909,18.5982816]},"properties":{"id":"IGL-OSM-WAY-1393381772","nombre":"Lugar de culto sin nombre","categoria":"Iglesias debidamente incorporadas - candidatas","religion":"","denominacion":"","direccion":"","ciudad":"","municipio":"","provincia":"","telefono":"","website":"","osm_type":"way","osm_id":1393381772,"osm_url":"https://www.openstreetmap.org/way/1393381772","fuente":"OpenStreetMap","validada":false,"incorporada":"pendiente","incorporacion_verificada":false,"validacion_pgr_dgii":"pendiente"}},{"type":"Feature","geometry":{"type":"Point","coordinates":[-69.8434265,18.5985967]},"properties":{"id":"IGL-OSM-WAY-1394437580","nombre":"Lugar de culto sin nombre","categoria":"Iglesias debidamente incorporadas - candidatas","religion":"","denominacion":"","direccion":"","ciudad":"","municipio":"","provincia":"","telefono":"","website":"","osm_type":"way","osm_id":1394437580,"osm_url":"https://www.openstreetmap.org/way/1394437580","fuente":"OpenStreetMap","validada":false,"incorporada":"pendiente","incorporacion_verificada":false,"validacion_pgr_dgii":"pendiente"}},{"type":"Feature","geometry":{"type":"Point","coordinates":[-69.8357217,18.60302]},"properties":{"id":"IGL-OSM-WAY-1396056848","nombre":"Lugar de culto sin nombre","categoria":"Iglesias debidamente incorporadas - candidatas","religion":"","denominacion":"","direccion":"","ciudad":"","municipio":"","provincia":"","telefono":"","website":"","osm_type":"way","osm_id":1396056848,"osm_url":"https://www.openstreetmap.org/way/1396056848","fuente":"OpenStreetMap","validada":false,"incorporada":"pendiente","incorporacion_verificada":false,"validacion_pgr_dgii":"pendiente"}},{"type":"Feature","geometry":{"type":"Point","coordinates":[-69.8370305,18.6037909]},"properties":{"id":"IGL-OSM-WAY-1396056869","nombre":"Lugar de culto sin nombre","categoria":"Iglesias debidamente incorporadas - candidatas","religion":"","denominacion":"","direccion":"","ciudad":"","municipio":"","provincia":"","telefono":"","website":"","osm_type":"way","osm_id":1396056869,"osm_url":"https://www.openstreetmap.org/way/1396056869","fuente":"OpenStreetMap","validada":false,"incorporada":"pendiente","incorporacion_verificada":false,"validacion_pgr_dgii":"pendiente"}},{"type":"Feature","geometry":{"type":"Point","coordinates":[-70.3887785,19.1729879]},"properties":{"id":"IGL-OSM-WAY-1420321883","nombre":"Lugar de culto sin nombre","categoria":"Iglesias debidamente incorporadas - candidatas","religion":"","denominacion":"","direccion":"","ciudad":"","municipio":"","provincia":"","telefono":"","website":"","osm_type":"way","osm_id":1420321883,"osm_url":"https://www.openstreetmap.org/way/1420321883","fuente":"OpenStreetMap","validada":false,"incorporada":"pendiente","incorporacion_verificada":false,"validacion_pgr_dgii":"pendiente"}},{"type":"Feature","geometry":{"type":"Point","coordinates":[-70.5853121,18.2967229]},"properties":{"id":"IGL-OSM-WAY-1433090181","nombre":"Lugar de culto sin nombre","categoria":"Iglesias debidamente incorporadas - candidatas","religion":"","denominacion":"","direccion":"","ciudad":"","municipio":"","provincia":"","telefono":"","website":"","osm_type":"way","osm_id":1433090181,"osm_url":"https://www.openstreetmap.org/way/1433090181","fuente":"OpenStreetMap","validada":false,"incorporada":"pendiente","incorporacion_verificada":false,"validacion_pgr_dgii":"pendiente"}},{"type":"Feature","geometry":{"type":"Point","coordinates":[-69.8561418,18.4742196]},"properties":{"id":"IGL-OSM-WAY-1437156511","nombre":"Lugar de culto sin nombre","categoria":"Iglesias debidamente incorporadas - candidatas","religion":"christian","denominacion":"","direccion":"","ciudad":"","municipio":"","provincia":"","telefono":"","website":"","osm_type":"way","osm_id":1437156511,"osm_url":"https://www.openstreetmap.org/way/1437156511","fuente":"OpenStreetMap","validada":false,"incorporada":"pendiente","incorporacion_verificada":false,"validacion_pgr_dgii":"pendiente"}},{"type":"Feature","geometry":{"type":"Point","coordinates":[-70.2594732,19.2824206]},"properties":{"id":"IGL-OSM-WAY-1454377867","nombre":"Lugar de culto sin nombre","categoria":"Iglesias debidamente incorporadas - candidatas","religion":"","denominacion":"","direccion":"","ciudad":"","municipio":"","provincia":"","telefono":"","website":"","osm_type":"way","osm_id":1454377867,"osm_url":"https://www.openstreetmap.org/way/1454377867","fuente":"OpenStreetMap","validada":false,"incorporada":"pendiente","incorporacion_verificada":false,"validacion_pgr_dgii":"pendiente"}},{"type":"Feature","geometry":{"type":"Point","coordinates":[-70.3124892,19.2529815]},"properties":{"id":"IGL-OSM-WAY-1488471952","nombre":"Lugar de culto sin nombre","categoria":"Iglesias debidamente incorporadas - candidatas","religion":"christian","denominacion":"jehovahs_witness","direccion":"","ciudad":"","municipio":"","provincia":"","telefono":"","website":"","osm_type":"way","osm_id":1488471952,"osm_url":"https://www.openstreetmap.org/way/1488471952","fuente":"OpenStreetMap","validada":false,"incorporada":"pendiente","incorporacion_verificada":false,"validacion_pgr_dgii":"pendiente"}},{"type":"Feature","geometry":{"type":"Point","coordinates":[-70.6877341,19.4656491]},"properties":{"id":"IGL-OSM-WAY-1502490759","nombre":"Lugar de culto sin nombre","categoria":"Iglesias debidamente incorporadas - candidatas","religion":"christian","denominacion":"","direccion":"","ciudad":"","municipio":"","provincia":"","telefono":"","website":"","osm_type":"way","osm_id":1502490759,"osm_url":"https://www.openstreetmap.org/way/1502490759","fuente":"OpenStreetMap","validada":false,"incorporada":"pendiente","incorporacion_verificada":false,"validacion_pgr_dgii":"pendiente"}},{"type":"Feature","geometry":{"type":"Point","coordinates":[-70.4433475,19.155174]},"properties":{"id":"IGL-OSM-WAY-1504690621","nombre":"Lugar de culto sin nombre","categoria":"Iglesias debidamente incorporadas - candidatas","religion":"christian","denominacion":"catholic","direccion":"","ciudad":"","municipio":"","provincia":"","telefono":"","website":"","osm_type":"way","osm_id":1504690621,"osm_url":"https://www.openstreetmap.org/way/1504690621","fuente":"OpenStreetMap","validada":false,"incorporada":"pendiente","incorporacion_verificada":false,"validacion_pgr_dgii":"pendiente"}},{"type":"Feature","geometry":{"type":"Point","coordinates":[-69.7638284,18.4923914]},"properties":{"id":"IGL-OSM-WAY-1523801788","nombre":"Lugar de culto sin nombre","categoria":"Iglesias debidamente incorporadas - candidatas","religion":"","denominacion":"","direccion":"","ciudad":"","municipio":"","provincia":"","telefono":"","website":"","osm_type":"way","osm_id":1523801788,"osm_url":"https://www.openstreetmap.org/way/1523801788","fuente":"OpenStreetMap","validada":false,"incorporada":"pendiente","incorporacion_verificada":false,"validacion_pgr_dgii":"pendiente"}},{"type":"Feature","geometry":{"type":"Point","coordinates":[-69.7786459,18.4913579]},"properties":{"id":"IGL-OSM-WAY-1524874689","nombre":"Lugar de culto sin nombre","categoria":"Iglesias debidamente incorporadas - candidatas","religion":"","denominacion":"","direccion":"","ciudad":"","municipio":"","provincia":"","telefono":"","website":"","osm_type":"way","osm_id":1524874689,"osm_url":"https://www.openstreetmap.org/way/1524874689","fuente":"OpenStreetMap","validada":false,"incorporada":"pendiente","incorporacion_verificada":false,"validacion_pgr_dgii":"pendiente"}},{"type":"Feature","geometry":{"type":"Point","coordinates":[-69.901776,18.5505591]},"properties":{"id":"IGL-OSM-WAY-1531201422","nombre":"Lugar de culto sin nombre","categoria":"Iglesias debidamente incorporadas - candidatas","religion":"christian","denominacion":"","direccion":"","ciudad":"","municipio":"","provincia":"","telefono":"","website":"","osm_type":"way","osm_id":1531201422,"osm_url":"https://www.openstreetmap.org/way/1531201422","fuente":"OpenStreetMap","validada":false,"incorporada":"pendiente","incorporacion_verificada":false,"validacion_pgr_dgii":"pendiente"}},{"type":"Feature","geometry":{"type":"Point","coordinates":[-69.5412365,19.3144274]},"properties":{"id":"IGL-OSM-WAY-198787972","nombre":"Lugar de culto sin nombre","categoria":"Iglesias debidamente incorporadas - candidatas","religion":"","denominacion":"","direccion":"","ciudad":"","municipio":"","provincia":"","telefono":"","website":"","osm_type":"way","osm_id":198787972,"osm_url":"https://www.openstreetmap.org/way/198787972","fuente":"OpenStreetMap","validada":false,"incorporada":"pendiente","incorporacion_verificada":false,"validacion_pgr_dgii":"pendiente"}},{"type":"Feature","geometry":{"type":"Point","coordinates":[-69.4952202,18.6206405]},"properties":{"id":"IGL-OSM-WAY-203612544","nombre":"Lugar de culto sin nombre","categoria":"Iglesias debidamente incorporadas - candidatas","religion":"christian","denominacion":"","direccion":"","ciudad":"","municipio":"","provincia":"","telefono":"","website":"","osm_type":"way","osm_id":203612544,"osm_url":"https://www.openstreetmap.org/way/203612544","fuente":"OpenStreetMap","validada":false,"incorporada":"pendiente","incorporacion_verificada":false,"validacion_pgr_dgii":"pendiente"}},{"type":"Feature","geometry":{"type":"Point","coordinates":[-71.6951486,19.3149448]},"properties":{"id":"IGL-OSM-WAY-207310967","nombre":"Lugar de culto sin nombre","categoria":"Iglesias debidamente incorporadas - candidatas","religion":"christian","denominacion":"","direccion":"","ciudad":"","municipio":"","provincia":"","telefono":"","website":"","osm_type":"way","osm_id":207310967,"osm_url":"https://www.openstreetmap.org/way/207310967","fuente":"OpenStreetMap","validada":false,"incorporada":"pendiente","incorporacion_verificada":false,"validacion_pgr_dgii":"pendiente"}},{"type":"Feature","geometry":{"type":"Point","coordinates":[-71.7456241,18.0350428]},"properties":{"id":"IGL-OSM-WAY-219298330","nombre":"Lugar de culto sin nombre","categoria":"Iglesias debidamente incorporadas - candidatas","religion":"christian","denominacion":"catholic","direccion":"","ciudad":"","municipio":"","provincia":"","telefono":"","website":"","osm_type":"way","osm_id":219298330,"osm_url":"https://www.openstreetmap.org/way/219298330","fuente":"OpenStreetMap","validada":false,"incorporada":"pendiente","incorporacion_verificada":false,"validacion_pgr_dgii":"pendiente"}},{"type":"Feature","geometry":{"type":"Point","coordinates":[-70.4125819,18.9282423]},"properties":{"id":"IGL-OSM-WAY-220276726","nombre":"Lugar de culto sin nombre","categoria":"Iglesias debidamente incorporadas - candidatas","religion":"","denominacion":"","direccion":"","ciudad":"","municipio":"","provincia":"","telefono":"","website":"","osm_type":"way","osm_id":220276726,"osm_url":"https://www.openstreetmap.org/way/220276726","fuente":"OpenStreetMap","validada":false,"incorporada":"pendiente","incorporacion_verificada":false,"validacion_pgr_dgii":"pendiente"}},{"type":"Feature","geometry":{"type":"Point","coordinates":[-70.8948864,18.4716333]},"properties":{"id":"IGL-OSM-WAY-222987497","nombre":"Lugar de culto sin nombre","categoria":"Iglesias debidamente incorporadas - candidatas","religion":"christian","denominacion":"catholic","direccion":"","ciudad":"","municipio":"","provincia":"","telefono":"","website":"","osm_type":"way","osm_id":222987497,"osm_url":"https://www.openstreetmap.org/way/222987497","fuente":"OpenStreetMap","validada":false,"incorporada":"pendiente","incorporacion_verificada":false,"validacion_pgr_dgii":"pendiente"}},{"type":"Feature","geometry":{"type":"Point","coordinates":[-69.9505932,18.5436451]},"properties":{"id":"IGL-OSM-WAY-223364327","nombre":"Lugar de culto sin nombre","categoria":"Iglesias debidamente incorporadas - candidatas","religion":"christian","denominacion":"","direccion":"","ciudad":"","municipio":"","provincia":"","telefono":"","website":"","osm_type":"way","osm_id":223364327,"osm_url":"https://www.openstreetmap.org/way/223364327","fuente":"OpenStreetMap","validada":false,"incorporada":"pendiente","incorporacion_verificada":false,"validacion_pgr_dgii":"pendiente"}},{"type":"Feature","geometry":{"type":"Point","coordinates":[-68.7244304,18.6188676]},"properties":{"id":"IGL-OSM-WAY-223987135","nombre":"Lugar de culto sin nombre","categoria":"Iglesias debidamente incorporadas - candidatas","religion":"","denominacion":"","direccion":"","ciudad":"","municipio":"","provincia":"","telefono":"","website":"","osm_type":"way","osm_id":223987135,"osm_url":"https://www.openstreetmap.org/way/223987135","fuente":"OpenStreetMap","validada":false,"incorporada":"pendiente","incorporacion_verificada":false,"validacion_pgr_dgii":"pendiente"}},{"type":"Feature","geometry":{"type":"Point","coordinates":[-68.7194396,18.6094668]},"properties":{"id":"IGL-OSM-WAY-225118638","nombre":"Lugar de culto sin nombre","categoria":"Iglesias debidamente incorporadas - candidatas","religion":"christian","denominacion":"","direccion":"","ciudad":"","municipio":"","provincia":"","telefono":"","website":"","osm_type":"way","osm_id":225118638,"osm_url":"https://www.openstreetmap.org/way/225118638","fuente":"OpenStreetMap","validada":false,"incorporada":"pendiente","incorporacion_verificada":false,"validacion_pgr_dgii":"pendiente"}},{"type":"Feature","geometry":{"type":"Point","coordinates":[-69.8347059,18.4858231]},"properties":{"id":"IGL-OSM-WAY-287526185","nombre":"Lugar de culto sin nombre","categoria":"Iglesias debidamente incorporadas - candidatas","religion":"christian","denominacion":"jehovahs_witness","direccion":"Autopista Rafael Fernández Dominguez 100","ciudad":"","municipio":"","provincia":"","telefono":"","website":"","osm_type":"way","osm_id":287526185,"osm_url":"https://www.openstreetmap.org/way/287526185","fuente":"OpenStreetMap","validada":false,"incorporada":"pendiente","incorporacion_verificada":false,"validacion_pgr_dgii":"pendiente"}},{"type":"Feature","geometry":{"type":"Point","coordinates":[-69.8338037,18.4849194]},"properties":{"id":"IGL-OSM-WAY-287526186","nombre":"Lugar de culto sin nombre","categoria":"Iglesias debidamente incorporadas - candidatas","religion":"","denominacion":"jehovahs_witness","direccion":"","ciudad":"","municipio":"","provincia":"","telefono":"","website":"","osm_type":"way","osm_id":287526186,"osm_url":"https://www.openstreetmap.org/way/287526186","fuente":"OpenStreetMap","validada":false,"incorporada":"pendiente","incorporacion_verificada":false,"validacion_pgr_dgii":"pendiente"}},{"type":"Feature","geometry":{"type":"Point","coordinates":[-69.8336688,18.4845225]},"properties":{"id":"IGL-OSM-WAY-287526190","nombre":"Lugar de culto sin nombre","categoria":"Iglesias debidamente incorporadas - candidatas","religion":"","denominacion":"jehovahs_witness","direccion":"","ciudad":"","municipio":"","provincia":"","telefono":"","website":"","osm_type":"way","osm_id":287526190,"osm_url":"https://www.openstreetmap.org/way/287526190","fuente":"OpenStreetMap","validada":false,"incorporada":"pendiente","incorporacion_verificada":false,"validacion_pgr_dgii":"pendiente"}},{"type":"Feature","geometry":{"type":"Point","coordinates":[-70.2779896,19.6283752]},"properties":{"id":"IGL-OSM-WAY-293151895","nombre":"Lugar de culto sin nombre","categoria":"Iglesias debidamente incorporadas - candidatas","religion":"christian","denominacion":"","direccion":"Libertad","ciudad":"Gaspar Hernandez","municipio":"","provincia":"","telefono":"","website":"","osm_type":"way","osm_id":293151895,"osm_url":"https://www.openstreetmap.org/way/293151895","fuente":"OpenStreetMap","validada":false,"incorporada":"pendiente","incorporacion_verificada":false,"validacion_pgr_dgii":"pendiente"}},{"type":"Feature","geometry":{"type":"Point","coordinates":[-70.2775891,19.6268101]},"properties":{"id":"IGL-OSM-WAY-293152011","nombre":"Lugar de culto sin nombre","categoria":"Iglesias debidamente incorporadas - candidatas","religion":"christian","denominacion":"","direccion":"Independencia","ciudad":"Gaspar Hernandez","municipio":"","provincia":"","telefono":"","website":"","osm_type":"way","osm_id":293152011,"osm_url":"https://www.openstreetmap.org/way/293152011","fuente":"OpenStreetMap","validada":false,"incorporada":"pendiente","incorporacion_verificada":false,"validacion_pgr_dgii":"pendiente"}},{"type":"Feature","geometry":{"type":"Point","coordinates":[-70.0010903,18.4485616]},"properties":{"id":"IGL-OSM-WAY-318613510","nombre":"Lugar de culto sin nombre","categoria":"Iglesias debidamente incorporadas - candidatas","religion":"christian","denominacion":"","direccion":"","ciudad":"","municipio":"","provincia":"","telefono":"","website":"","osm_type":"way","osm_id":318613510,"osm_url":"https://www.openstreetmap.org/way/318613510","fuente":"OpenStreetMap","validada":false,"incorporada":"pendiente","incorporacion_verificada":false,"validacion_pgr_dgii":"pendiente"}},{"type":"Feature","geometry":{"type":"Point","coordinates":[-69.8855022,18.4752634]},"properties":{"id":"IGL-OSM-WAY-323836368","nombre":"Lugar de culto sin nombre","categoria":"Iglesias debidamente incorporadas - candidatas","religion":"christian","denominacion":"","direccion":"","ciudad":"","municipio":"","provincia":"","telefono":"","website":"","osm_type":"way","osm_id":323836368,"osm_url":"https://www.openstreetmap.org/way/323836368","fuente":"OpenStreetMap","validada":false,"incorporada":"pendiente","incorporacion_verificada":false,"validacion_pgr_dgii":"pendiente"}},{"type":"Feature","geometry":{"type":"Point","coordinates":[-69.8861373,18.4781425]},"properties":{"id":"IGL-OSM-WAY-325736569","nombre":"Lugar de culto sin nombre","categoria":"Iglesias debidamente incorporadas - candidatas","religion":"christian","denominacion":"catholic","direccion":"","ciudad":"","municipio":"","provincia":"","telefono":"","website":"","osm_type":"way","osm_id":325736569,"osm_url":"https://www.openstreetmap.org/way/325736569","fuente":"OpenStreetMap","validada":false,"incorporada":"pendiente","incorporacion_verificada":false,"validacion_pgr_dgii":"pendiente"}},{"type":"Feature","geometry":{"type":"Point","coordinates":[-70.8748897,19.5624185]},"properties":{"id":"IGL-OSM-WAY-328082207","nombre":"Lugar de culto sin nombre","categoria":"Iglesias debidamente incorporadas - candidatas","religion":"christian","denominacion":"catholic","direccion":"","ciudad":"","municipio":"","provincia":"","telefono":"","website":"","osm_type":"way","osm_id":328082207,"osm_url":"https://www.openstreetmap.org/way/328082207","fuente":"OpenStreetMap","validada":false,"incorporada":"pendiente","incorporacion_verificada":false,"validacion_pgr_dgii":"pendiente"}},{"type":"Feature","geometry":{"type":"Point","coordinates":[-68.96653,18.4209934]},"properties":{"id":"IGL-OSM-WAY-334267408","nombre":"Lugar de culto sin nombre","categoria":"Iglesias debidamente incorporadas - candidatas","religion":"","denominacion":"","direccion":"","ciudad":"","municipio":"","provincia":"","telefono":"","website":"","osm_type":"way","osm_id":334267408,"osm_url":"https://www.openstreetmap.org/way/334267408","fuente":"OpenStreetMap","validada":false,"incorporada":"pendiente","incorporacion_verificada":false,"validacion_pgr_dgii":"pendiente"}},{"type":"Feature","geometry":{"type":"Point","coordinates":[-70.6707005,19.4472796]},"properties":{"id":"IGL-OSM-WAY-356053871","nombre":"Lugar de culto sin nombre","categoria":"Iglesias debidamente incorporadas - candidatas","religion":"christian","denominacion":"","direccion":"","ciudad":"","municipio":"","provincia":"","telefono":"","website":"","osm_type":"way","osm_id":356053871,"osm_url":"https://www.openstreetmap.org/way/356053871","fuente":"OpenStreetMap","validada":false,"incorporada":"pendiente","incorporacion_verificada":false,"validacion_pgr_dgii":"pendiente"}},{"type":"Feature","geometry":{"type":"Point","coordinates":[-71.4341256,19.5719357]},"properties":{"id":"IGL-OSM-WAY-366878491","nombre":"Lugar de culto sin nombre","categoria":"Iglesias debidamente incorporadas - candidatas","religion":"christian","denominacion":"catholic","direccion":"","ciudad":"Cabeza de Toro","municipio":"","provincia":"","telefono":"","website":"","osm_type":"way","osm_id":366878491,"osm_url":"https://www.openstreetmap.org/way/366878491","fuente":"OpenStreetMap","validada":false,"incorporada":"pendiente","incorporacion_verificada":false,"validacion_pgr_dgii":"pendiente"}},{"type":"Feature","geometry":{"type":"Point","coordinates":[-71.4043233,19.5779191]},"properties":{"id":"IGL-OSM-WAY-371481294","nombre":"Lugar de culto sin nombre","categoria":"Iglesias debidamente incorporadas - candidatas","religion":"","denominacion":"","direccion":"","ciudad":"","municipio":"","provincia":"","telefono":"","website":"","osm_type":"way","osm_id":371481294,"osm_url":"https://www.openstreetmap.org/way/371481294","fuente":"OpenStreetMap","validada":false,"incorporada":"pendiente","incorporacion_verificada":false,"validacion_pgr_dgii":"pendiente"}},{"type":"Feature","geometry":{"type":"Point","coordinates":[-70.698004,19.4229129]},"properties":{"id":"IGL-OSM-WAY-407983918","nombre":"Lugar de culto sin nombre","categoria":"Iglesias debidamente incorporadas - candidatas","religion":"christian","denominacion":"","direccion":"Av. Yapur Dumit","ciudad":"Santiago","municipio":"","provincia":"","telefono":"","website":"","osm_type":"way","osm_id":407983918,"osm_url":"https://www.openstreetmap.org/way/407983918","fuente":"OpenStreetMap","validada":false,"incorporada":"pendiente","incorporacion_verificada":false,"validacion_pgr_dgii":"pendiente"}},{"type":"Feature","geometry":{"type":"Point","coordinates":[-70.6549083,19.4263193]},"properties":{"id":"IGL-OSM-WAY-408033521","nombre":"Lugar de culto sin nombre","categoria":"Iglesias debidamente incorporadas - candidatas","religion":"christian","denominacion":"","direccion":"Calle Principal","ciudad":"Santiago","municipio":"","provincia":"","telefono":"","website":"","osm_type":"way","osm_id":408033521,"osm_url":"https://www.openstreetmap.org/way/408033521","fuente":"OpenStreetMap","validada":false,"incorporada":"pendiente","incorporacion_verificada":false,"validacion_pgr_dgii":"pendiente"}},{"type":"Feature","geometry":{"type":"Point","coordinates":[-69.9613464,18.5000741]},"properties":{"id":"IGL-OSM-WAY-408438455","nombre":"Lugar de culto sin nombre","categoria":"Iglesias debidamente incorporadas - candidatas","religion":"christian","denominacion":"","direccion":"Avenida Coronel Juan Maria Lora Fernandez","ciudad":"Santo Domingo","municipio":"","provincia":"","telefono":"","website":"","osm_type":"way","osm_id":408438455,"osm_url":"https://www.openstreetmap.org/way/408438455","fuente":"OpenStreetMap","validada":false,"incorporada":"pendiente","incorporacion_verificada":false,"validacion_pgr_dgii":"pendiente"}},{"type":"Feature","geometry":{"type":"Point","coordinates":[-70.6754365,19.4632135]},"properties":{"id":"IGL-OSM-WAY-408441305","nombre":"Lugar de culto sin nombre","categoria":"Iglesias debidamente incorporadas - candidatas","religion":"christian","denominacion":"","direccion":"Avenida 27 de Febrero 55","ciudad":"Santiago","municipio":"","provincia":"","telefono":"","website":"","osm_type":"way","osm_id":408441305,"osm_url":"https://www.openstreetmap.org/way/408441305","fuente":"OpenStreetMap","validada":false,"incorporada":"pendiente","incorporacion_verificada":false,"validacion_pgr_dgii":"pendiente"}},{"type":"Feature","geometry":{"type":"Point","coordinates":[-69.9092306,18.5282581]},"properties":{"id":"IGL-OSM-WAY-408641704","nombre":"Lugar de culto sin nombre","categoria":"Iglesias debidamente incorporadas - candidatas","religion":"christian","denominacion":"","direccion":"Avenida Hermanas Mirabal","ciudad":"","municipio":"","provincia":"","telefono":"","website":"","osm_type":"way","osm_id":408641704,"osm_url":"https://www.openstreetmap.org/way/408641704","fuente":"OpenStreetMap","validada":false,"incorporada":"pendiente","incorporacion_verificada":false,"validacion_pgr_dgii":"pendiente"}},{"type":"Feature","geometry":{"type":"Point","coordinates":[-69.8996482,18.5388485]},"properties":{"id":"IGL-OSM-WAY-408913332","nombre":"Lugar de culto sin nombre","categoria":"Iglesias debidamente incorporadas - candidatas","religion":"christian","denominacion":"","direccion":"","ciudad":"","municipio":"","provincia":"","telefono":"","website":"","osm_type":"way","osm_id":408913332,"osm_url":"https://www.openstreetmap.org/way/408913332","fuente":"OpenStreetMap","validada":false,"incorporada":"pendiente","incorporacion_verificada":false,"validacion_pgr_dgii":"pendiente"}},{"type":"Feature","geometry":{"type":"Point","coordinates":[-70.6895244,19.4700417]},"properties":{"id":"IGL-OSM-WAY-409568862","nombre":"Lugar de culto sin nombre","categoria":"Iglesias debidamente incorporadas - candidatas","religion":"christian","denominacion":"","direccion":"Avenida Salvador Estrella Sadhala","ciudad":"Santiago","municipio":"","provincia":"","telefono":"","website":"","osm_type":"way","osm_id":409568862,"osm_url":"https://www.openstreetmap.org/way/409568862","fuente":"OpenStreetMap","validada":false,"incorporada":"pendiente","incorporacion_verificada":false,"validacion_pgr_dgii":"pendiente"}},{"type":"Feature","geometry":{"type":"Point","coordinates":[-70.7003663,19.4722183]},"properties":{"id":"IGL-OSM-WAY-409577430","nombre":"Lugar de culto sin nombre","categoria":"Iglesias debidamente incorporadas - candidatas","religion":"christian","denominacion":"","direccion":"Calle Generoso Diaz","ciudad":"Santiago","municipio":"","provincia":"","telefono":"","website":"","osm_type":"way","osm_id":409577430,"osm_url":"https://www.openstreetmap.org/way/409577430","fuente":"OpenStreetMap","validada":false,"incorporada":"pendiente","incorporacion_verificada":false,"validacion_pgr_dgii":"pendiente"}},{"type":"Feature","geometry":{"type":"Point","coordinates":[-70.7285727,19.4819245]},"properties":{"id":"IGL-OSM-WAY-409586093","nombre":"Lugar de culto sin nombre","categoria":"Iglesias debidamente incorporadas - candidatas","religion":"christian","denominacion":"","direccion":"Calle 10","ciudad":"Santiago","municipio":"","provincia":"","telefono":"","website":"","osm_type":"way","osm_id":409586093,"osm_url":"https://www.openstreetmap.org/way/409586093","fuente":"OpenStreetMap","validada":false,"incorporada":"pendiente","incorporacion_verificada":false,"validacion_pgr_dgii":"pendiente"}},{"type":"Feature","geometry":{"type":"Point","coordinates":[-70.7298208,19.483375]},"properties":{"id":"IGL-OSM-WAY-409586096","nombre":"Lugar de culto sin nombre","categoria":"Iglesias debidamente incorporadas - candidatas","religion":"christian","denominacion":"","direccion":"Avenida Circunvalacion","ciudad":"Santiago","municipio":"","provincia":"","telefono":"","website":"","osm_type":"way","osm_id":409586096,"osm_url":"https://www.openstreetmap.org/way/409586096","fuente":"OpenStreetMap","validada":false,"incorporada":"pendiente","incorporacion_verificada":false,"validacion_pgr_dgii":"pendiente"}},{"type":"Feature","geometry":{"type":"Point","coordinates":[-69.9017537,18.5507049]},"properties":{"id":"IGL-OSM-WAY-409589223","nombre":"Lugar de culto sin nombre","categoria":"Iglesias debidamente incorporadas - candidatas","religion":"christian","denominacion":"","direccion":"","ciudad":"","municipio":"","provincia":"","telefono":"","website":"","osm_type":"way","osm_id":409589223,"osm_url":"https://www.openstreetmap.org/way/409589223","fuente":"OpenStreetMap","validada":false,"incorporada":"pendiente","incorporacion_verificada":false,"validacion_pgr_dgii":"pendiente"}},{"type":"Feature","geometry":{"type":"Point","coordinates":[-70.6994486,19.4541715]},"properties":{"id":"IGL-OSM-WAY-409591496","nombre":"Lugar de culto sin nombre","categoria":"Iglesias debidamente incorporadas - candidatas","religion":"christian","denominacion":"","direccion":"Calle Cuba","ciudad":"Santiago","municipio":"","provincia":"","telefono":"","website":"","osm_type":"way","osm_id":409591496,"osm_url":"https://www.openstreetmap.org/way/409591496","fuente":"OpenStreetMap","validada":false,"incorporada":"pendiente","incorporacion_verificada":false,"validacion_pgr_dgii":"pendiente"}},{"type":"Feature","geometry":{"type":"Point","coordinates":[-70.6911051,19.4713134]},"properties":{"id":"IGL-OSM-WAY-409615699","nombre":"Lugar de culto sin nombre","categoria":"Iglesias debidamente incorporadas - candidatas","religion":"christian","denominacion":"","direccion":"Avenida Salvador Estrella Sadhala","ciudad":"Santiago","municipio":"","provincia":"","telefono":"","website":"","osm_type":"way","osm_id":409615699,"osm_url":"https://www.openstreetmap.org/way/409615699","fuente":"OpenStreetMap","validada":false,"incorporada":"pendiente","incorporacion_verificada":false,"validacion_pgr_dgii":"pendiente"}},{"type":"Feature","geometry":{"type":"Point","coordinates":[-69.803168,18.4773361]},"properties":{"id":"IGL-OSM-WAY-409625448","nombre":"Lugar de culto sin nombre","categoria":"Iglesias debidamente incorporadas - candidatas","religion":"christian","denominacion":"","direccion":"","ciudad":"","municipio":"","provincia":"","telefono":"","website":"","osm_type":"way","osm_id":409625448,"osm_url":"https://www.openstreetmap.org/way/409625448","fuente":"OpenStreetMap","validada":false,"incorporada":"pendiente","incorporacion_verificada":false,"validacion_pgr_dgii":"pendiente"}},{"type":"Feature","geometry":{"type":"Point","coordinates":[-69.9245516,18.5447786]},"properties":{"id":"IGL-OSM-WAY-409839331","nombre":"Lugar de culto sin nombre","categoria":"Iglesias debidamente incorporadas - candidatas","religion":"christian","denominacion":"","direccion":"","ciudad":"","municipio":"","provincia":"","telefono":"","website":"","osm_type":"way","osm_id":409839331,"osm_url":"https://www.openstreetmap.org/way/409839331","fuente":"OpenStreetMap","validada":false,"incorporada":"pendiente","incorporacion_verificada":false,"validacion_pgr_dgii":"pendiente"}},{"type":"Feature","geometry":{"type":"Point","coordinates":[-70.7047462,19.4561917]},"properties":{"id":"IGL-OSM-WAY-409874187","nombre":"Lugar de culto sin nombre","categoria":"Iglesias debidamente incorporadas - candidatas","religion":"christian","denominacion":"","direccion":"Avenida 27 de Febrero","ciudad":"Santiago","municipio":"","provincia":"","telefono":"","website":"","osm_type":"way","osm_id":409874187,"osm_url":"https://www.openstreetmap.org/way/409874187","fuente":"OpenStreetMap","validada":false,"incorporada":"pendiente","incorporacion_verificada":false,"validacion_pgr_dgii":"pendiente"}},{"type":"Feature","geometry":{"type":"Point","coordinates":[-70.7122008,19.468458]},"properties":{"id":"IGL-OSM-WAY-409880244","nombre":"Lugar de culto sin nombre","categoria":"Iglesias debidamente incorporadas - candidatas","religion":"christian","denominacion":"","direccion":"Calle 34","ciudad":"Santiago","municipio":"","provincia":"","telefono":"","website":"","osm_type":"way","osm_id":409880244,"osm_url":"https://www.openstreetmap.org/way/409880244","fuente":"OpenStreetMap","validada":false,"incorporada":"pendiente","incorporacion_verificada":false,"validacion_pgr_dgii":"pendiente"}},{"type":"Feature","geometry":{"type":"Point","coordinates":[-70.7125778,19.4692791]},"properties":{"id":"IGL-OSM-WAY-409880246","nombre":"Lugar de culto sin nombre","categoria":"Iglesias debidamente incorporadas - candidatas","religion":"christian","denominacion":"","direccion":"Avenida 27 de Febrero","ciudad":"Santiago","municipio":"","provincia":"","telefono":"","website":"","osm_type":"way","osm_id":409880246,"osm_url":"https://www.openstreetmap.org/way/409880246","fuente":"OpenStreetMap","validada":false,"incorporada":"pendiente","incorporacion_verificada":false,"validacion_pgr_dgii":"pendiente"}},{"type":"Feature","geometry":{"type":"Point","coordinates":[-70.1129988,18.4189661]},"properties":{"id":"IGL-OSM-WAY-410066290","nombre":"Lugar de culto sin nombre","categoria":"Iglesias debidamente incorporadas - candidatas","religion":"christian","denominacion":"","direccion":"Avenida Constitucion","ciudad":"San Cristóbal","municipio":"","provincia":"","telefono":"","website":"","osm_type":"way","osm_id":410066290,"osm_url":"https://www.openstreetmap.org/way/410066290","fuente":"OpenStreetMap","validada":false,"incorporada":"pendiente","incorporacion_verificada":false,"validacion_pgr_dgii":"pendiente"}},{"type":"Feature","geometry":{"type":"Point","coordinates":[-70.1103781,18.416314]},"properties":{"id":"IGL-OSM-WAY-410287165","nombre":"Lugar de culto sin nombre","categoria":"Iglesias debidamente incorporadas - candidatas","religion":"christian","denominacion":"","direccion":"Maria Trinidad Sanchez","ciudad":"San Cristóbal","municipio":"","provincia":"","telefono":"","website":"","osm_type":"way","osm_id":410287165,"osm_url":"https://www.openstreetmap.org/way/410287165","fuente":"OpenStreetMap","validada":false,"incorporada":"pendiente","incorporacion_verificada":false,"validacion_pgr_dgii":"pendiente"}},{"type":"Feature","geometry":{"type":"Point","coordinates":[-70.1196906,18.4110947]},"properties":{"id":"IGL-OSM-WAY-410301502","nombre":"Lugar de culto sin nombre","categoria":"Iglesias debidamente incorporadas - candidatas","religion":"christian","denominacion":"seventh_day_adventist","direccion":"Peaton A","ciudad":"San Cristóbal","municipio":"","provincia":"","telefono":"","website":"","osm_type":"way","osm_id":410301502,"osm_url":"https://www.openstreetmap.org/way/410301502","fuente":"OpenStreetMap","validada":false,"incorporada":"pendiente","incorporacion_verificada":false,"validacion_pgr_dgii":"pendiente"}},{"type":"Feature","geometry":{"type":"Point","coordinates":[-70.7002305,19.4660889]},"properties":{"id":"IGL-OSM-WAY-410322413","nombre":"Lugar de culto sin nombre","categoria":"Iglesias debidamente incorporadas - candidatas","religion":"christian","denominacion":"","direccion":"Av 5ra","ciudad":"Santiago","municipio":"","provincia":"","telefono":"","website":"","osm_type":"way","osm_id":410322413,"osm_url":"https://www.openstreetmap.org/way/410322413","fuente":"OpenStreetMap","validada":false,"incorporada":"pendiente","incorporacion_verificada":false,"validacion_pgr_dgii":"pendiente"}},{"type":"Feature","geometry":{"type":"Point","coordinates":[-70.6899101,19.4370325]},"properties":{"id":"IGL-OSM-WAY-410326532","nombre":"Lugar de culto sin nombre","categoria":"Iglesias debidamente incorporadas - candidatas","religion":"christian","denominacion":"","direccion":"Avenida Salvador Estrella Sadhala","ciudad":"","municipio":"","provincia":"","telefono":"","website":"","osm_type":"way","osm_id":410326532,"osm_url":"https://www.openstreetmap.org/way/410326532","fuente":"OpenStreetMap","validada":false,"incorporada":"pendiente","incorporacion_verificada":false,"validacion_pgr_dgii":"pendiente"}},{"type":"Feature","geometry":{"type":"Point","coordinates":[-70.6759942,19.4588821]},"properties":{"id":"IGL-OSM-WAY-411400840","nombre":"Lugar de culto sin nombre","categoria":"Iglesias debidamente incorporadas - candidatas","religion":"christian","denominacion":"","direccion":"Juan Pablo Duarte","ciudad":"","municipio":"","provincia":"","telefono":"","website":"","osm_type":"way","osm_id":411400840,"osm_url":"https://www.openstreetmap.org/way/411400840","fuente":"OpenStreetMap","validada":false,"incorporada":"pendiente","incorporacion_verificada":false,"validacion_pgr_dgii":"pendiente"}},{"type":"Feature","geometry":{"type":"Point","coordinates":[-69.9835097,18.5139859]},"properties":{"id":"IGL-OSM-WAY-411731954","nombre":"Lugar de culto sin nombre","categoria":"Iglesias debidamente incorporadas - candidatas","religion":"christian","denominacion":"catholic","direccion":"","ciudad":"","municipio":"","provincia":"","telefono":"","website":"","osm_type":"way","osm_id":411731954,"osm_url":"https://www.openstreetmap.org/way/411731954","fuente":"OpenStreetMap","validada":false,"incorporada":"pendiente","incorporacion_verificada":false,"validacion_pgr_dgii":"pendiente"}},{"type":"Feature","geometry":{"type":"Point","coordinates":[-69.9745525,18.4648163]},"properties":{"id":"IGL-OSM-WAY-412495660","nombre":"Lugar de culto sin nombre","categoria":"Iglesias debidamente incorporadas - candidatas","religion":"christian","denominacion":"","direccion":"","ciudad":"","municipio":"","provincia":"","telefono":"","website":"","osm_type":"way","osm_id":412495660,"osm_url":"https://www.openstreetmap.org/way/412495660","fuente":"OpenStreetMap","validada":false,"incorporada":"pendiente","incorporacion_verificada":false,"validacion_pgr_dgii":"pendiente"}},{"type":"Feature","geometry":{"type":"Point","coordinates":[-70.0951159,18.5705652]},"properties":{"id":"IGL-OSM-WAY-412551813","nombre":"Lugar de culto sin nombre","categoria":"Iglesias debidamente incorporadas - candidatas","religion":"christian","denominacion":"","direccion":"Autopista Duarte","ciudad":"","municipio":"","provincia":"","telefono":"","website":"","osm_type":"way","osm_id":412551813,"osm_url":"https://www.openstreetmap.org/way/412551813","fuente":"OpenStreetMap","validada":false,"incorporada":"pendiente","incorporacion_verificada":false,"validacion_pgr_dgii":"pendiente"}},{"type":"Feature","geometry":{"type":"Point","coordinates":[-69.9078186,18.4961816]},"properties":{"id":"IGL-OSM-WAY-413440249","nombre":"Lugar de culto sin nombre","categoria":"Iglesias debidamente incorporadas - candidatas","religion":"christian","denominacion":"","direccion":"Calle Moca","ciudad":"","municipio":"","provincia":"","telefono":"","website":"","osm_type":"way","osm_id":413440249,"osm_url":"https://www.openstreetmap.org/way/413440249","fuente":"OpenStreetMap","validada":false,"incorporada":"pendiente","incorporacion_verificada":false,"validacion_pgr_dgii":"pendiente"}},{"type":"Feature","geometry":{"type":"Point","coordinates":[-69.9124232,18.5017786]},"properties":{"id":"IGL-OSM-WAY-413442281","nombre":"Lugar de culto sin nombre","categoria":"Iglesias debidamente incorporadas - candidatas","religion":"christian","denominacion":"","direccion":"","ciudad":"","municipio":"","provincia":"","telefono":"","website":"","osm_type":"way","osm_id":413442281,"osm_url":"https://www.openstreetmap.org/way/413442281","fuente":"OpenStreetMap","validada":false,"incorporada":"pendiente","incorporacion_verificada":false,"validacion_pgr_dgii":"pendiente"}},{"type":"Feature","geometry":{"type":"Point","coordinates":[-70.1743245,18.6719157]},"properties":{"id":"IGL-OSM-WAY-413690676","nombre":"Lugar de culto sin nombre","categoria":"Iglesias debidamente incorporadas - candidatas","religion":"christian","denominacion":"","direccion":"Avenida Duarte","ciudad":"Villa Altagracia","municipio":"","provincia":"","telefono":"","website":"","osm_type":"way","osm_id":413690676,"osm_url":"https://www.openstreetmap.org/way/413690676","fuente":"OpenStreetMap","validada":false,"incorporada":"pendiente","incorporacion_verificada":false,"validacion_pgr_dgii":"pendiente"}},{"type":"Feature","geometry":{"type":"Point","coordinates":[-70.6167968,19.3810487]},"properties":{"id":"IGL-OSM-WAY-413746731","nombre":"Lugar de culto sin nombre","categoria":"Iglesias debidamente incorporadas - candidatas","religion":"christian","denominacion":"","direccion":"","ciudad":"","municipio":"","provincia":"","telefono":"","website":"","osm_type":"way","osm_id":413746731,"osm_url":"https://www.openstreetmap.org/way/413746731","fuente":"OpenStreetMap","validada":false,"incorporada":"pendiente","incorporacion_verificada":false,"validacion_pgr_dgii":"pendiente"}},{"type":"Feature","geometry":{"type":"Point","coordinates":[-70.536985,19.2416241]},"properties":{"id":"IGL-OSM-WAY-413956992","nombre":"Lugar de culto sin nombre","categoria":"Iglesias debidamente incorporadas - candidatas","religion":"christian","denominacion":"","direccion":"Moca - La Vega","ciudad":"","municipio":"","provincia":"","telefono":"","website":"","osm_type":"way","osm_id":413956992,"osm_url":"https://www.openstreetmap.org/way/413956992","fuente":"OpenStreetMap","validada":false,"incorporada":"pendiente","incorporacion_verificada":false,"validacion_pgr_dgii":"pendiente"}},{"type":"Feature","geometry":{"type":"Point","coordinates":[-70.5345231,19.2235942]},"properties":{"id":"IGL-OSM-WAY-414000653","nombre":"Lugar de culto sin nombre","categoria":"Iglesias debidamente incorporadas - candidatas","religion":"christian","denominacion":"","direccion":"Calle Juana Dolores G","ciudad":"La Vega","municipio":"","provincia":"","telefono":"","website":"","osm_type":"way","osm_id":414000653,"osm_url":"https://www.openstreetmap.org/way/414000653","fuente":"OpenStreetMap","validada":false,"incorporada":"pendiente","incorporacion_verificada":false,"validacion_pgr_dgii":"pendiente"}},{"type":"Feature","geometry":{"type":"Point","coordinates":[-70.1076147,18.411624]},"properties":{"id":"IGL-OSM-WAY-414034740","nombre":"Lugar de culto sin nombre","categoria":"Iglesias debidamente incorporadas - candidatas","religion":"christian","denominacion":"","direccion":"Avenida Constitución","ciudad":"San Cristóbal","municipio":"","provincia":"","telefono":"","website":"","osm_type":"way","osm_id":414034740,"osm_url":"https://www.openstreetmap.org/way/414034740","fuente":"OpenStreetMap","validada":false,"incorporada":"pendiente","incorporacion_verificada":false,"validacion_pgr_dgii":"pendiente"}},{"type":"Feature","geometry":{"type":"Point","coordinates":[-70.1069648,18.4078595]},"properties":{"id":"IGL-OSM-WAY-414293009","nombre":"Lugar de culto sin nombre","categoria":"Iglesias debidamente incorporadas - candidatas","religion":"christian","denominacion":"mormon","direccion":"Calle Bernardo Aliez","ciudad":"San Cristóbal","municipio":"","provincia":"","telefono":"","website":"","osm_type":"way","osm_id":414293009,"osm_url":"https://www.openstreetmap.org/way/414293009","fuente":"OpenStreetMap","validada":false,"incorporada":"pendiente","incorporacion_verificada":false,"validacion_pgr_dgii":"pendiente"}},{"type":"Feature","geometry":{"type":"Point","coordinates":[-70.1107938,18.3995696]},"properties":{"id":"IGL-OSM-WAY-414297383","nombre":"Lugar de culto sin nombre","categoria":"Iglesias debidamente incorporadas - candidatas","religion":"christian","denominacion":"","direccion":"Calle Pablo Barinas","ciudad":"San Cristóbal","municipio":"","provincia":"","telefono":"","website":"","osm_type":"way","osm_id":414297383,"osm_url":"https://www.openstreetmap.org/way/414297383","fuente":"OpenStreetMap","validada":false,"incorporada":"pendiente","incorporacion_verificada":false,"validacion_pgr_dgii":"pendiente"}},{"type":"Feature","geometry":{"type":"Point","coordinates":[-69.8527062,18.4981278]},"properties":{"id":"IGL-OSM-WAY-423204307","nombre":"Lugar de culto sin nombre","categoria":"Iglesias debidamente incorporadas - candidatas","religion":"christian","denominacion":"","direccion":"","ciudad":"","municipio":"","provincia":"","telefono":"","website":"","osm_type":"way","osm_id":423204307,"osm_url":"https://www.openstreetmap.org/way/423204307","fuente":"OpenStreetMap","validada":false,"incorporada":"pendiente","incorporacion_verificada":false,"validacion_pgr_dgii":"pendiente"}},{"type":"Feature","geometry":{"type":"Point","coordinates":[-70.0121408,18.524149]},"properties":{"id":"IGL-OSM-WAY-423692227","nombre":"Lugar de culto sin nombre","categoria":"Iglesias debidamente incorporadas - candidatas","religion":"","denominacion":"","direccion":"","ciudad":"","municipio":"","provincia":"","telefono":"","website":"","osm_type":"way","osm_id":423692227,"osm_url":"https://www.openstreetmap.org/way/423692227","fuente":"OpenStreetMap","validada":false,"incorporada":"pendiente","incorporacion_verificada":false,"validacion_pgr_dgii":"pendiente"}},{"type":"Feature","geometry":{"type":"Point","coordinates":[-71.7453354,18.0349786]},"properties":{"id":"IGL-OSM-WAY-446968561","nombre":"Lugar de culto sin nombre","categoria":"Iglesias debidamente incorporadas - candidatas","religion":"christian","denominacion":"catholic","direccion":"","ciudad":"","municipio":"","provincia":"","telefono":"","website":"","osm_type":"way","osm_id":446968561,"osm_url":"https://www.openstreetmap.org/way/446968561","fuente":"OpenStreetMap","validada":false,"incorporada":"pendiente","incorporacion_verificada":false,"validacion_pgr_dgii":"pendiente"}},{"type":"Feature","geometry":{"type":"Point","coordinates":[-71.7440529,18.0340068]},"properties":{"id":"IGL-OSM-WAY-446968811","nombre":"Lugar de culto sin nombre","categoria":"Iglesias debidamente incorporadas - candidatas","religion":"christian","denominacion":"evangelical","direccion":"","ciudad":"","municipio":"","provincia":"","telefono":"","website":"","osm_type":"way","osm_id":446968811,"osm_url":"https://www.openstreetmap.org/way/446968811","fuente":"OpenStreetMap","validada":false,"incorporada":"pendiente","incorporacion_verificada":false,"validacion_pgr_dgii":"pendiente"}},{"type":"Feature","geometry":{"type":"Point","coordinates":[-69.9591115,18.4505228]},"properties":{"id":"IGL-OSM-WAY-462685327","nombre":"Lugar de culto sin nombre","categoria":"Iglesias debidamente incorporadas - candidatas","religion":"christian","denominacion":"","direccion":"","ciudad":"","municipio":"","provincia":"","telefono":"","website":"","osm_type":"way","osm_id":462685327,"osm_url":"https://www.openstreetmap.org/way/462685327","fuente":"OpenStreetMap","validada":false,"incorporada":"pendiente","incorporacion_verificada":false,"validacion_pgr_dgii":"pendiente"}},{"type":"Feature","geometry":{"type":"Point","coordinates":[-69.9559727,18.4474533]},"properties":{"id":"IGL-OSM-WAY-462687394","nombre":"Lugar de culto sin nombre","categoria":"Iglesias debidamente incorporadas - candidatas","religion":"","denominacion":"","direccion":"Avenida Sarasota","ciudad":"Santo Domingo","municipio":"","provincia":"","telefono":"","website":"","osm_type":"way","osm_id":462687394,"osm_url":"https://www.openstreetmap.org/way/462687394","fuente":"OpenStreetMap","validada":false,"incorporada":"pendiente","incorporacion_verificada":false,"validacion_pgr_dgii":"pendiente"}},{"type":"Feature","geometry":{"type":"Point","coordinates":[-69.9710972,18.4440176]},"properties":{"id":"IGL-OSM-WAY-463314577","nombre":"Lugar de culto sin nombre","categoria":"Iglesias debidamente incorporadas - candidatas","religion":"christian","denominacion":"","direccion":"","ciudad":"","municipio":"","provincia":"","telefono":"","website":"","osm_type":"way","osm_id":463314577,"osm_url":"https://www.openstreetmap.org/way/463314577","fuente":"OpenStreetMap","validada":false,"incorporada":"pendiente","incorporacion_verificada":false,"validacion_pgr_dgii":"pendiente"}},{"type":"Feature","geometry":{"type":"Point","coordinates":[-69.9782193,18.4342469]},"properties":{"id":"IGL-OSM-WAY-463320491","nombre":"Lugar de culto sin nombre","categoria":"Iglesias debidamente incorporadas - candidatas","religion":"","denominacion":"","direccion":"","ciudad":"","municipio":"","provincia":"","telefono":"","website":"","osm_type":"way","osm_id":463320491,"osm_url":"https://www.openstreetmap.org/way/463320491","fuente":"OpenStreetMap","validada":false,"incorporada":"pendiente","incorporacion_verificada":false,"validacion_pgr_dgii":"pendiente"}},{"type":"Feature","geometry":{"type":"Point","coordinates":[-69.9531084,18.4498857]},"properties":{"id":"IGL-OSM-WAY-463332525","nombre":"Lugar de culto sin nombre","categoria":"Iglesias debidamente incorporadas - candidatas","religion":"","denominacion":"","direccion":"Avenida Sarasota","ciudad":"Santo Domingo","municipio":"","provincia":"","telefono":"","website":"","osm_type":"way","osm_id":463332525,"osm_url":"https://www.openstreetmap.org/way/463332525","fuente":"OpenStreetMap","validada":false,"incorporada":"pendiente","incorporacion_verificada":false,"validacion_pgr_dgii":"pendiente"}},{"type":"Feature","geometry":{"type":"Point","coordinates":[-69.9532552,18.4492648]},"properties":{"id":"IGL-OSM-WAY-463332526","nombre":"Lugar de culto sin nombre","categoria":"Iglesias debidamente incorporadas - candidatas","religion":"","denominacion":"","direccion":"","ciudad":"Santo Domingo","municipio":"","provincia":"","telefono":"","website":"","osm_type":"way","osm_id":463332526,"osm_url":"https://www.openstreetmap.org/way/463332526","fuente":"OpenStreetMap","validada":false,"incorporada":"pendiente","incorporacion_verificada":false,"validacion_pgr_dgii":"pendiente"}},{"type":"Feature","geometry":{"type":"Point","coordinates":[-69.9530782,18.4489143]},"properties":{"id":"IGL-OSM-WAY-463332527","nombre":"Lugar de culto sin nombre","categoria":"Iglesias debidamente incorporadas - candidatas","religion":"","denominacion":"","direccion":"","ciudad":"Santo Domingo","municipio":"","provincia":"","telefono":"","website":"","osm_type":"way","osm_id":463332527,"osm_url":"https://www.openstreetmap.org/way/463332527","fuente":"OpenStreetMap","validada":false,"incorporada":"pendiente","incorporacion_verificada":false,"validacion_pgr_dgii":"pendiente"}},{"type":"Feature","geometry":{"type":"Point","coordinates":[-69.9530226,18.4487705]},"properties":{"id":"IGL-OSM-WAY-463332528","nombre":"Lugar de culto sin nombre","categoria":"Iglesias debidamente incorporadas - candidatas","religion":"","denominacion":"","direccion":"","ciudad":"Santo Domingo","municipio":"","provincia":"","telefono":"","website":"","osm_type":"way","osm_id":463332528,"osm_url":"https://www.openstreetmap.org/way/463332528","fuente":"OpenStreetMap","validada":false,"incorporada":"pendiente","incorporacion_verificada":false,"validacion_pgr_dgii":"pendiente"}},{"type":"Feature","geometry":{"type":"Point","coordinates":[-69.9522635,18.4495701]},"properties":{"id":"IGL-OSM-WAY-463332529","nombre":"Lugar de culto sin nombre","categoria":"Iglesias debidamente incorporadas - candidatas","religion":"","denominacion":"","direccion":"","ciudad":"","municipio":"","provincia":"","telefono":"","website":"","osm_type":"way","osm_id":463332529,"osm_url":"https://www.openstreetmap.org/way/463332529","fuente":"OpenStreetMap","validada":false,"incorporada":"pendiente","incorporacion_verificada":false,"validacion_pgr_dgii":"pendiente"}},{"type":"Feature","geometry":{"type":"Point","coordinates":[-69.9521669,18.4493984]},"properties":{"id":"IGL-OSM-WAY-463332531","nombre":"Lugar de culto sin nombre","categoria":"Iglesias debidamente incorporadas - candidatas","religion":"","denominacion":"","direccion":"","ciudad":"","municipio":"","provincia":"","telefono":"","website":"","osm_type":"way","osm_id":463332531,"osm_url":"https://www.openstreetmap.org/way/463332531","fuente":"OpenStreetMap","validada":false,"incorporada":"pendiente","incorporacion_verificada":false,"validacion_pgr_dgii":"pendiente"}},{"type":"Feature","geometry":{"type":"Point","coordinates":[-69.955996,18.4480882]},"properties":{"id":"IGL-OSM-WAY-463387757","nombre":"Lugar de culto sin nombre","categoria":"Iglesias debidamente incorporadas - candidatas","religion":"","denominacion":"","direccion":"Calle Jesus Maestro","ciudad":"Santo Domingo","municipio":"","provincia":"","telefono":"","website":"","osm_type":"way","osm_id":463387757,"osm_url":"https://www.openstreetmap.org/way/463387757","fuente":"OpenStreetMap","validada":false,"incorporada":"pendiente","incorporacion_verificada":false,"validacion_pgr_dgii":"pendiente"}},{"type":"Feature","geometry":{"type":"Point","coordinates":[-69.9889845,18.426166]},"properties":{"id":"IGL-OSM-WAY-464828518","nombre":"Lugar de culto sin nombre","categoria":"Iglesias debidamente incorporadas - candidatas","religion":"christian","denominacion":"","direccion":"","ciudad":"","municipio":"","provincia":"","telefono":"","website":"","osm_type":"way","osm_id":464828518,"osm_url":"https://www.openstreetmap.org/way/464828518","fuente":"OpenStreetMap","validada":false,"incorporada":"pendiente","incorporacion_verificada":false,"validacion_pgr_dgii":"pendiente"}},{"type":"Feature","geometry":{"type":"Point","coordinates":[-69.9620438,18.4546629]},"properties":{"id":"IGL-OSM-WAY-465380692","nombre":"Lugar de culto sin nombre","categoria":"Iglesias debidamente incorporadas - candidatas","religion":"christian","denominacion":"","direccion":"Calle Teodoro Chasseriau","ciudad":"","municipio":"","provincia":"","telefono":"","website":"","osm_type":"way","osm_id":465380692,"osm_url":"https://www.openstreetmap.org/way/465380692","fuente":"OpenStreetMap","validada":false,"incorporada":"pendiente","incorporacion_verificada":false,"validacion_pgr_dgii":"pendiente"}},{"type":"Feature","geometry":{"type":"Point","coordinates":[-70.1256383,18.4311523]},"properties":{"id":"IGL-OSM-WAY-468564130","nombre":"Lugar de culto sin nombre","categoria":"Iglesias debidamente incorporadas - candidatas","religion":"christian","denominacion":"","direccion":"","ciudad":"","municipio":"","provincia":"","telefono":"","website":"","osm_type":"way","osm_id":468564130,"osm_url":"https://www.openstreetmap.org/way/468564130","fuente":"OpenStreetMap","validada":false,"incorporada":"pendiente","incorporacion_verificada":false,"validacion_pgr_dgii":"pendiente"}},{"type":"Feature","geometry":{"type":"Point","coordinates":[-70.1274952,18.4502784]},"properties":{"id":"IGL-OSM-WAY-468735196","nombre":"Lugar de culto sin nombre","categoria":"Iglesias debidamente incorporadas - candidatas","religion":"christian","denominacion":"","direccion":"","ciudad":"","municipio":"","provincia":"","telefono":"","website":"","osm_type":"way","osm_id":468735196,"osm_url":"https://www.openstreetmap.org/way/468735196","fuente":"OpenStreetMap","validada":false,"incorporada":"pendiente","incorporacion_verificada":false,"validacion_pgr_dgii":"pendiente"}},{"type":"Feature","geometry":{"type":"Point","coordinates":[-70.1263395,18.4380888]},"properties":{"id":"IGL-OSM-WAY-468747755","nombre":"Lugar de culto sin nombre","categoria":"Iglesias debidamente incorporadas - candidatas","religion":"christian","denominacion":"catholic","direccion":"","ciudad":"","municipio":"","provincia":"","telefono":"","website":"","osm_type":"way","osm_id":468747755,"osm_url":"https://www.openstreetmap.org/way/468747755","fuente":"OpenStreetMap","validada":false,"incorporada":"pendiente","incorporacion_verificada":false,"validacion_pgr_dgii":"pendiente"}},{"type":"Feature","geometry":{"type":"Point","coordinates":[-70.1236106,18.4362139]},"properties":{"id":"IGL-OSM-WAY-468747758","nombre":"Lugar de culto sin nombre","categoria":"Iglesias debidamente incorporadas - candidatas","religion":"christian","denominacion":"protestant","direccion":"","ciudad":"","municipio":"","provincia":"","telefono":"","website":"","osm_type":"way","osm_id":468747758,"osm_url":"https://www.openstreetmap.org/way/468747758","fuente":"OpenStreetMap","validada":false,"incorporada":"pendiente","incorporacion_verificada":false,"validacion_pgr_dgii":"pendiente"}},{"type":"Feature","geometry":{"type":"Point","coordinates":[-70.1216376,18.4355551]},"properties":{"id":"IGL-OSM-WAY-468747759","nombre":"Lugar de culto sin nombre","categoria":"Iglesias debidamente incorporadas - candidatas","religion":"christian","denominacion":"protestant","direccion":"","ciudad":"","municipio":"","provincia":"","telefono":"","website":"","osm_type":"way","osm_id":468747759,"osm_url":"https://www.openstreetmap.org/way/468747759","fuente":"OpenStreetMap","validada":false,"incorporada":"pendiente","incorporacion_verificada":false,"validacion_pgr_dgii":"pendiente"}},{"type":"Feature","geometry":{"type":"Point","coordinates":[-70.1266722,18.4277094]},"properties":{"id":"IGL-OSM-WAY-468747761","nombre":"Lugar de culto sin nombre","categoria":"Iglesias debidamente incorporadas - candidatas","religion":"christian","denominacion":"","direccion":"","ciudad":"","municipio":"","provincia":"","telefono":"","website":"","osm_type":"way","osm_id":468747761,"osm_url":"https://www.openstreetmap.org/way/468747761","fuente":"OpenStreetMap","validada":false,"incorporada":"pendiente","incorporacion_verificada":false,"validacion_pgr_dgii":"pendiente"}},{"type":"Feature","geometry":{"type":"Point","coordinates":[-70.1026368,18.4613022]},"properties":{"id":"IGL-OSM-WAY-468790311","nombre":"Lugar de culto sin nombre","categoria":"Iglesias debidamente incorporadas - candidatas","religion":"christian","denominacion":"","direccion":"","ciudad":"","municipio":"","provincia":"","telefono":"","website":"","osm_type":"way","osm_id":468790311,"osm_url":"https://www.openstreetmap.org/way/468790311","fuente":"OpenStreetMap","validada":false,"incorporada":"pendiente","incorporacion_verificada":false,"validacion_pgr_dgii":"pendiente"}},{"type":"Feature","geometry":{"type":"Point","coordinates":[-70.1333216,18.4261268]},"properties":{"id":"IGL-OSM-WAY-469492845","nombre":"Lugar de culto sin nombre","categoria":"Iglesias debidamente incorporadas - candidatas","religion":"christian","denominacion":"","direccion":"","ciudad":"","municipio":"","provincia":"","telefono":"","website":"","osm_type":"way","osm_id":469492845,"osm_url":"https://www.openstreetmap.org/way/469492845","fuente":"OpenStreetMap","validada":false,"incorporada":"pendiente","incorporacion_verificada":false,"validacion_pgr_dgii":"pendiente"}},{"type":"Feature","geometry":{"type":"Point","coordinates":[-69.9561781,18.4487713]},"properties":{"id":"IGL-OSM-WAY-478345608","nombre":"Lugar de culto sin nombre","categoria":"Iglesias debidamente incorporadas - candidatas","religion":"","denominacion":"","direccion":"Calle Jesus Maestro","ciudad":"Santo Domingo","municipio":"","provincia":"","telefono":"","website":"","osm_type":"way","osm_id":478345608,"osm_url":"https://www.openstreetmap.org/way/478345608","fuente":"OpenStreetMap","validada":false,"incorporada":"pendiente","incorporacion_verificada":false,"validacion_pgr_dgii":"pendiente"}},{"type":"Feature","geometry":{"type":"Point","coordinates":[-69.9561106,18.4485064]},"properties":{"id":"IGL-OSM-WAY-478368527","nombre":"Lugar de culto sin nombre","categoria":"Iglesias debidamente incorporadas - candidatas","religion":"","denominacion":"","direccion":"Calle Jesus Maestro","ciudad":"Santo Domingo","municipio":"","provincia":"","telefono":"","website":"","osm_type":"way","osm_id":478368527,"osm_url":"https://www.openstreetmap.org/way/478368527","fuente":"OpenStreetMap","validada":false,"incorporada":"pendiente","incorporacion_verificada":false,"validacion_pgr_dgii":"pendiente"}},{"type":"Feature","geometry":{"type":"Point","coordinates":[-68.8418778,18.3690863]},"properties":{"id":"IGL-OSM-WAY-540475890","nombre":"Lugar de culto sin nombre","categoria":"Iglesias debidamente incorporadas - candidatas","religion":"","denominacion":"","direccion":"","ciudad":"","municipio":"","provincia":"","telefono":"","website":"","osm_type":"way","osm_id":540475890,"osm_url":"https://www.openstreetmap.org/way/540475890","fuente":"OpenStreetMap","validada":false,"incorporada":"pendiente","incorporacion_verificada":false,"validacion_pgr_dgii":"pendiente"}},{"type":"Feature","geometry":{"type":"Point","coordinates":[-69.2555624,18.769187]},"properties":{"id":"IGL-OSM-WAY-550920705","nombre":"Lugar de culto sin nombre","categoria":"Iglesias debidamente incorporadas - candidatas","religion":"","denominacion":"","direccion":"","ciudad":"","municipio":"","provincia":"","telefono":"","website":"","osm_type":"way","osm_id":550920705,"osm_url":"https://www.openstreetmap.org/way/550920705","fuente":"OpenStreetMap","validada":false,"incorporada":"pendiente","incorporacion_verificada":false,"validacion_pgr_dgii":"pendiente"}},{"type":"Feature","geometry":{"type":"Point","coordinates":[-69.252048,18.7645529]},"properties":{"id":"IGL-OSM-WAY-553159645","nombre":"Lugar de culto sin nombre","categoria":"Iglesias debidamente incorporadas - candidatas","religion":"","denominacion":"","direccion":"","ciudad":"","municipio":"","provincia":"","telefono":"","website":"","osm_type":"way","osm_id":553159645,"osm_url":"https://www.openstreetmap.org/way/553159645","fuente":"OpenStreetMap","validada":false,"incorporada":"pendiente","incorporacion_verificada":false,"validacion_pgr_dgii":"pendiente"}},{"type":"Feature","geometry":{"type":"Point","coordinates":[-69.988034,19.2888547]},"properties":{"id":"IGL-OSM-WAY-563424627","nombre":"Lugar de culto sin nombre","categoria":"Iglesias debidamente incorporadas - candidatas","religion":"","denominacion":"","direccion":"","ciudad":"","municipio":"","provincia":"","telefono":"","website":"","osm_type":"way","osm_id":563424627,"osm_url":"https://www.openstreetmap.org/way/563424627","fuente":"OpenStreetMap","validada":false,"incorporada":"pendiente","incorporacion_verificada":false,"validacion_pgr_dgii":"pendiente"}},{"type":"Feature","geometry":{"type":"Point","coordinates":[-68.7194552,18.6125378]},"properties":{"id":"IGL-OSM-WAY-580265837","nombre":"Lugar de culto sin nombre","categoria":"Iglesias debidamente incorporadas - candidatas","religion":"christian","denominacion":"Evangélica","direccion":"","ciudad":"","municipio":"","provincia":"","telefono":"","website":"","osm_type":"way","osm_id":580265837,"osm_url":"https://www.openstreetmap.org/way/580265837","fuente":"OpenStreetMap","validada":false,"incorporada":"pendiente","incorporacion_verificada":false,"validacion_pgr_dgii":"pendiente"}},{"type":"Feature","geometry":{"type":"Point","coordinates":[-69.8490907,18.5038184]},"properties":{"id":"IGL-OSM-WAY-647076837","nombre":"Lugar de culto sin nombre","categoria":"Iglesias debidamente incorporadas - candidatas","religion":"christian","denominacion":"","direccion":"","ciudad":"","municipio":"","provincia":"","telefono":"","website":"","osm_type":"way","osm_id":647076837,"osm_url":"https://www.openstreetmap.org/way/647076837","fuente":"OpenStreetMap","validada":false,"incorporada":"pendiente","incorporacion_verificada":false,"validacion_pgr_dgii":"pendiente"}},{"type":"Feature","geometry":{"type":"Point","coordinates":[-69.9091443,18.5284001]},"properties":{"id":"IGL-OSM-WAY-663093484","nombre":"Lugar de culto sin nombre","categoria":"Iglesias debidamente incorporadas - candidatas","religion":"","denominacion":"","direccion":"Avenida Hermanas Mirabal","ciudad":"","municipio":"","provincia":"","telefono":"","website":"","osm_type":"way","osm_id":663093484,"osm_url":"https://www.openstreetmap.org/way/663093484","fuente":"OpenStreetMap","validada":false,"incorporada":"pendiente","incorporacion_verificada":false,"validacion_pgr_dgii":"pendiente"}},{"type":"Feature","geometry":{"type":"Point","coordinates":[-70.6237996,19.484785]},"properties":{"id":"IGL-OSM-WAY-669598728","nombre":"Lugar de culto sin nombre","categoria":"Iglesias debidamente incorporadas - candidatas","religion":"","denominacion":"","direccion":"","ciudad":"","municipio":"","provincia":"","telefono":"","website":"","osm_type":"way","osm_id":669598728,"osm_url":"https://www.openstreetmap.org/way/669598728","fuente":"OpenStreetMap","validada":false,"incorporada":"pendiente","incorporacion_verificada":false,"validacion_pgr_dgii":"pendiente"}},{"type":"Feature","geometry":{"type":"Point","coordinates":[-70.4147823,18.9303156]},"properties":{"id":"IGL-OSM-WAY-675665906","nombre":"Lugar de culto sin nombre","categoria":"Iglesias debidamente incorporadas - candidatas","religion":"","denominacion":"","direccion":"","ciudad":"","municipio":"","provincia":"","telefono":"","website":"","osm_type":"way","osm_id":675665906,"osm_url":"https://www.openstreetmap.org/way/675665906","fuente":"OpenStreetMap","validada":false,"incorporada":"pendiente","incorporacion_verificada":false,"validacion_pgr_dgii":"pendiente"}},{"type":"Feature","geometry":{"type":"Point","coordinates":[-70.4113646,18.9363983]},"properties":{"id":"IGL-OSM-WAY-675749090","nombre":"Lugar de culto sin nombre","categoria":"Iglesias debidamente incorporadas - candidatas","religion":"christian","denominacion":"","direccion":"","ciudad":"","municipio":"","provincia":"","telefono":"","website":"","osm_type":"way","osm_id":675749090,"osm_url":"https://www.openstreetmap.org/way/675749090","fuente":"OpenStreetMap","validada":false,"incorporada":"pendiente","incorporacion_verificada":false,"validacion_pgr_dgii":"pendiente"}},{"type":"Feature","geometry":{"type":"Point","coordinates":[-70.2557124,19.2988297]},"properties":{"id":"IGL-OSM-WAY-688647390","nombre":"Lugar de culto sin nombre","categoria":"Iglesias debidamente incorporadas - candidatas","religion":"","denominacion":"","direccion":"","ciudad":"","municipio":"","provincia":"","telefono":"","website":"","osm_type":"way","osm_id":688647390,"osm_url":"https://www.openstreetmap.org/way/688647390","fuente":"OpenStreetMap","validada":false,"incorporada":"pendiente","incorporacion_verificada":false,"validacion_pgr_dgii":"pendiente"}},{"type":"Feature","geometry":{"type":"Point","coordinates":[-68.4156823,18.607471]},"properties":{"id":"IGL-OSM-WAY-689034092","nombre":"Lugar de culto sin nombre","categoria":"Iglesias debidamente incorporadas - candidatas","religion":"","denominacion":"","direccion":"","ciudad":"","municipio":"","provincia":"","telefono":"","website":"","osm_type":"way","osm_id":689034092,"osm_url":"https://www.openstreetmap.org/way/689034092","fuente":"OpenStreetMap","validada":false,"incorporada":"pendiente","incorporacion_verificada":false,"validacion_pgr_dgii":"pendiente"}},{"type":"Feature","geometry":{"type":"Point","coordinates":[-68.4156676,18.608511]},"properties":{"id":"IGL-OSM-WAY-689260917","nombre":"Lugar de culto sin nombre","categoria":"Iglesias debidamente incorporadas - candidatas","religion":"","denominacion":"","direccion":"","ciudad":"","municipio":"","provincia":"","telefono":"","website":"","osm_type":"way","osm_id":689260917,"osm_url":"https://www.openstreetmap.org/way/689260917","fuente":"OpenStreetMap","validada":false,"incorporada":"pendiente","incorporacion_verificada":false,"validacion_pgr_dgii":"pendiente"}},{"type":"Feature","geometry":{"type":"Point","coordinates":[-68.4163015,18.6093212]},"properties":{"id":"IGL-OSM-WAY-689260925","nombre":"Lugar de culto sin nombre","categoria":"Iglesias debidamente incorporadas - candidatas","religion":"","denominacion":"","direccion":"","ciudad":"","municipio":"","provincia":"","telefono":"","website":"","osm_type":"way","osm_id":689260925,"osm_url":"https://www.openstreetmap.org/way/689260925","fuente":"OpenStreetMap","validada":false,"incorporada":"pendiente","incorporacion_verificada":false,"validacion_pgr_dgii":"pendiente"}},{"type":"Feature","geometry":{"type":"Point","coordinates":[-68.4161497,18.6084353]},"properties":{"id":"IGL-OSM-WAY-689262389","nombre":"Lugar de culto sin nombre","categoria":"Iglesias debidamente incorporadas - candidatas","religion":"","denominacion":"","direccion":"","ciudad":"","municipio":"","provincia":"","telefono":"","website":"","osm_type":"way","osm_id":689262389,"osm_url":"https://www.openstreetmap.org/way/689262389","fuente":"OpenStreetMap","validada":false,"incorporada":"pendiente","incorporacion_verificada":false,"validacion_pgr_dgii":"pendiente"}},{"type":"Feature","geometry":{"type":"Point","coordinates":[-70.5227871,19.2217512]},"properties":{"id":"IGL-OSM-WAY-708528564","nombre":"Lugar de culto sin nombre","categoria":"Iglesias debidamente incorporadas - candidatas","religion":"","denominacion":"","direccion":"","ciudad":"","municipio":"","provincia":"","telefono":"","website":"","osm_type":"way","osm_id":708528564,"osm_url":"https://www.openstreetmap.org/way/708528564","fuente":"OpenStreetMap","validada":false,"incorporada":"pendiente","incorporacion_verificada":false,"validacion_pgr_dgii":"pendiente"}},{"type":"Feature","geometry":{"type":"Point","coordinates":[-70.8871544,19.562476]},"properties":{"id":"IGL-OSM-WAY-711491263","nombre":"Lugar de culto sin nombre","categoria":"Iglesias debidamente incorporadas - candidatas","religion":"","denominacion":"","direccion":"","ciudad":"","municipio":"","provincia":"","telefono":"","website":"","osm_type":"way","osm_id":711491263,"osm_url":"https://www.openstreetmap.org/way/711491263","fuente":"OpenStreetMap","validada":false,"incorporada":"pendiente","incorporacion_verificada":false,"validacion_pgr_dgii":"pendiente"}},{"type":"Feature","geometry":{"type":"Point","coordinates":[-70.0826117,18.5737023]},"properties":{"id":"IGL-OSM-WAY-712683976","nombre":"Lugar de culto sin nombre","categoria":"Iglesias debidamente incorporadas - candidatas","religion":"christian","denominacion":"","direccion":"","ciudad":"","municipio":"","provincia":"","telefono":"","website":"","osm_type":"way","osm_id":712683976,"osm_url":"https://www.openstreetmap.org/way/712683976","fuente":"OpenStreetMap","validada":false,"incorporada":"pendiente","incorporacion_verificada":false,"validacion_pgr_dgii":"pendiente"}},{"type":"Feature","geometry":{"type":"Point","coordinates":[-70.7798931,19.5346525]},"properties":{"id":"IGL-OSM-WAY-718440514","nombre":"Lugar de culto sin nombre","categoria":"Iglesias debidamente incorporadas - candidatas","religion":"christian","denominacion":"jehovahs_witness","direccion":"","ciudad":"","municipio":"","provincia":"","telefono":"","website":"","osm_type":"way","osm_id":718440514,"osm_url":"https://www.openstreetmap.org/way/718440514","fuente":"OpenStreetMap","validada":false,"incorporada":"pendiente","incorporacion_verificada":false,"validacion_pgr_dgii":"pendiente"}},{"type":"Feature","geometry":{"type":"Point","coordinates":[-68.4091877,18.5132669]},"properties":{"id":"IGL-OSM-WAY-776348439","nombre":"Lugar de culto sin nombre","categoria":"Iglesias debidamente incorporadas - candidatas","religion":"","denominacion":"","direccion":"","ciudad":"","municipio":"","provincia":"","telefono":"","website":"","osm_type":"way","osm_id":776348439,"osm_url":"https://www.openstreetmap.org/way/776348439","fuente":"OpenStreetMap","validada":false,"incorporada":"pendiente","incorporacion_verificada":false,"validacion_pgr_dgii":"pendiente"}},{"type":"Feature","geometry":{"type":"Point","coordinates":[-69.9413568,18.4796447]},"properties":{"id":"IGL-OSM-WAY-780597450","nombre":"Lugar de culto sin nombre","categoria":"Iglesias debidamente incorporadas - candidatas","religion":"","denominacion":"","direccion":"","ciudad":"","municipio":"","provincia":"","telefono":"","website":"","osm_type":"way","osm_id":780597450,"osm_url":"https://www.openstreetmap.org/way/780597450","fuente":"OpenStreetMap","validada":false,"incorporada":"pendiente","incorporacion_verificada":false,"validacion_pgr_dgii":"pendiente"}},{"type":"Feature","geometry":{"type":"Point","coordinates":[-68.7340449,18.6264622]},"properties":{"id":"IGL-OSM-WAY-864492047","nombre":"Lugar de culto sin nombre","categoria":"Iglesias debidamente incorporadas - candidatas","religion":"christian","denominacion":"","direccion":"","ciudad":"","municipio":"","provincia":"","telefono":"","website":"","osm_type":"way","osm_id":864492047,"osm_url":"https://www.openstreetmap.org/way/864492047","fuente":"OpenStreetMap","validada":false,"incorporada":"pendiente","incorporacion_verificada":false,"validacion_pgr_dgii":"pendiente"}},{"type":"Feature","geometry":{"type":"Point","coordinates":[-68.7175935,18.6071525]},"properties":{"id":"IGL-OSM-WAY-865360974","nombre":"Lugar de culto sin nombre","categoria":"Iglesias debidamente incorporadas - candidatas","religion":"","denominacion":"","direccion":"","ciudad":"","municipio":"","provincia":"","telefono":"","website":"","osm_type":"way","osm_id":865360974,"osm_url":"https://www.openstreetmap.org/way/865360974","fuente":"OpenStreetMap","validada":false,"incorporada":"pendiente","incorporacion_verificada":false,"validacion_pgr_dgii":"pendiente"}},{"type":"Feature","geometry":{"type":"Point","coordinates":[-68.7125496,18.5925508]},"properties":{"id":"IGL-OSM-WAY-866671357","nombre":"Lugar de culto sin nombre","categoria":"Iglesias debidamente incorporadas - candidatas","religion":"christian","denominacion":"","direccion":"","ciudad":"","municipio":"","provincia":"","telefono":"","website":"","osm_type":"way","osm_id":866671357,"osm_url":"https://www.openstreetmap.org/way/866671357","fuente":"OpenStreetMap","validada":false,"incorporada":"pendiente","incorporacion_verificada":false,"validacion_pgr_dgii":"pendiente"}},{"type":"Feature","geometry":{"type":"Point","coordinates":[-70.6001205,19.7321434]},"properties":{"id":"IGL-OSM-WAY-887618602","nombre":"Lugar de culto sin nombre","categoria":"Iglesias debidamente incorporadas - candidatas","religion":"","denominacion":"","direccion":"","ciudad":"","municipio":"","provincia":"","telefono":"","website":"","osm_type":"way","osm_id":887618602,"osm_url":"https://www.openstreetmap.org/way/887618602","fuente":"OpenStreetMap","validada":false,"incorporada":"pendiente","incorporacion_verificada":false,"validacion_pgr_dgii":"pendiente"}},{"type":"Feature","geometry":{"type":"Point","coordinates":[-69.9662191,18.4976588]},"properties":{"id":"IGL-OSM-WAY-900233293","nombre":"Lugar de culto sin nombre","categoria":"Iglesias debidamente incorporadas - candidatas","religion":"","denominacion":"","direccion":"","ciudad":"","municipio":"","provincia":"","telefono":"","website":"","osm_type":"way","osm_id":900233293,"osm_url":"https://www.openstreetmap.org/way/900233293","fuente":"OpenStreetMap","validada":false,"incorporada":"pendiente","incorporacion_verificada":false,"validacion_pgr_dgii":"pendiente"}},{"type":"Feature","geometry":{"type":"Point","coordinates":[-70.4192401,18.8918157]},"properties":{"id":"IGL-OSM-WAY-906233056","nombre":"Lugar de culto sin nombre","categoria":"Iglesias debidamente incorporadas - candidatas","religion":"christian","denominacion":"catholic","direccion":"","ciudad":"","municipio":"","provincia":"","telefono":"","website":"","osm_type":"way","osm_id":906233056,"osm_url":"https://www.openstreetmap.org/way/906233056","fuente":"OpenStreetMap","validada":false,"incorporada":"pendiente","incorporacion_verificada":false,"validacion_pgr_dgii":"pendiente"}},{"type":"Feature","geometry":{"type":"Point","coordinates":[-70.1620036,19.0947191]},"properties":{"id":"IGL-OSM-WAY-914288750","nombre":"Lugar de culto sin nombre","categoria":"Iglesias debidamente incorporadas - candidatas","religion":"","denominacion":"","direccion":"","ciudad":"","municipio":"","provincia":"","telefono":"","website":"","osm_type":"way","osm_id":914288750,"osm_url":"https://www.openstreetmap.org/way/914288750","fuente":"OpenStreetMap","validada":false,"incorporada":"pendiente","incorporacion_verificada":false,"validacion_pgr_dgii":"pendiente"}},{"type":"Feature","geometry":{"type":"Point","coordinates":[-68.7219099,18.6152291]},"properties":{"id":"IGL-OSM-WAY-937886321","nombre":"Lugar de culto sin nombre","categoria":"Iglesias debidamente incorporadas - candidatas","religion":"christian","denominacion":"","direccion":"","ciudad":"","municipio":"","provincia":"","telefono":"","website":"","osm_type":"way","osm_id":937886321,"osm_url":"https://www.openstreetmap.org/way/937886321","fuente":"OpenStreetMap","validada":false,"incorporada":"pendiente","incorporacion_verificada":false,"validacion_pgr_dgii":"pendiente"}},{"type":"Feature","geometry":{"type":"Point","coordinates":[-70.0516107,18.3766631]},"properties":{"id":"IGL-OSM-WAY-988012203","nombre":"Lugar de culto sin nombre","categoria":"Iglesias debidamente incorporadas - candidatas","religion":"christian","denominacion":"","direccion":"","ciudad":"","municipio":"","provincia":"","telefono":"","website":"","osm_type":"way","osm_id":988012203,"osm_url":"https://www.openstreetmap.org/way/988012203","fuente":"OpenStreetMap","validada":false,"incorporada":"pendiente","incorporacion_verificada":false,"validacion_pgr_dgii":"pendiente"}},{"type":"Feature","geometry":{"type":"Point","coordinates":[-70.0040082,18.4248681]},"properties":{"id":"IGL-OSM-WAY-207400785","nombre":"Manresa","categoria":"Iglesias debidamente incorporadas - candidatas","religion":"","denominacion":"","direccion":"","ciudad":"","municipio":"","provincia":"","telefono":"","website":"","osm_type":"way","osm_id":207400785,"osm_url":"https://www.openstreetmap.org/way/207400785","fuente":"OpenStreetMap","validada":false,"incorporada":"pendiente","incorporacion_verificada":false,"validacion_pgr_dgii":"pendiente"}},{"type":"Feature","geometry":{"type":"Point","coordinates":[-69.6323883,18.4532934]},"properties":{"id":"IGL-OSM-WAY-408930471","nombre":"Mensajeros del Rey","categoria":"Iglesias debidamente incorporadas - candidatas","religion":"christian","denominacion":"","direccion":"Duarte","ciudad":"André","municipio":"","provincia":"","telefono":"","website":"","osm_type":"way","osm_id":408930471,"osm_url":"https://www.openstreetmap.org/way/408930471","fuente":"OpenStreetMap","validada":false,"incorporada":"pendiente","incorporacion_verificada":false,"validacion_pgr_dgii":"pendiente"}},{"type":"Feature","geometry":{"type":"Point","coordinates":[-69.8837327,18.4978682]},"properties":{"id":"IGL-OSM-NODE-5240302462","nombre":"Mi Cristo Viene","categoria":"Iglesias debidamente incorporadas - candidatas","religion":"christian","denominacion":"","direccion":"","ciudad":"","municipio":"","provincia":"","telefono":"","website":"","osm_type":"node","osm_id":5240302462,"osm_url":"https://www.openstreetmap.org/node/5240302462","fuente":"OpenStreetMap","validada":false,"incorporada":"pendiente","incorporacion_verificada":false,"validacion_pgr_dgii":"pendiente"}},{"type":"Feature","geometry":{"type":"Point","coordinates":[-68.7194388,18.6094783]},"properties":{"id":"IGL-OSM-NODE-8065939094","nombre":"Ministerio Emaus","categoria":"Iglesias debidamente incorporadas - candidatas","religion":"christian","denominacion":"","direccion":"","ciudad":"","municipio":"","provincia":"","telefono":"","website":"","osm_type":"node","osm_id":8065939094,"osm_url":"https://www.openstreetmap.org/node/8065939094","fuente":"OpenStreetMap","validada":false,"incorporada":"pendiente","incorporacion_verificada":false,"validacion_pgr_dgii":"pendiente"}},{"type":"Feature","geometry":{"type":"Point","coordinates":[-69.9726706,18.4923122]},"properties":{"id":"IGL-OSM-WAY-410104790","nombre":"Ministerio Evangelistico","categoria":"Iglesias debidamente incorporadas - candidatas","religion":"christian","denominacion":"","direccion":"","ciudad":"","municipio":"","provincia":"","telefono":"","website":"","osm_type":"way","osm_id":410104790,"osm_url":"https://www.openstreetmap.org/way/410104790","fuente":"OpenStreetMap","validada":false,"incorporada":"pendiente","incorporacion_verificada":false,"validacion_pgr_dgii":"pendiente"}},{"type":"Feature","geometry":{"type":"Point","coordinates":[-69.9966389,18.4643032]},"properties":{"id":"IGL-OSM-WAY-412328599","nombre":"Ministerio Evangelística Emmanuel","categoria":"Iglesias debidamente incorporadas - candidatas","religion":"christian","denominacion":"","direccion":"","ciudad":"","municipio":"","provincia":"","telefono":"","website":"","osm_type":"way","osm_id":412328599,"osm_url":"https://www.openstreetmap.org/way/412328599","fuente":"OpenStreetMap","validada":false,"incorporada":"pendiente","incorporacion_verificada":false,"validacion_pgr_dgii":"pendiente"}},{"type":"Feature","geometry":{"type":"Point","coordinates":[-68.8318096,18.4420927]},"properties":{"id":"IGL-OSM-WAY-1369563653","nombre":"Ministerio internacional casa de benedicion de dios Inc.","categoria":"Iglesias debidamente incorporadas - candidatas","religion":"","denominacion":"","direccion":"","ciudad":"","municipio":"","provincia":"","telefono":"","website":"","osm_type":"way","osm_id":1369563653,"osm_url":"https://www.openstreetmap.org/way/1369563653","fuente":"OpenStreetMap","validada":false,"incorporada":"pendiente","incorporacion_verificada":false,"validacion_pgr_dgii":"pendiente"}},{"type":"Feature","geometry":{"type":"Point","coordinates":[-69.9488071,18.5409818]},"properties":{"id":"IGL-OSM-WAY-1474541961","nombre":"Ministerio Internacional Monte de Dios Horeb","categoria":"Iglesias debidamente incorporadas - candidatas","religion":"christian","denominacion":"evangelical","direccion":"","ciudad":"","municipio":"","provincia":"","telefono":"+1-809-381-1281","website":"https://www.iglesiamontededios.org.do/","osm_type":"way","osm_id":1474541961,"osm_url":"https://www.openstreetmap.org/way/1474541961","fuente":"OpenStreetMap","validada":false,"incorporada":"pendiente","incorporacion_verificada":false,"validacion_pgr_dgii":"pendiente"}},{"type":"Feature","geometry":{"type":"Point","coordinates":[-69.8185031,18.4783758]},"properties":{"id":"IGL-OSM-WAY-409623490","nombre":"Ministerio Pentecostal","categoria":"Iglesias debidamente incorporadas - candidatas","religion":"","denominacion":"","direccion":"Calle Progreso","ciudad":"","municipio":"","provincia":"","telefono":"","website":"","osm_type":"way","osm_id":409623490,"osm_url":"https://www.openstreetmap.org/way/409623490","fuente":"OpenStreetMap","validada":false,"incorporada":"pendiente","incorporacion_verificada":false,"validacion_pgr_dgii":"pendiente"}},{"type":"Feature","geometry":{"type":"Point","coordinates":[-69.9490626,18.4768917]},"properties":{"id":"IGL-OSM-WAY-377201821","nombre":"Ministerios Aquiles Azar","categoria":"Iglesias debidamente incorporadas - candidatas","religion":"christian","denominacion":"evangelical","direccion":"Avenida Charles Summer 56","ciudad":"Santo Domingo","municipio":"","provincia":"","telefono":"+1 809 302 3503","website":"","osm_type":"way","osm_id":377201821,"osm_url":"https://www.openstreetmap.org/way/377201821","fuente":"OpenStreetMap","validada":false,"incorporada":"pendiente","incorporacion_verificada":false,"validacion_pgr_dgii":"pendiente"}},{"type":"Feature","geometry":{"type":"Point","coordinates":[-69.962516,18.470502]},"properties":{"id":"IGL-OSM-NODE-3566463694","nombre":"Ministerios Casa De Zion","categoria":"Iglesias debidamente incorporadas - candidatas","religion":"christian","denominacion":"pentecostal","direccion":"Calle Oloff Palme","ciudad":"Santo Domingo","municipio":"","provincia":"SANTO","telefono":"","website":"","osm_type":"node","osm_id":3566463694,"osm_url":"https://www.openstreetmap.org/node/3566463694","fuente":"OpenStreetMap","validada":false,"incorporada":"pendiente","incorporacion_verificada":false,"validacion_pgr_dgii":"pendiente"}},{"type":"Feature","geometry":{"type":"Point","coordinates":[-70.7177455,19.7861976]},"properties":{"id":"IGL-OSM-NODE-2379042841","nombre":"Monasterio de la Visitación","categoria":"Iglesias debidamente incorporadas - candidatas","religion":"","denominacion":"","direccion":"","ciudad":"","municipio":"","provincia":"","telefono":"","website":"","osm_type":"node","osm_id":2379042841,"osm_url":"https://www.openstreetmap.org/node/2379042841","fuente":"OpenStreetMap","validada":false,"incorporada":"pendiente","incorporacion_verificada":false,"validacion_pgr_dgii":"pendiente"}},{"type":"Feature","geometry":{"type":"Point","coordinates":[-70.5477299,19.2208624]},"properties":{"id":"IGL-OSM-WAY-224659235","nombre":"Monasterio Las Carmelitas","categoria":"Iglesias debidamente incorporadas - candidatas","religion":"","denominacion":"","direccion":"","ciudad":"","municipio":"","provincia":"","telefono":"","website":"","osm_type":"way","osm_id":224659235,"osm_url":"https://www.openstreetmap.org/way/224659235","fuente":"OpenStreetMap","validada":false,"incorporada":"pendiente","incorporacion_verificada":false,"validacion_pgr_dgii":"pendiente"}},{"type":"Feature","geometry":{"type":"Point","coordinates":[-70.109244,18.4134589]},"properties":{"id":"IGL-OSM-WAY-318213812","nombre":"Nuestra Señora de la Consolacion","categoria":"Iglesias debidamente incorporadas - candidatas","religion":"christian","denominacion":"catholic","direccion":"","ciudad":"","municipio":"","provincia":"","telefono":"","website":"","osm_type":"way","osm_id":318213812,"osm_url":"https://www.openstreetmap.org/way/318213812","fuente":"OpenStreetMap","validada":false,"incorporada":"pendiente","incorporacion_verificada":false,"validacion_pgr_dgii":"pendiente"}},{"type":"Feature","geometry":{"type":"Point","coordinates":[-70.5928888,19.3259448]},"properties":{"id":"IGL-OSM-WAY-535825068","nombre":"Nuestra Señora de la Milagrosa","categoria":"Iglesias debidamente incorporadas - candidatas","religion":"christian","denominacion":"catholic","direccion":"Carretera La Penda","ciudad":"La Vega","municipio":"","provincia":"","telefono":"","website":"","osm_type":"way","osm_id":535825068,"osm_url":"https://www.openstreetmap.org/way/535825068","fuente":"OpenStreetMap","validada":false,"incorporada":"pendiente","incorporacion_verificada":false,"validacion_pgr_dgii":"pendiente"}},{"type":"Feature","geometry":{"type":"Point","coordinates":[-70.1072896,18.4059774]},"properties":{"id":"IGL-OSM-WAY-414193541","nombre":"Nuestra Señora de la PAz","categoria":"Iglesias debidamente incorporadas - candidatas","religion":"christian","denominacion":"","direccion":"Calle Bernardo Aliez","ciudad":"San Cristóbal","municipio":"","provincia":"","telefono":"","website":"","osm_type":"way","osm_id":414193541,"osm_url":"https://www.openstreetmap.org/way/414193541","fuente":"OpenStreetMap","validada":false,"incorporada":"pendiente","incorporacion_verificada":false,"validacion_pgr_dgii":"pendiente"}},{"type":"Feature","geometry":{"type":"Point","coordinates":[-70.5468673,19.2797119]},"properties":{"id":"IGL-OSM-WAY-320462121","nombre":"Nuestra Señora de Las Mercedes","categoria":"Iglesias debidamente incorporadas - candidatas","religion":"christian","denominacion":"catholic","direccion":"","ciudad":"","municipio":"","provincia":"","telefono":"","website":"","osm_type":"way","osm_id":320462121,"osm_url":"https://www.openstreetmap.org/way/320462121","fuente":"OpenStreetMap","validada":false,"incorporada":"pendiente","incorporacion_verificada":false,"validacion_pgr_dgii":"pendiente"}},{"type":"Feature","geometry":{"type":"Point","coordinates":[-68.3669172,18.5589202]},"properties":{"id":"IGL-OSM-NODE-3792759131","nombre":"Nuestra Señora de los Milagros","categoria":"Iglesias debidamente incorporadas - candidatas","religion":"christian","denominacion":"roman_catholic","direccion":"","ciudad":"","municipio":"","provincia":"","telefono":"","website":"","osm_type":"node","osm_id":3792759131,"osm_url":"https://www.openstreetmap.org/node/3792759131","fuente":"OpenStreetMap","validada":false,"incorporada":"pendiente","incorporacion_verificada":false,"validacion_pgr_dgii":"pendiente"}},{"type":"Feature","geometry":{"type":"Point","coordinates":[-70.1111958,18.4016637]},"properties":{"id":"IGL-OSM-WAY-414222045","nombre":"Oasis de Esperanza","categoria":"Iglesias debidamente incorporadas - candidatas","religion":"christian","denominacion":"","direccion":"Calle Teo Cruz 818","ciudad":"San Cristóbal","municipio":"","provincia":"","telefono":"","website":"","osm_type":"way","osm_id":414222045,"osm_url":"https://www.openstreetmap.org/way/414222045","fuente":"OpenStreetMap","validada":false,"incorporada":"pendiente","incorporacion_verificada":false,"validacion_pgr_dgii":"pendiente"}},{"type":"Feature","geometry":{"type":"Point","coordinates":[-70.698741,19.4491631]},"properties":{"id":"IGL-OSM-WAY-409834383","nombre":"Oratorio Cristo de la mBendicion","categoria":"Iglesias debidamente incorporadas - candidatas","religion":"christian","denominacion":"","direccion":"Sábana Larga 48","ciudad":"Santiago","municipio":"","provincia":"","telefono":"","website":"","osm_type":"way","osm_id":409834383,"osm_url":"https://www.openstreetmap.org/way/409834383","fuente":"OpenStreetMap","validada":false,"incorporada":"pendiente","incorporacion_verificada":false,"validacion_pgr_dgii":"pendiente"}},{"type":"Feature","geometry":{"type":"Point","coordinates":[-68.3952635,18.6601776]},"properties":{"id":"IGL-OSM-WAY-104370136","nombre":"Oratorio Virgen de San Salvador","categoria":"Iglesias debidamente incorporadas - candidatas","religion":"christian","denominacion":"catholic","direccion":"","ciudad":"","municipio":"","provincia":"","telefono":"","website":"","osm_type":"way","osm_id":104370136,"osm_url":"https://www.openstreetmap.org/way/104370136","fuente":"OpenStreetMap","validada":false,"incorporada":"pendiente","incorporacion_verificada":false,"validacion_pgr_dgii":"pendiente"}},{"type":"Feature","geometry":{"type":"Point","coordinates":[-70.5474339,19.2800526]},"properties":{"id":"IGL-OSM-NODE-3889537799","nombre":"Parroguia Nuestra Señora de las Mercedes","categoria":"Iglesias debidamente incorporadas - candidatas","religion":"christian","denominacion":"","direccion":"","ciudad":"","municipio":"","provincia":"","telefono":"","website":"","osm_type":"node","osm_id":3889537799,"osm_url":"https://www.openstreetmap.org/node/3889537799","fuente":"OpenStreetMap","validada":false,"incorporada":"pendiente","incorporacion_verificada":false,"validacion_pgr_dgii":"pendiente"}},{"type":"Feature","geometry":{"type":"Point","coordinates":[-69.8917372,18.5105666]},"properties":{"id":"IGL-OSM-NODE-3557378280","nombre":"Parroquia Ascension del Señor","categoria":"Iglesias debidamente incorporadas - candidatas","religion":"christian","denominacion":"","direccion":"","ciudad":"","municipio":"","provincia":"","telefono":"","website":"","osm_type":"node","osm_id":3557378280,"osm_url":"https://www.openstreetmap.org/node/3557378280","fuente":"OpenStreetMap","validada":false,"incorporada":"pendiente","incorporacion_verificada":false,"validacion_pgr_dgii":"pendiente"}},{"type":"Feature","geometry":{"type":"Point","coordinates":[-70.6815033,19.4501468]},"properties":{"id":"IGL-OSM-WAY-410311088","nombre":"Parroquia Corpus Cristi","categoria":"Iglesias debidamente incorporadas - candidatas","religion":"christian","denominacion":"","direccion":"","ciudad":"","municipio":"","provincia":"","telefono":"","website":"","osm_type":"way","osm_id":410311088,"osm_url":"https://www.openstreetmap.org/way/410311088","fuente":"OpenStreetMap","validada":false,"incorporada":"pendiente","incorporacion_verificada":false,"validacion_pgr_dgii":"pendiente"}},{"type":"Feature","geometry":{"type":"Point","coordinates":[-70.3737738,19.1325957]},"properties":{"id":"IGL-OSM-WAY-1179595392","nombre":"Parroquia Cristo Rey","categoria":"Iglesias debidamente incorporadas - candidatas","religion":"christian","denominacion":"","direccion":"Calle Señoritas Villas","ciudad":"Jima Abajo","municipio":"","provincia":"","telefono":"","website":"","osm_type":"way","osm_id":1179595392,"osm_url":"https://www.openstreetmap.org/way/1179595392","fuente":"OpenStreetMap","validada":false,"incorporada":"pendiente","incorporacion_verificada":false,"validacion_pgr_dgii":"pendiente"}},{"type":"Feature","geometry":{"type":"Point","coordinates":[-70.9798146,19.5881093]},"properties":{"id":"IGL-OSM-WAY-1187432073","nombre":"Parroquia Cristo Rey","categoria":"Iglesias debidamente incorporadas - candidatas","religion":"christian","denominacion":"","direccion":"Calle Guarocuya","ciudad":"Esperanza","municipio":"","provincia":"","telefono":"","website":"","osm_type":"way","osm_id":1187432073,"osm_url":"https://www.openstreetmap.org/way/1187432073","fuente":"OpenStreetMap","validada":false,"incorporada":"pendiente","incorporacion_verificada":false,"validacion_pgr_dgii":"pendiente"}},{"type":"Feature","geometry":{"type":"Point","coordinates":[-70.0997301,18.4196251]},"properties":{"id":"IGL-OSM-WAY-414022594","nombre":"Parroquia Cristo Salvador","categoria":"Iglesias debidamente incorporadas - candidatas","religion":"christian","denominacion":"","direccion":"Los Padres","ciudad":"San Cristóbal","municipio":"","provincia":"","telefono":"","website":"","osm_type":"way","osm_id":414022594,"osm_url":"https://www.openstreetmap.org/way/414022594","fuente":"OpenStreetMap","validada":false,"incorporada":"pendiente","incorporacion_verificada":false,"validacion_pgr_dgii":"pendiente"}},{"type":"Feature","geometry":{"type":"Point","coordinates":[-68.7074794,18.5920624]},"properties":{"id":"IGL-OSM-WAY-865181614","nombre":"Parroquia Divino Niño","categoria":"Iglesias debidamente incorporadas - candidatas","religion":"christian","denominacion":"","direccion":"","ciudad":"","municipio":"","provincia":"","telefono":"","website":"","osm_type":"way","osm_id":865181614,"osm_url":"https://www.openstreetmap.org/way/865181614","fuente":"OpenStreetMap","validada":false,"incorporada":"pendiente","incorporacion_verificada":false,"validacion_pgr_dgii":"pendiente"}},{"type":"Feature","geometry":{"type":"Point","coordinates":[-69.9636568,18.4663758]},"properties":{"id":"IGL-OSM-NODE-980056341","nombre":"Parroquia Divino Niño Jesús","categoria":"Iglesias debidamente incorporadas - candidatas","religion":"christian","denominacion":"catholic","direccion":"","ciudad":"","municipio":"","provincia":"","telefono":"","website":"","osm_type":"node","osm_id":980056341,"osm_url":"https://www.openstreetmap.org/node/980056341","fuente":"OpenStreetMap","validada":false,"incorporada":"pendiente","incorporacion_verificada":false,"validacion_pgr_dgii":"pendiente"}},{"type":"Feature","geometry":{"type":"Point","coordinates":[-69.9638121,18.4663125]},"properties":{"id":"IGL-OSM-WAY-463992196","nombre":"Parroquia Divino Niño Jesús","categoria":"Iglesias debidamente incorporadas - candidatas","religion":"christian","denominacion":"","direccion":"","ciudad":"","municipio":"","provincia":"","telefono":"","website":"","osm_type":"way","osm_id":463992196,"osm_url":"https://www.openstreetmap.org/way/463992196","fuente":"OpenStreetMap","validada":false,"incorporada":"pendiente","incorporacion_verificada":false,"validacion_pgr_dgii":"pendiente"}},{"type":"Feature","geometry":{"type":"Point","coordinates":[-69.8817763,18.500842]},"properties":{"id":"IGL-OSM-WAY-537249466","nombre":"Parroquia Domingo Savio","categoria":"Iglesias debidamente incorporadas - candidatas","religion":"christian","denominacion":"catholic","direccion":"","ciudad":"","municipio":"","provincia":"","telefono":"","website":"","osm_type":"way","osm_id":537249466,"osm_url":"https://www.openstreetmap.org/way/537249466","fuente":"OpenStreetMap","validada":false,"incorporada":"pendiente","incorporacion_verificada":false,"validacion_pgr_dgii":"pendiente"}},{"type":"Feature","geometry":{"type":"Point","coordinates":[-70.5630796,19.1306934]},"properties":{"id":"IGL-OSM-WAY-1132087575","nombre":"Parroquia El Faro","categoria":"Iglesias debidamente incorporadas - candidatas","religion":"christian","denominacion":"catholic","direccion":"","ciudad":"","municipio":"","provincia":"","telefono":"","website":"","osm_type":"way","osm_id":1132087575,"osm_url":"https://www.openstreetmap.org/way/1132087575","fuente":"OpenStreetMap","validada":false,"incorporada":"pendiente","incorporacion_verificada":false,"validacion_pgr_dgii":"pendiente"}},{"type":"Feature","geometry":{"type":"Point","coordinates":[-69.8240853,18.5037698]},"properties":{"id":"IGL-OSM-WAY-999748699","nombre":"Parroquia Epifania del señor","categoria":"Iglesias debidamente incorporadas - candidatas","religion":"christian","denominacion":"catholic","direccion":"","ciudad":"","municipio":"","provincia":"","telefono":"","website":"","osm_type":"way","osm_id":999748699,"osm_url":"https://www.openstreetmap.org/way/999748699","fuente":"OpenStreetMap","validada":false,"incorporada":"pendiente","incorporacion_verificada":false,"validacion_pgr_dgii":"pendiente"}},{"type":"Feature","geometry":{"type":"Point","coordinates":[-69.9738779,18.4279242]},"properties":{"id":"IGL-OSM-NODE-4615644079","nombre":"Parroquia Inmaculada Concepción","categoria":"Iglesias debidamente incorporadas - candidatas","religion":"christian","denominacion":"catholic","direccion":"Calle E","ciudad":"Santo Domingo","municipio":"","provincia":"","telefono":"","website":"","osm_type":"node","osm_id":4615644079,"osm_url":"https://www.openstreetmap.org/node/4615644079","fuente":"OpenStreetMap","validada":false,"incorporada":"pendiente","incorporacion_verificada":false,"validacion_pgr_dgii":"pendiente"}},{"type":"Feature","geometry":{"type":"Point","coordinates":[-69.9479514,18.4627681]},"properties":{"id":"IGL-OSM-NODE-10873866005","nombre":"Parroquia Inmaculado Corazón de María","categoria":"Iglesias debidamente incorporadas - candidatas","religion":"","denominacion":"","direccion":"Respaldo 17","ciudad":"","municipio":"","provincia":"","telefono":"","website":"","osm_type":"node","osm_id":10873866005,"osm_url":"https://www.openstreetmap.org/node/10873866005","fuente":"OpenStreetMap","validada":false,"incorporada":"pendiente","incorporacion_verificada":false,"validacion_pgr_dgii":"pendiente"}},{"type":"Feature","geometry":{"type":"Point","coordinates":[-70.6695931,19.407872]},"properties":{"id":"IGL-OSM-WAY-310494729","nombre":"Parroquia Jesus Cristo Redentor","categoria":"Iglesias debidamente incorporadas - candidatas","religion":"","denominacion":"","direccion":"","ciudad":"","municipio":"","provincia":"","telefono":"","website":"","osm_type":"way","osm_id":310494729,"osm_url":"https://www.openstreetmap.org/way/310494729","fuente":"OpenStreetMap","validada":false,"incorporada":"pendiente","incorporacion_verificada":false,"validacion_pgr_dgii":"pendiente"}},{"type":"Feature","geometry":{"type":"Point","coordinates":[-69.9559789,18.4480961]},"properties":{"id":"IGL-OSM-NODE-1084977937","nombre":"Parroquia Jesus Maestro","categoria":"Iglesias debidamente incorporadas - candidatas","religion":"christian","denominacion":"catholic","direccion":"Calle Jesus Maestro","ciudad":"Santo Domingo","municipio":"","provincia":"","telefono":"","website":"","osm_type":"node","osm_id":1084977937,"osm_url":"https://www.openstreetmap.org/node/1084977937","fuente":"OpenStreetMap","validada":false,"incorporada":"pendiente","incorporacion_verificada":false,"validacion_pgr_dgii":"pendiente"}},{"type":"Feature","geometry":{"type":"Point","coordinates":[-69.8414255,18.4713391]},"properties":{"id":"IGL-OSM-WAY-842961678","nombre":"Parroquia Jesus Nazareno","categoria":"Iglesias debidamente incorporadas - candidatas","religion":"","denominacion":"","direccion":"Calle 3","ciudad":"Santo Domingo Este","municipio":"","provincia":"","telefono":"","website":"","osm_type":"way","osm_id":842961678,"osm_url":"https://www.openstreetmap.org/way/842961678","fuente":"OpenStreetMap","validada":false,"incorporada":"pendiente","incorporacion_verificada":false,"validacion_pgr_dgii":"pendiente"}},{"type":"Feature","geometry":{"type":"Point","coordinates":[-68.4373985,18.6638254]},"properties":{"id":"IGL-OSM-WAY-1305687936","nombre":"Parroquia Juan Pablo II","categoria":"Iglesias debidamente incorporadas - candidatas","religion":"","denominacion":"","direccion":"","ciudad":"","municipio":"","provincia":"","telefono":"","website":"","osm_type":"way","osm_id":1305687936,"osm_url":"https://www.openstreetmap.org/way/1305687936","fuente":"OpenStreetMap","validada":false,"incorporada":"pendiente","incorporacion_verificada":false,"validacion_pgr_dgii":"pendiente"}},{"type":"Feature","geometry":{"type":"Point","coordinates":[-71.4978222,19.7114596]},"properties":{"id":"IGL-OSM-WAY-493584930","nombre":"Parroquia La Altagracia","categoria":"Iglesias debidamente incorporadas - candidatas","religion":"christian","denominacion":"catholic","direccion":"","ciudad":"","municipio":"","provincia":"","telefono":"","website":"","osm_type":"way","osm_id":493584930,"osm_url":"https://www.openstreetmap.org/way/493584930","fuente":"OpenStreetMap","validada":false,"incorporada":"pendiente","incorporacion_verificada":false,"validacion_pgr_dgii":"pendiente"}},{"type":"Feature","geometry":{"type":"Point","coordinates":[-69.8636607,18.4993232]},"properties":{"id":"IGL-OSM-WAY-477207495","nombre":"Parroquia La Milagrosa","categoria":"Iglesias debidamente incorporadas - candidatas","religion":"christian","denominacion":"roman_catholic","direccion":"","ciudad":"","municipio":"","provincia":"","telefono":"","website":"","osm_type":"way","osm_id":477207495,"osm_url":"https://www.openstreetmap.org/way/477207495","fuente":"OpenStreetMap","validada":false,"incorporada":"pendiente","incorporacion_verificada":false,"validacion_pgr_dgii":"pendiente"}},{"type":"Feature","geometry":{"type":"Point","coordinates":[-70.6381285,19.116407]},"properties":{"id":"IGL-OSM-NODE-3057550792","nombre":"Parroquia Maria Auxiliadora","categoria":"Iglesias debidamente incorporadas - candidatas","religion":"christian","denominacion":"catholic","direccion":"","ciudad":"","municipio":"","provincia":"","telefono":"","website":"","osm_type":"node","osm_id":3057550792,"osm_url":"https://www.openstreetmap.org/node/3057550792","fuente":"OpenStreetMap","validada":false,"incorporada":"pendiente","incorporacion_verificada":false,"validacion_pgr_dgii":"pendiente"}},{"type":"Feature","geometry":{"type":"Point","coordinates":[-69.8613324,18.5420364]},"properties":{"id":"IGL-OSM-WAY-413377384","nombre":"Parroquia Nuestra Señora de America Latina","categoria":"Iglesias debidamente incorporadas - candidatas","religion":"christian","denominacion":"","direccion":"Avenida Los Restauradores","ciudad":"Santo Domingo Este","municipio":"","provincia":"","telefono":"","website":"","osm_type":"way","osm_id":413377384,"osm_url":"https://www.openstreetmap.org/way/413377384","fuente":"OpenStreetMap","validada":false,"incorporada":"pendiente","incorporacion_verificada":false,"validacion_pgr_dgii":"pendiente"}},{"type":"Feature","geometry":{"type":"Point","coordinates":[-71.6939584,18.7161739]},"properties":{"id":"IGL-OSM-WAY-574580272","nombre":"Parroquia Nuestra Señora de Fátima","categoria":"Iglesias debidamente incorporadas - candidatas","religion":"christian","denominacion":"catholic","direccion":"","ciudad":"Hondo Valle","municipio":"","provincia":"","telefono":"","website":"https://www.diocesissanjuandelamaguana.com/parroquia-nuestra-senora-de-fatima","osm_type":"way","osm_id":574580272,"osm_url":"https://www.openstreetmap.org/way/574580272","fuente":"OpenStreetMap","validada":false,"incorporada":"pendiente","incorporacion_verificada":false,"validacion_pgr_dgii":"pendiente"}},{"type":"Feature","geometry":{"type":"Point","coordinates":[-69.7786529,18.4914157]},"properties":{"id":"IGL-OSM-NODE-13888411401","nombre":"Parroquia Nuestra Señora de la Candelaria","categoria":"Iglesias debidamente incorporadas - candidatas","religion":"","denominacion":"","direccion":"","ciudad":"","municipio":"","provincia":"","telefono":"","website":"","osm_type":"node","osm_id":13888411401,"osm_url":"https://www.openstreetmap.org/node/13888411401","fuente":"OpenStreetMap","validada":false,"incorporada":"pendiente","incorporacion_verificada":false,"validacion_pgr_dgii":"pendiente"}},{"type":"Feature","geometry":{"type":"Point","coordinates":[-70.9912194,19.5781579]},"properties":{"id":"IGL-OSM-WAY-1186323830","nombre":"Parroquia Nuestra Señora de la Esperanza","categoria":"Iglesias debidamente incorporadas - candidatas","religion":"christian","denominacion":"","direccion":"Calle Gaspar Polanco","ciudad":"Esperanza","municipio":"","provincia":"","telefono":"","website":"","osm_type":"way","osm_id":1186323830,"osm_url":"https://www.openstreetmap.org/way/1186323830","fuente":"OpenStreetMap","validada":false,"incorporada":"pendiente","incorporacion_verificada":false,"validacion_pgr_dgii":"pendiente"}},{"type":"Feature","geometry":{"type":"Point","coordinates":[-69.5681802,18.482416]},"properties":{"id":"IGL-OSM-WAY-1374513418","nombre":"Parroquia Nuestra Señora de la Esperanza","categoria":"Iglesias debidamente incorporadas - candidatas","religion":"","denominacion":"","direccion":"","ciudad":"","municipio":"","provincia":"","telefono":"","website":"","osm_type":"way","osm_id":1374513418,"osm_url":"https://www.openstreetmap.org/way/1374513418","fuente":"OpenStreetMap","validada":false,"incorporada":"pendiente","incorporacion_verificada":false,"validacion_pgr_dgii":"pendiente"}},{"type":"Feature","geometry":{"type":"Point","coordinates":[-69.2568451,18.7622136]},"properties":{"id":"IGL-OSM-WAY-553159642","nombre":"Parroquia nuestra señora de las mercedes","categoria":"Iglesias debidamente incorporadas - candidatas","religion":"","denominacion":"","direccion":"","ciudad":"","municipio":"","provincia":"","telefono":"","website":"","osm_type":"way","osm_id":553159642,"osm_url":"https://www.openstreetmap.org/way/553159642","fuente":"OpenStreetMap","validada":false,"incorporada":"pendiente","incorporacion_verificada":false,"validacion_pgr_dgii":"pendiente"}},{"type":"Feature","geometry":{"type":"Point","coordinates":[-69.2569324,18.7621704]},"properties":{"id":"IGL-OSM-NODE-5137757521","nombre":"Parroquia nuestra señora de las mercedes.","categoria":"Iglesias debidamente incorporadas - candidatas","religion":"","denominacion":"","direccion":"","ciudad":"","municipio":"","provincia":"","telefono":"","website":"","osm_type":"node","osm_id":5137757521,"osm_url":"https://www.openstreetmap.org/node/5137757521","fuente":"OpenStreetMap","validada":false,"incorporada":"pendiente","incorporacion_verificada":false,"validacion_pgr_dgii":"pendiente"}},{"type":"Feature","geometry":{"type":"Point","coordinates":[-69.9274828,18.5434116]},"properties":{"id":"IGL-OSM-WAY-648887298","nombre":"Parroquia Nuestra Señora del Amparo","categoria":"Iglesias debidamente incorporadas - candidatas","religion":"christian","denominacion":"roman_catholic","direccion":"","ciudad":"","municipio":"","provincia":"","telefono":"","website":"","osm_type":"way","osm_id":648887298,"osm_url":"https://www.openstreetmap.org/way/648887298","fuente":"OpenStreetMap","validada":false,"incorporada":"pendiente","incorporacion_verificada":false,"validacion_pgr_dgii":"pendiente"}},{"type":"Feature","geometry":{"type":"Point","coordinates":[-70.2064391,19.194685]},"properties":{"id":"IGL-OSM-NODE-2367450007","nombre":"Parroquia Nuestra Señora del Carmen","categoria":"Iglesias debidamente incorporadas - candidatas","religion":"christian","denominacion":"","direccion":"","ciudad":"","municipio":"","provincia":"","telefono":"","website":"","osm_type":"node","osm_id":2367450007,"osm_url":"https://www.openstreetmap.org/node/2367450007","fuente":"OpenStreetMap","validada":false,"incorporada":"pendiente","incorporacion_verificada":false,"validacion_pgr_dgii":"pendiente"}},{"type":"Feature","geometry":{"type":"Point","coordinates":[-70.6419148,19.120738]},"properties":{"id":"IGL-OSM-WAY-253896270","nombre":"Parroquia Nuestra Señora del Carmen","categoria":"Iglesias debidamente incorporadas - candidatas","religion":"christian","denominacion":"catholic","direccion":"Calle del Carmen","ciudad":"Jarabacoa","municipio":"","provincia":"","telefono":"","website":"","osm_type":"way","osm_id":253896270,"osm_url":"https://www.openstreetmap.org/way/253896270","fuente":"OpenStreetMap","validada":false,"incorporada":"pendiente","incorporacion_verificada":false,"validacion_pgr_dgii":"pendiente"}},{"type":"Feature","geometry":{"type":"Point","coordinates":[-70.2773358,19.6281003]},"properties":{"id":"IGL-OSM-WAY-286453297","nombre":"Parroquia Nuestra Señora del Carmen","categoria":"Iglesias debidamente incorporadas - candidatas","religion":"christian","denominacion":"","direccion":"","ciudad":"","municipio":"","provincia":"","telefono":"","website":"","osm_type":"way","osm_id":286453297,"osm_url":"https://www.openstreetmap.org/way/286453297","fuente":"OpenStreetMap","validada":false,"incorporada":"pendiente","incorporacion_verificada":false,"validacion_pgr_dgii":"pendiente"}},{"type":"Feature","geometry":{"type":"Point","coordinates":[-70.4581294,19.4683243]},"properties":{"id":"IGL-OSM-WAY-763209675","nombre":"Parroquia Nuestra Señora del Carmen","categoria":"Iglesias debidamente incorporadas - candidatas","religion":"christian","denominacion":"roman_catholic","direccion":"","ciudad":"","municipio":"","provincia":"","telefono":"","website":"","osm_type":"way","osm_id":763209675,"osm_url":"https://www.openstreetmap.org/way/763209675","fuente":"OpenStreetMap","validada":false,"incorporada":"pendiente","incorporacion_verificada":false,"validacion_pgr_dgii":"pendiente"}},{"type":"Feature","geometry":{"type":"Point","coordinates":[-69.9167743,18.4906983]},"properties":{"id":"IGL-OSM-WAY-413470979","nombre":"Parroquia Nuestra Señora del Pilar","categoria":"Iglesias debidamente incorporadas - candidatas","religion":"christian","denominacion":"","direccion":"Calle 14 de Junio","ciudad":"","municipio":"","provincia":"","telefono":"","website":"","osm_type":"way","osm_id":413470979,"osm_url":"https://www.openstreetmap.org/way/413470979","fuente":"OpenStreetMap","validada":false,"incorporada":"pendiente","incorporacion_verificada":false,"validacion_pgr_dgii":"pendiente"}},{"type":"Feature","geometry":{"type":"Point","coordinates":[-69.385346,19.0645171]},"properties":{"id":"IGL-OSM-WAY-476191995","nombre":"Parroquia Nuestra Señora Del Pilar","categoria":"Iglesias debidamente incorporadas - candidatas","religion":"christian","denominacion":"","direccion":"","ciudad":"","municipio":"","provincia":"","telefono":"","website":"","osm_type":"way","osm_id":476191995,"osm_url":"https://www.openstreetmap.org/way/476191995","fuente":"OpenStreetMap","validada":false,"incorporada":"pendiente","incorporacion_verificada":false,"validacion_pgr_dgii":"pendiente"}},{"type":"Feature","geometry":{"type":"Point","coordinates":[-71.7086114,19.547731]},"properties":{"id":"IGL-OSM-NODE-2341424009","nombre":"Parroquia Nuestra Señora del Rosario","categoria":"Iglesias debidamente incorporadas - candidatas","religion":"christian","denominacion":"","direccion":"","ciudad":"","municipio":"","provincia":"","telefono":"","website":"","osm_type":"node","osm_id":2341424009,"osm_url":"https://www.openstreetmap.org/node/2341424009","fuente":"OpenStreetMap","validada":false,"incorporada":"pendiente","incorporacion_verificada":false,"validacion_pgr_dgii":"pendiente"}},{"type":"Feature","geometry":{"type":"Point","coordinates":[-70.0199916,19.1779268]},"properties":{"id":"IGL-OSM-NODE-2772638842","nombre":"Parroquia Nuestra Sra. De La Altagracia","categoria":"Iglesias debidamente incorporadas - candidatas","religion":"christian","denominacion":"","direccion":"","ciudad":"","municipio":"","provincia":"","telefono":"","website":"","osm_type":"node","osm_id":2772638842,"osm_url":"https://www.openstreetmap.org/node/2772638842","fuente":"OpenStreetMap","validada":false,"incorporada":"pendiente","incorporacion_verificada":false,"validacion_pgr_dgii":"pendiente"}},{"type":"Feature","geometry":{"type":"Point","coordinates":[-70.5392967,19.2228191]},"properties":{"id":"IGL-OSM-NODE-1674161418","nombre":"Parroquia Sagrada Familia","categoria":"Iglesias debidamente incorporadas - candidatas","religion":"","denominacion":"","direccion":"","ciudad":"","municipio":"","provincia":"","telefono":"","website":"","osm_type":"node","osm_id":1674161418,"osm_url":"https://www.openstreetmap.org/node/1674161418","fuente":"OpenStreetMap","validada":false,"incorporada":"pendiente","incorporacion_verificada":false,"validacion_pgr_dgii":"pendiente"}},{"type":"Feature","geometry":{"type":"Point","coordinates":[-70.5973766,19.4289209]},"properties":{"id":"IGL-OSM-WAY-423031925","nombre":"Parroquia Sagrado Corazón de Jesús","categoria":"Iglesias debidamente incorporadas - candidatas","religion":"christian","denominacion":"","direccion":"","ciudad":"","municipio":"","provincia":"","telefono":"","website":"","osm_type":"way","osm_id":423031925,"osm_url":"https://www.openstreetmap.org/way/423031925","fuente":"OpenStreetMap","validada":false,"incorporada":"pendiente","incorporacion_verificada":false,"validacion_pgr_dgii":"pendiente"}},{"type":"Feature","geometry":{"type":"Point","coordinates":[-70.3015301,19.1247238]},"properties":{"id":"IGL-OSM-NODE-4261808867","nombre":"Parroquia Sagrados Corazones de Jesus y de Maria","categoria":"Iglesias debidamente incorporadas - candidatas","religion":"christian","denominacion":"catholic","direccion":"Juan Sanchez Ramirez 32","ciudad":"Fantino","municipio":"","provincia":"","telefono":"18095741063","website":"","osm_type":"node","osm_id":4261808867,"osm_url":"https://www.openstreetmap.org/node/4261808867","fuente":"OpenStreetMap","validada":false,"incorporada":"pendiente","incorporacion_verificada":false,"validacion_pgr_dgii":"pendiente"}},{"type":"Feature","geometry":{"type":"Point","coordinates":[-69.8493852,18.5060998]},"properties":{"id":"IGL-OSM-WAY-414197111","nombre":"Parroquia San Agustin","categoria":"Iglesias debidamente incorporadas - candidatas","religion":"christian","denominacion":"","direccion":"Calle Romana","ciudad":"","municipio":"","provincia":"","telefono":"","website":"","osm_type":"way","osm_id":414197111,"osm_url":"https://www.openstreetmap.org/way/414197111","fuente":"OpenStreetMap","validada":false,"incorporada":"pendiente","incorporacion_verificada":false,"validacion_pgr_dgii":"pendiente"}},{"type":"Feature","geometry":{"type":"Point","coordinates":[-69.8423898,18.5906709]},"properties":{"id":"IGL-OSM-NODE-9484407431","nombre":"Parroquia San Antonio De Padua","categoria":"Iglesias debidamente incorporadas - candidatas","religion":"christian","denominacion":"catholic","direccion":"Calle Altagracia","ciudad":"La Victoria","municipio":"","provincia":"","telefono":"","website":"","osm_type":"node","osm_id":9484407431,"osm_url":"https://www.openstreetmap.org/node/9484407431","fuente":"OpenStreetMap","validada":false,"incorporada":"pendiente","incorporacion_verificada":false,"validacion_pgr_dgii":"pendiente"}},{"type":"Feature","geometry":{"type":"Point","coordinates":[-70.6391343,19.3902407]},"properties":{"id":"IGL-OSM-WAY-410365112","nombre":"Parroquia San Antonio de Padua","categoria":"Iglesias debidamente incorporadas - candidatas","religion":"christian","denominacion":"","direccion":"Carretera Matanza","ciudad":"","municipio":"","provincia":"","telefono":"","website":"","osm_type":"way","osm_id":410365112,"osm_url":"https://www.openstreetmap.org/way/410365112","fuente":"OpenStreetMap","validada":false,"incorporada":"pendiente","incorporacion_verificada":false,"validacion_pgr_dgii":"pendiente"}},{"type":"Feature","geometry":{"type":"Point","coordinates":[-69.8123348,18.5104319]},"properties":{"id":"IGL-OSM-NODE-8814983040","nombre":"Parroquia San cirilo","categoria":"Iglesias debidamente incorporadas - candidatas","religion":"","denominacion":"","direccion":"","ciudad":"","municipio":"","provincia":"","telefono":"","website":"","osm_type":"node","osm_id":8814983040,"osm_url":"https://www.openstreetmap.org/node/8814983040","fuente":"OpenStreetMap","validada":false,"incorporada":"pendiente","incorporacion_verificada":false,"validacion_pgr_dgii":"pendiente"}},{"type":"Feature","geometry":{"type":"Point","coordinates":[-69.8832707,18.5272163]},"properties":{"id":"IGL-OSM-WAY-1496734666","nombre":"Parroquia San Francisco de Asís","categoria":"Iglesias debidamente incorporadas - candidatas","religion":"","denominacion":"","direccion":"","ciudad":"","municipio":"","provincia":"","telefono":"","website":"","osm_type":"way","osm_id":1496734666,"osm_url":"https://www.openstreetmap.org/way/1496734666","fuente":"OpenStreetMap","validada":false,"incorporada":"pendiente","incorporacion_verificada":false,"validacion_pgr_dgii":"pendiente"}},{"type":"Feature","geometry":{"type":"Point","coordinates":[-71.7059341,19.0823465]},"properties":{"id":"IGL-OSM-WAY-281228729","nombre":"Parroquia San Francisco de Asís","categoria":"Iglesias debidamente incorporadas - candidatas","religion":"","denominacion":"","direccion":"","ciudad":"","municipio":"","provincia":"","telefono":"","website":"","osm_type":"way","osm_id":281228729,"osm_url":"https://www.openstreetmap.org/way/281228729","fuente":"OpenStreetMap","validada":false,"incorporada":"pendiente","incorporacion_verificada":false,"validacion_pgr_dgii":"pendiente"}},{"type":"Feature","geometry":{"type":"Point","coordinates":[-70.0566718,18.3837587]},"properties":{"id":"IGL-OSM-WAY-1251793370","nombre":"Parroquia San Gregorio Magno","categoria":"Iglesias debidamente incorporadas - candidatas","religion":"christian","denominacion":"","direccion":"","ciudad":"San Gregorio de Nigua","municipio":"","provincia":"","telefono":"","website":"","osm_type":"way","osm_id":1251793370,"osm_url":"https://www.openstreetmap.org/way/1251793370","fuente":"OpenStreetMap","validada":false,"incorporada":"pendiente","incorporacion_verificada":false,"validacion_pgr_dgii":"pendiente"}},{"type":"Feature","geometry":{"type":"Point","coordinates":[-69.879398,18.4953266]},"properties":{"id":"IGL-OSM-NODE-5012590425","nombre":"Parroquia San Ignacio","categoria":"Iglesias debidamente incorporadas - candidatas","religion":"christian","denominacion":"","direccion":"","ciudad":"","municipio":"","provincia":"","telefono":"","website":"","osm_type":"node","osm_id":5012590425,"osm_url":"https://www.openstreetmap.org/node/5012590425","fuente":"OpenStreetMap","validada":false,"incorporada":"pendiente","incorporacion_verificada":false,"validacion_pgr_dgii":"pendiente"}},{"type":"Feature","geometry":{"type":"Point","coordinates":[-71.0683008,19.3688407]},"properties":{"id":"IGL-OSM-NODE-13285891887","nombre":"Parroquia San Isidro Labrador","categoria":"Iglesias debidamente incorporadas - candidatas","religion":"christian","denominacion":"","direccion":"","ciudad":"","municipio":"","provincia":"","telefono":"","website":"","osm_type":"node","osm_id":13285891887,"osm_url":"https://www.openstreetmap.org/node/13285891887","fuente":"OpenStreetMap","validada":false,"incorporada":"pendiente","incorporacion_verificada":false,"validacion_pgr_dgii":"pendiente"}},{"type":"Feature","geometry":{"type":"Point","coordinates":[-70.5068608,18.5469291]},"properties":{"id":"IGL-OSM-NODE-4884583621","nombre":"Parroquia san jose","categoria":"Iglesias debidamente incorporadas - candidatas","religion":"","denominacion":"","direccion":"","ciudad":"","municipio":"","provincia":"","telefono":"","website":"","osm_type":"node","osm_id":4884583621,"osm_url":"https://www.openstreetmap.org/node/4884583621","fuente":"OpenStreetMap","validada":false,"incorporada":"pendiente","incorporacion_verificada":false,"validacion_pgr_dgii":"pendiente"}},{"type":"Feature","geometry":{"type":"Point","coordinates":[-70.9373178,19.3367205]},"properties":{"id":"IGL-OSM-WAY-228702801","nombre":"Parroquia San José","categoria":"Iglesias debidamente incorporadas - candidatas","religion":"christian","denominacion":"","direccion":"Calle Padre Espinosa","ciudad":"San Jose de las Matas","municipio":"","provincia":"","telefono":"","website":"","osm_type":"way","osm_id":228702801,"osm_url":"https://www.openstreetmap.org/way/228702801","fuente":"OpenStreetMap","validada":false,"incorporada":"pendiente","incorporacion_verificada":false,"validacion_pgr_dgii":"pendiente"}},{"type":"Feature","geometry":{"type":"Point","coordinates":[-71.44534,19.7363616]},"properties":{"id":"IGL-OSM-WAY-318846555","nombre":"Parroquia San José","categoria":"Iglesias debidamente incorporadas - candidatas","religion":"christian","denominacion":"","direccion":"","ciudad":"","municipio":"","provincia":"","telefono":"","website":"","osm_type":"way","osm_id":318846555,"osm_url":"https://www.openstreetmap.org/way/318846555","fuente":"OpenStreetMap","validada":false,"incorporada":"pendiente","incorporacion_verificada":false,"validacion_pgr_dgii":"pendiente"}},{"type":"Feature","geometry":{"type":"Point","coordinates":[-69.2918657,18.4652653]},"properties":{"id":"IGL-OSM-WAY-239212583","nombre":"Parroquia San José Obrero","categoria":"Iglesias debidamente incorporadas - candidatas","religion":"christian","denominacion":"catholic","direccion":"","ciudad":"","municipio":"","provincia":"","telefono":"","website":"","osm_type":"way","osm_id":239212583,"osm_url":"https://www.openstreetmap.org/way/239212583","fuente":"OpenStreetMap","validada":false,"incorporada":"pendiente","incorporacion_verificada":false,"validacion_pgr_dgii":"pendiente"}},{"type":"Feature","geometry":{"type":"Point","coordinates":[-69.9102423,18.5076438]},"properties":{"id":"IGL-OSM-WAY-1127630348","nombre":"Parroquia San Juan Bautista","categoria":"Iglesias debidamente incorporadas - candidatas","religion":"christian","denominacion":"catholic","direccion":"","ciudad":"","municipio":"","provincia":"","telefono":"","website":"","osm_type":"way","osm_id":1127630348,"osm_url":"https://www.openstreetmap.org/way/1127630348","fuente":"OpenStreetMap","validada":false,"incorporada":"pendiente","incorporacion_verificada":false,"validacion_pgr_dgii":"pendiente"}},{"type":"Feature","geometry":{"type":"Point","coordinates":[-69.8214688,18.5146725]},"properties":{"id":"IGL-OSM-NODE-4850038131","nombre":"Parroquia San Juan Crisostomo","categoria":"Iglesias debidamente incorporadas - candidatas","religion":"","denominacion":"","direccion":"","ciudad":"","municipio":"","provincia":"","telefono":"","website":"","osm_type":"node","osm_id":4850038131,"osm_url":"https://www.openstreetmap.org/node/4850038131","fuente":"OpenStreetMap","validada":false,"incorporada":"pendiente","incorporacion_verificada":false,"validacion_pgr_dgii":"pendiente"}},{"type":"Feature","geometry":{"type":"Point","coordinates":[-70.4179711,19.3793526]},"properties":{"id":"IGL-OSM-WAY-287492552","nombre":"Parroquia San Juan Evangelista","categoria":"Iglesias debidamente incorporadas - candidatas","religion":"christian","denominacion":"catholic","direccion":"","ciudad":"","municipio":"","provincia":"","telefono":"","website":"","osm_type":"way","osm_id":287492552,"osm_url":"https://www.openstreetmap.org/way/287492552","fuente":"OpenStreetMap","validada":false,"incorporada":"pendiente","incorporacion_verificada":false,"validacion_pgr_dgii":"pendiente"}},{"type":"Feature","geometry":{"type":"Point","coordinates":[-69.6525878,18.449119]},"properties":{"id":"IGL-OSM-WAY-408936572","nombre":"Parroquia San Juan Pablo II","categoria":"Iglesias debidamente incorporadas - candidatas","religion":"christian","denominacion":"","direccion":"Peaton","ciudad":"Andrés","municipio":"","provincia":"","telefono":"","website":"","osm_type":"way","osm_id":408936572,"osm_url":"https://www.openstreetmap.org/way/408936572","fuente":"OpenStreetMap","validada":false,"incorporada":"pendiente","incorporacion_verificada":false,"validacion_pgr_dgii":"pendiente"}},{"type":"Feature","geometry":{"type":"Point","coordinates":[-69.9248052,18.4767665]},"properties":{"id":"IGL-OSM-WAY-333368290","nombre":"Parroquia San Judas Tadeo","categoria":"Iglesias debidamente incorporadas - candidatas","religion":"christian","denominacion":"","direccion":"","ciudad":"","municipio":"","provincia":"","telefono":"","website":"","osm_type":"way","osm_id":333368290,"osm_url":"https://www.openstreetmap.org/way/333368290","fuente":"OpenStreetMap","validada":false,"incorporada":"pendiente","incorporacion_verificada":false,"validacion_pgr_dgii":"pendiente"}},{"type":"Feature","geometry":{"type":"Point","coordinates":[-69.8568721,18.5511957]},"properties":{"id":"IGL-OSM-WAY-661601848","nombre":"Parroquia San Luis Beltrán","categoria":"Iglesias debidamente incorporadas - candidatas","religion":"","denominacion":"","direccion":"Calle B 4","ciudad":"El Milloncito, Sabana Perdida, Santo Domingo Norte","municipio":"","provincia":"","telefono":"","website":"","osm_type":"way","osm_id":661601848,"osm_url":"https://www.openstreetmap.org/way/661601848","fuente":"OpenStreetMap","validada":false,"incorporada":"pendiente","incorporacion_verificada":false,"validacion_pgr_dgii":"pendiente"}},{"type":"Feature","geometry":{"type":"Point","coordinates":[-69.8843293,18.4963192]},"properties":{"id":"IGL-OSM-WAY-530583988","nombre":"Parroquia San Martin de Porres","categoria":"Iglesias debidamente incorporadas - candidatas","religion":"christian","denominacion":"catholic","direccion":"Calle Maria Trinidad Sanchez","ciudad":"","municipio":"","provincia":"","telefono":"","website":"","osm_type":"way","osm_id":530583988,"osm_url":"https://www.openstreetmap.org/way/530583988","fuente":"OpenStreetMap","validada":false,"incorporada":"pendiente","incorporacion_verificada":false,"validacion_pgr_dgii":"pendiente"}},{"type":"Feature","geometry":{"type":"Point","coordinates":[-70.5926655,19.3738947]},"properties":{"id":"IGL-OSM-NODE-2382654384","nombre":"Parroquia San Matias","categoria":"Iglesias debidamente incorporadas - candidatas","religion":"christian","denominacion":"","direccion":"","ciudad":"","municipio":"","provincia":"","telefono":"","website":"","osm_type":"node","osm_id":2382654384,"osm_url":"https://www.openstreetmap.org/node/2382654384","fuente":"OpenStreetMap","validada":false,"incorporada":"pendiente","incorporacion_verificada":false,"validacion_pgr_dgii":"pendiente"}},{"type":"Feature","geometry":{"type":"Point","coordinates":[-69.956499,18.4878113]},"properties":{"id":"IGL-OSM-WAY-654525075","nombre":"Parroquia San Mauricio","categoria":"Iglesias debidamente incorporadas - candidatas","religion":"christian","denominacion":"catholic","direccion":"","ciudad":"","municipio":"","provincia":"","telefono":"","website":"","osm_type":"way","osm_id":654525075,"osm_url":"https://www.openstreetmap.org/way/654525075","fuente":"OpenStreetMap","validada":false,"incorporada":"pendiente","incorporacion_verificada":false,"validacion_pgr_dgii":"pendiente"}},{"type":"Feature","geometry":{"type":"Point","coordinates":[-69.9196966,18.5034837]},"properties":{"id":"IGL-OSM-WAY-648501490","nombre":"Parroquia San Pablo Apóstol","categoria":"Iglesias debidamente incorporadas - candidatas","religion":"christian","denominacion":"roman_catholic","direccion":"","ciudad":"","municipio":"","provincia":"","telefono":"","website":"","osm_type":"way","osm_id":648501490,"osm_url":"https://www.openstreetmap.org/way/648501490","fuente":"OpenStreetMap","validada":false,"incorporada":"pendiente","incorporacion_verificada":false,"validacion_pgr_dgii":"pendiente"}},{"type":"Feature","geometry":{"type":"Point","coordinates":[-70.6798881,19.4701569]},"properties":{"id":"IGL-OSM-WAY-411501835","nombre":"Parroquia San Romon Nonato","categoria":"Iglesias debidamente incorporadas - candidatas","religion":"christian","denominacion":"","direccion":"","ciudad":"","municipio":"","provincia":"","telefono":"","website":"","osm_type":"way","osm_id":411501835,"osm_url":"https://www.openstreetmap.org/way/411501835","fuente":"OpenStreetMap","validada":false,"incorporada":"pendiente","incorporacion_verificada":false,"validacion_pgr_dgii":"pendiente"}},{"type":"Feature","geometry":{"type":"Point","coordinates":[-70.6570115,19.5539047]},"properties":{"id":"IGL-OSM-NODE-6703541896","nombre":"Parroquia San Roque Los Higos","categoria":"Iglesias debidamente incorporadas - candidatas","religion":"","denominacion":"catholic","direccion":"","ciudad":"","municipio":"","provincia":"","telefono":"","website":"","osm_type":"node","osm_id":6703541896,"osm_url":"https://www.openstreetmap.org/node/6703541896","fuente":"OpenStreetMap","validada":false,"incorporada":"pendiente","incorporacion_verificada":false,"validacion_pgr_dgii":"pendiente"}},{"type":"Feature","geometry":{"type":"Point","coordinates":[-70.6268431,19.4298315]},"properties":{"id":"IGL-OSM-WAY-1056265198","nombre":"Parroquia Santa Ana San Mateo","categoria":"Iglesias debidamente incorporadas - candidatas","religion":"christian","denominacion":"","direccion":"Carretera Las Palomas","ciudad":"Santiago de los Caballeros","municipio":"","provincia":"","telefono":"","website":"","osm_type":"way","osm_id":1056265198,"osm_url":"https://www.openstreetmap.org/way/1056265198","fuente":"OpenStreetMap","validada":false,"incorporada":"pendiente","incorporacion_verificada":false,"validacion_pgr_dgii":"pendiente"}},{"type":"Feature","geometry":{"type":"Point","coordinates":[-70.618747,19.3434299]},"properties":{"id":"IGL-OSM-NODE-2387583055","nombre":"Parroquia Santa Bárbara","categoria":"Iglesias debidamente incorporadas - candidatas","religion":"christian","denominacion":"","direccion":"","ciudad":"","municipio":"","provincia":"","telefono":"","website":"","osm_type":"node","osm_id":2387583055,"osm_url":"https://www.openstreetmap.org/node/2387583055","fuente":"OpenStreetMap","validada":false,"incorporada":"pendiente","incorporacion_verificada":false,"validacion_pgr_dgii":"pendiente"}},{"type":"Feature","geometry":{"type":"Point","coordinates":[-69.9090169,18.528244]},"properties":{"id":"IGL-OSM-WAY-663093487","nombre":"Parroquia Santa Cruz","categoria":"Iglesias debidamente incorporadas - candidatas","religion":"christian","denominacion":"catholic","direccion":"Avenida Hermanas Mirabal","ciudad":"","municipio":"","provincia":"","telefono":"","website":"","osm_type":"way","osm_id":663093487,"osm_url":"https://www.openstreetmap.org/way/663093487","fuente":"OpenStreetMap","validada":false,"incorporada":"pendiente","incorporacion_verificada":false,"validacion_pgr_dgii":"pendiente"}},{"type":"Feature","geometry":{"type":"Point","coordinates":[-69.9043283,19.6419067]},"properties":{"id":"IGL-OSM-WAY-759117381","nombre":"Parroquia Santa Cruz","categoria":"Iglesias debidamente incorporadas - candidatas","religion":"christian","denominacion":"roman_catholic","direccion":"","ciudad":"","municipio":"","provincia":"","telefono":"","website":"","osm_type":"way","osm_id":759117381,"osm_url":"https://www.openstreetmap.org/way/759117381","fuente":"OpenStreetMap","validada":false,"incorporada":"pendiente","incorporacion_verificada":false,"validacion_pgr_dgii":"pendiente"}},{"type":"Feature","geometry":{"type":"Point","coordinates":[-70.8138952,19.4392356]},"properties":{"id":"IGL-OSM-NODE-843829769","nombre":"Parroquia Santa Eduvigis","categoria":"Iglesias debidamente incorporadas - candidatas","religion":"christian","denominacion":"","direccion":"","ciudad":"","municipio":"","provincia":"","telefono":"","website":"","osm_type":"node","osm_id":843829769,"osm_url":"https://www.openstreetmap.org/node/843829769","fuente":"OpenStreetMap","validada":false,"incorporada":"pendiente","incorporacion_verificada":false,"validacion_pgr_dgii":"pendiente"}},{"type":"Feature","geometry":{"type":"Point","coordinates":[-69.9016158,18.5261714]},"properties":{"id":"IGL-OSM-WAY-408700225","nombre":"Parroquia Santa Lucia Martir","categoria":"Iglesias debidamente incorporadas - candidatas","religion":"christian","denominacion":"catholic","direccion":"","ciudad":"","municipio":"","provincia":"","telefono":"","website":"","osm_type":"way","osm_id":408700225,"osm_url":"https://www.openstreetmap.org/way/408700225","fuente":"OpenStreetMap","validada":false,"incorporada":"pendiente","incorporacion_verificada":false,"validacion_pgr_dgii":"pendiente"}},{"type":"Feature","geometry":{"type":"Point","coordinates":[-69.9380676,18.5426961]},"properties":{"id":"IGL-OSM-WAY-626918447","nombre":"Parroquia Santa Margarita María de Alacoque","categoria":"Iglesias debidamente incorporadas - candidatas","religion":"","denominacion":"","direccion":"","ciudad":"","municipio":"","provincia":"","telefono":"","website":"","osm_type":"way","osm_id":626918447,"osm_url":"https://www.openstreetmap.org/way/626918447","fuente":"OpenStreetMap","validada":false,"incorporada":"pendiente","incorporacion_verificada":false,"validacion_pgr_dgii":"pendiente"}},{"type":"Feature","geometry":{"type":"Point","coordinates":[-69.9441264,18.5043147]},"properties":{"id":"IGL-OSM-WAY-413370411","nombre":"Parroquia Santa Maria Goretti","categoria":"Iglesias debidamente incorporadas - candidatas","religion":"christian","denominacion":"","direccion":"Calle Alfonso Mareno Martinez","ciudad":"","municipio":"","provincia":"","telefono":"","website":"","osm_type":"way","osm_id":413370411,"osm_url":"https://www.openstreetmap.org/way/413370411","fuente":"OpenStreetMap","validada":false,"incorporada":"pendiente","incorporacion_verificada":false,"validacion_pgr_dgii":"pendiente"}},{"type":"Feature","geometry":{"type":"Point","coordinates":[-69.8149108,18.504836]},"properties":{"id":"IGL-OSM-WAY-999748687","nombre":"Parroquia Santa Maria Madre de Dios","categoria":"Iglesias debidamente incorporadas - candidatas","religion":"","denominacion":"","direccion":"","ciudad":"","municipio":"","provincia":"","telefono":"","website":"","osm_type":"way","osm_id":999748687,"osm_url":"https://www.openstreetmap.org/way/999748687","fuente":"OpenStreetMap","validada":false,"incorporada":"pendiente","incorporacion_verificada":false,"validacion_pgr_dgii":"pendiente"}},{"type":"Feature","geometry":{"type":"Point","coordinates":[-69.8551031,18.4942261]},"properties":{"id":"IGL-OSM-WAY-320598666","nombre":"Parroquia Santa Monica","categoria":"Iglesias debidamente incorporadas - candidatas","religion":"christian","denominacion":"roman_catholic","direccion":"Calle Costa Rica","ciudad":"santo Domingo Este","municipio":"","provincia":"","telefono":"","website":"","osm_type":"way","osm_id":320598666,"osm_url":"https://www.openstreetmap.org/way/320598666","fuente":"OpenStreetMap","validada":false,"incorporada":"pendiente","incorporacion_verificada":false,"validacion_pgr_dgii":"pendiente"}},{"type":"Feature","geometry":{"type":"Point","coordinates":[-68.9662973,18.4240043]},"properties":{"id":"IGL-OSM-WAY-158172026","nombre":"Parroquia Santa Rosa de Lima","categoria":"Iglesias debidamente incorporadas - candidatas","religion":"christian","denominacion":"roman_catholic","direccion":"Eugenio A. Miranda 53","ciudad":"","municipio":"","provincia":"","telefono":"+18095562379","website":"https://www.vaticannews.va/","osm_type":"way","osm_id":158172026,"osm_url":"https://www.openstreetmap.org/way/158172026","fuente":"OpenStreetMap","validada":false,"incorporada":"pendiente","incorporacion_verificada":false,"validacion_pgr_dgii":"pendiente"}},{"type":"Feature","geometry":{"type":"Point","coordinates":[-70.5459278,19.2180612]},"properties":{"id":"IGL-OSM-NODE-2334620025","nombre":"Parroquia Santa Teresita de Lisieux","categoria":"Iglesias debidamente incorporadas - candidatas","religion":"","denominacion":"","direccion":"","ciudad":"","municipio":"","provincia":"","telefono":"","website":"","osm_type":"node","osm_id":2334620025,"osm_url":"https://www.openstreetmap.org/node/2334620025","fuente":"OpenStreetMap","validada":false,"incorporada":"pendiente","incorporacion_verificada":false,"validacion_pgr_dgii":"pendiente"}},{"type":"Feature","geometry":{"type":"Point","coordinates":[-69.9557807,18.5506364]},"properties":{"id":"IGL-OSM-WAY-627156987","nombre":"Parroquia Santa Virginia","categoria":"Iglesias debidamente incorporadas - candidatas","religion":"","denominacion":"","direccion":"","ciudad":"","municipio":"","provincia":"","telefono":"","website":"","osm_type":"way","osm_id":627156987,"osm_url":"https://www.openstreetmap.org/way/627156987","fuente":"OpenStreetMap","validada":false,"incorporada":"pendiente","incorporacion_verificada":false,"validacion_pgr_dgii":"pendiente"}},{"type":"Feature","geometry":{"type":"Point","coordinates":[-69.9299788,18.5355877]},"properties":{"id":"IGL-OSM-WAY-627166413","nombre":"Parroquia Santiago el Menor - Iglesia Católica","categoria":"Iglesias debidamente incorporadas - candidatas","religion":"","denominacion":"","direccion":"","ciudad":"","municipio":"","provincia":"","telefono":"","website":"","osm_type":"way","osm_id":627166413,"osm_url":"https://www.openstreetmap.org/way/627166413","fuente":"OpenStreetMap","validada":false,"incorporada":"pendiente","incorporacion_verificada":false,"validacion_pgr_dgii":"pendiente"}},{"type":"Feature","geometry":{"type":"Point","coordinates":[-69.8135013,18.5288117]},"properties":{"id":"IGL-OSM-WAY-344547978","nombre":"Parroquia Santo Tomas de Villa Nueva","categoria":"Iglesias debidamente incorporadas - candidatas","religion":"","denominacion":"","direccion":"","ciudad":"","municipio":"","provincia":"","telefono":"","website":"","osm_type":"way","osm_id":344547978,"osm_url":"https://www.openstreetmap.org/way/344547978","fuente":"OpenStreetMap","validada":false,"incorporada":"pendiente","incorporacion_verificada":false,"validacion_pgr_dgii":"pendiente"}},{"type":"Feature","geometry":{"type":"Point","coordinates":[-69.8134965,18.5288149]},"properties":{"id":"IGL-OSM-NODE-4511088590","nombre":"Parroquia Santo Tomas de Villanueva","categoria":"Iglesias debidamente incorporadas - candidatas","religion":"","denominacion":"","direccion":"Calle Miguel Diaz","ciudad":"","municipio":"","provincia":"","telefono":"","website":"","osm_type":"node","osm_id":4511088590,"osm_url":"https://www.openstreetmap.org/node/4511088590","fuente":"OpenStreetMap","validada":false,"incorporada":"pendiente","incorporacion_verificada":false,"validacion_pgr_dgii":"pendiente"}},{"type":"Feature","geometry":{"type":"Point","coordinates":[-69.9649557,18.4991019]},"properties":{"id":"IGL-OSM-NODE-7053274885","nombre":"Parroquia Santo Toribio de Mogrovejo","categoria":"Iglesias debidamente incorporadas - candidatas","religion":"","denominacion":"","direccion":"Calle B","ciudad":"","municipio":"","provincia":"","telefono":"","website":"","osm_type":"node","osm_id":7053274885,"osm_url":"https://www.openstreetmap.org/node/7053274885","fuente":"OpenStreetMap","validada":false,"incorporada":"pendiente","incorporacion_verificada":false,"validacion_pgr_dgii":"pendiente"}},{"type":"Feature","geometry":{"type":"Point","coordinates":[-69.6928737,18.4758471]},"properties":{"id":"IGL-OSM-NODE-6575105734","nombre":"Parroquia Santuario Padre Pio de Pietrelcina","categoria":"Iglesias debidamente incorporadas - candidatas","religion":"","denominacion":"","direccion":"Calle 23 42","ciudad":"","municipio":"","provincia":"","telefono":"","website":"","osm_type":"node","osm_id":6575105734,"osm_url":"https://www.openstreetmap.org/node/6575105734","fuente":"OpenStreetMap","validada":false,"incorporada":"pendiente","incorporacion_verificada":false,"validacion_pgr_dgii":"pendiente"}},{"type":"Feature","geometry":{"type":"Point","coordinates":[-69.8546112,19.3784991]},"properties":{"id":"IGL-OSM-NODE-2389945322","nombre":"Parroquia Santísima Trinidad","categoria":"Iglesias debidamente incorporadas - candidatas","religion":"christian","denominacion":"","direccion":"","ciudad":"","municipio":"","provincia":"","telefono":"","website":"","osm_type":"node","osm_id":2389945322,"osm_url":"https://www.openstreetmap.org/node/2389945322","fuente":"OpenStreetMap","validada":false,"incorporada":"pendiente","incorporacion_verificada":false,"validacion_pgr_dgii":"pendiente"}},{"type":"Feature","geometry":{"type":"Point","coordinates":[-70.2507067,18.7761387]},"properties":{"id":"IGL-OSM-WAY-1184858494","nombre":"Parroquia Santísima Trinidad","categoria":"Iglesias debidamente incorporadas - candidatas","religion":"christian","denominacion":"","direccion":"","ciudad":"","municipio":"","provincia":"","telefono":"","website":"","osm_type":"way","osm_id":1184858494,"osm_url":"https://www.openstreetmap.org/way/1184858494","fuente":"OpenStreetMap","validada":false,"incorporada":"pendiente","incorporacion_verificada":false,"validacion_pgr_dgii":"pendiente"}},{"type":"Feature","geometry":{"type":"Point","coordinates":[-69.9383385,18.4946216]},"properties":{"id":"IGL-OSM-NODE-1928135231","nombre":"Parroquia Sra. de Nuestra Divina Providencia","categoria":"Iglesias debidamente incorporadas - candidatas","religion":"christian","denominacion":"catholic","direccion":"","ciudad":"","municipio":"","provincia":"","telefono":"","website":"","osm_type":"node","osm_id":1928135231,"osm_url":"https://www.openstreetmap.org/node/1928135231","fuente":"OpenStreetMap","validada":false,"incorporada":"pendiente","incorporacion_verificada":false,"validacion_pgr_dgii":"pendiente"}},{"type":"Feature","geometry":{"type":"Point","coordinates":[-70.0043608,18.4719902]},"properties":{"id":"IGL-OSM-WAY-413232185","nombre":"Parroquía Inmaculado Corazón de María","categoria":"Iglesias debidamente incorporadas - candidatas","religion":"","denominacion":"","direccion":"","ciudad":"","municipio":"","provincia":"","telefono":"+1 809 701 2202","website":"","osm_type":"way","osm_id":413232185,"osm_url":"https://www.openstreetmap.org/way/413232185","fuente":"OpenStreetMap","validada":false,"incorporada":"pendiente","incorporacion_verificada":false,"validacion_pgr_dgii":"pendiente"}},{"type":"Feature","geometry":{"type":"Point","coordinates":[-69.8875902,18.4724188]},"properties":{"id":"IGL-OSM-NODE-4396584671","nombre":"Percival & Asociados","categoria":"Iglesias debidamente incorporadas - candidatas","religion":"","denominacion":"catholic","direccion":"Calle José Reyes 56","ciudad":"Santo Domingo","municipio":"","provincia":"","telefono":"809 689 6994","website":"https://percivalasociados.com/","osm_type":"node","osm_id":4396584671,"osm_url":"https://www.openstreetmap.org/node/4396584671","fuente":"OpenStreetMap","validada":false,"incorporada":"pendiente","incorporacion_verificada":false,"validacion_pgr_dgii":"pendiente"}},{"type":"Feature","geometry":{"type":"Point","coordinates":[-69.8900707,18.4736882]},"properties":{"id":"IGL-OSM-NODE-1239450957","nombre":"Pontificio Instituto, Juan Pablo II","categoria":"Iglesias debidamente incorporadas - candidatas","religion":"christian","denominacion":"catholic","direccion":"","ciudad":"","municipio":"","provincia":"","telefono":"","website":"","osm_type":"node","osm_id":1239450957,"osm_url":"https://www.openstreetmap.org/node/1239450957","fuente":"OpenStreetMap","validada":false,"incorporada":"pendiente","incorporacion_verificada":false,"validacion_pgr_dgii":"pendiente"}},{"type":"Feature","geometry":{"type":"Point","coordinates":[-69.9040494,18.4857684]},"properties":{"id":"IGL-OSM-WAY-412833210","nombre":"Primera Iglesia Bautista Fundamental","categoria":"Iglesias debidamente incorporadas - candidatas","religion":"christian","denominacion":"","direccion":"","ciudad":"","municipio":"","provincia":"","telefono":"","website":"","osm_type":"way","osm_id":412833210,"osm_url":"https://www.openstreetmap.org/way/412833210","fuente":"OpenStreetMap","validada":false,"incorporada":"pendiente","incorporacion_verificada":false,"validacion_pgr_dgii":"pendiente"}},{"type":"Feature","geometry":{"type":"Point","coordinates":[-70.7098564,19.4563806]},"properties":{"id":"IGL-OSM-WAY-410359191","nombre":"Primera Iglesia Bíblica Cristiana","categoria":"Iglesias debidamente incorporadas - candidatas","religion":"christian","denominacion":"","direccion":"Avenida Hermanas Mirabal","ciudad":"Santiago de los Caballeros","municipio":"","provincia":"","telefono":"","website":"","osm_type":"way","osm_id":410359191,"osm_url":"https://www.openstreetmap.org/way/410359191","fuente":"OpenStreetMap","validada":false,"incorporada":"pendiente","incorporacion_verificada":false,"validacion_pgr_dgii":"pendiente"}},{"type":"Feature","geometry":{"type":"Point","coordinates":[-69.8871849,18.474748]},"properties":{"id":"IGL-OSM-WAY-305495530","nombre":"Primera Iglesia Evangélica Dominicana","categoria":"Iglesias debidamente incorporadas - candidatas","religion":"christian","denominacion":"evangelical","direccion":"Calle Las Mercedes","ciudad":"","municipio":"","provincia":"","telefono":"","website":"","osm_type":"way","osm_id":305495530,"osm_url":"https://www.openstreetmap.org/way/305495530","fuente":"OpenStreetMap","validada":false,"incorporada":"pendiente","incorporacion_verificada":false,"validacion_pgr_dgii":"pendiente"}},{"type":"Feature","geometry":{"type":"Point","coordinates":[-70.3892164,19.1748605]},"properties":{"id":"IGL-OSM-WAY-1420322044","nombre":"Ranchito- El Tamarindo","categoria":"Iglesias debidamente incorporadas - candidatas","religion":"","denominacion":"","direccion":"","ciudad":"","municipio":"","provincia":"","telefono":"","website":"","osm_type":"way","osm_id":1420322044,"osm_url":"https://www.openstreetmap.org/way/1420322044","fuente":"OpenStreetMap","validada":false,"incorporada":"pendiente","incorporacion_verificada":false,"validacion_pgr_dgii":"pendiente"}},{"type":"Feature","geometry":{"type":"Point","coordinates":[-70.0160835,18.5326126]},"properties":{"id":"IGL-OSM-NODE-5228041126","nombre":"Renacer","categoria":"Iglesias debidamente incorporadas - candidatas","religion":"","denominacion":"","direccion":"","ciudad":"","municipio":"","provincia":"","telefono":"","website":"","osm_type":"node","osm_id":5228041126,"osm_url":"https://www.openstreetmap.org/node/5228041126","fuente":"OpenStreetMap","validada":false,"incorporada":"pendiente","incorporacion_verificada":false,"validacion_pgr_dgii":"pendiente"}},{"type":"Feature","geometry":{"type":"Point","coordinates":[-69.9886684,18.4610956]},"properties":{"id":"IGL-OSM-NODE-4524156694","nombre":"Residencial LP8","categoria":"Iglesias debidamente incorporadas - candidatas","religion":"","denominacion":"","direccion":"Calle Maria Trinidad Sanchez 2","ciudad":"","municipio":"","provincia":"","telefono":"","website":"","osm_type":"node","osm_id":4524156694,"osm_url":"https://www.openstreetmap.org/node/4524156694","fuente":"OpenStreetMap","validada":false,"incorporada":"pendiente","incorporacion_verificada":false,"validacion_pgr_dgii":"pendiente"}},{"type":"Feature","geometry":{"type":"Point","coordinates":[-70.6407127,19.1222888]},"properties":{"id":"IGL-OSM-NODE-4299006589","nombre":"Salon del Reino","categoria":"Iglesias debidamente incorporadas - candidatas","religion":"","denominacion":"","direccion":"","ciudad":"","municipio":"","provincia":"","telefono":"","website":"https://www.jw.org/","osm_type":"node","osm_id":4299006589,"osm_url":"https://www.openstreetmap.org/node/4299006589","fuente":"OpenStreetMap","validada":false,"incorporada":"pendiente","incorporacion_verificada":false,"validacion_pgr_dgii":"pendiente"}},{"type":"Feature","geometry":{"type":"Point","coordinates":[-70.5124033,19.2203178]},"properties":{"id":"IGL-OSM-NODE-1673940967","nombre":"Salon del Reino de los Testigos de Jehova","categoria":"Iglesias debidamente incorporadas - candidatas","religion":"","denominacion":"","direccion":"","ciudad":"","municipio":"","provincia":"","telefono":"","website":"","osm_type":"node","osm_id":1673940967,"osm_url":"https://www.openstreetmap.org/node/1673940967","fuente":"OpenStreetMap","validada":false,"incorporada":"pendiente","incorporacion_verificada":false,"validacion_pgr_dgii":"pendiente"}},{"type":"Feature","geometry":{"type":"Point","coordinates":[-69.8658802,18.4837774]},"properties":{"id":"IGL-OSM-NODE-1862505587","nombre":"Salon del Reino de los Testigos de Jehova","categoria":"Iglesias debidamente incorporadas - candidatas","religion":"christian","denominacion":"","direccion":"","ciudad":"","municipio":"","provincia":"","telefono":"","website":"","osm_type":"node","osm_id":1862505587,"osm_url":"https://www.openstreetmap.org/node/1862505587","fuente":"OpenStreetMap","validada":false,"incorporada":"pendiente","incorporacion_verificada":false,"validacion_pgr_dgii":"pendiente"}},{"type":"Feature","geometry":{"type":"Point","coordinates":[-70.4022189,18.930779]},"properties":{"id":"IGL-OSM-WAY-222822118","nombre":"Salon Del Reino De Los Testigos De Jehova","categoria":"Iglesias debidamente incorporadas - candidatas","religion":"christian","denominacion":"jehovahs_witness","direccion":"Privada","ciudad":"Bonao","municipio":"","provincia":"","telefono":"","website":"","osm_type":"way","osm_id":222822118,"osm_url":"https://www.openstreetmap.org/way/222822118","fuente":"OpenStreetMap","validada":false,"incorporada":"pendiente","incorporacion_verificada":false,"validacion_pgr_dgii":"pendiente"}},{"type":"Feature","geometry":{"type":"Point","coordinates":[-70.6687539,19.4014453]},"properties":{"id":"IGL-OSM-WAY-309137457","nombre":"Salon del Reino de los Testigos de Jehova","categoria":"Iglesias debidamente incorporadas - candidatas","religion":"christian","denominacion":"jehovahs_witness","direccion":"","ciudad":"","municipio":"","provincia":"","telefono":"","website":"https://www.jw.org/","osm_type":"way","osm_id":309137457,"osm_url":"https://www.openstreetmap.org/way/309137457","fuente":"OpenStreetMap","validada":false,"incorporada":"pendiente","incorporacion_verificada":false,"validacion_pgr_dgii":"pendiente"}},{"type":"Feature","geometry":{"type":"Point","coordinates":[-69.696274,18.463581]},"properties":{"id":"IGL-OSM-WAY-410625245","nombre":"Salon Del Reino de los Testigos de Jehova","categoria":"Iglesias debidamente incorporadas - candidatas","religion":"christian","denominacion":"","direccion":"","ciudad":"","municipio":"","provincia":"","telefono":"","website":"","osm_type":"way","osm_id":410625245,"osm_url":"https://www.openstreetmap.org/way/410625245","fuente":"OpenStreetMap","validada":false,"incorporada":"pendiente","incorporacion_verificada":false,"validacion_pgr_dgii":"pendiente"}},{"type":"Feature","geometry":{"type":"Point","coordinates":[-70.8128357,19.3264149]},"properties":{"id":"IGL-OSM-NODE-11360112211","nombre":"Salon del Reino de los Testigos de Jehová","categoria":"Iglesias debidamente incorporadas - candidatas","religion":"christian","denominacion":"jehovahs_witness","direccion":"Calle Profesora Zaida Collado","ciudad":"Jánico","municipio":"","provincia":"","telefono":"","website":"https://www.jw.org/es","osm_type":"node","osm_id":11360112211,"osm_url":"https://www.openstreetmap.org/node/11360112211","fuente":"OpenStreetMap","validada":false,"incorporada":"pendiente","incorporacion_verificada":false,"validacion_pgr_dgii":"pendiente"}},{"type":"Feature","geometry":{"type":"Point","coordinates":[-71.4499218,19.7393086]},"properties":{"id":"IGL-OSM-NODE-4816975865","nombre":"Salon del Reino de los Testigos de Jehová","categoria":"Iglesias debidamente incorporadas - candidatas","religion":"christian","denominacion":"","direccion":"Duarte 11","ciudad":"Villa Vasquez","municipio":"","provincia":"","telefono":"","website":"","osm_type":"node","osm_id":4816975865,"osm_url":"https://www.openstreetmap.org/node/4816975865","fuente":"OpenStreetMap","validada":false,"incorporada":"pendiente","incorporacion_verificada":false,"validacion_pgr_dgii":"pendiente"}},{"type":"Feature","geometry":{"type":"Point","coordinates":[-69.9007819,18.4762596]},"properties":{"id":"IGL-OSM-NODE-4825694223","nombre":"Salon del Reino de los testigos de Jehová","categoria":"Iglesias debidamente incorporadas - candidatas","religion":"","denominacion":"","direccion":"Galván","ciudad":"","municipio":"","provincia":"","telefono":"","website":"https://www.jw.org/","osm_type":"node","osm_id":4825694223,"osm_url":"https://www.openstreetmap.org/node/4825694223","fuente":"OpenStreetMap","validada":false,"incorporada":"pendiente","incorporacion_verificada":false,"validacion_pgr_dgii":"pendiente"}},{"type":"Feature","geometry":{"type":"Point","coordinates":[-70.6417315,19.4579769]},"properties":{"id":"IGL-OSM-NODE-6057905086","nombre":"Salon del Reino de los Testigos de Jehová","categoria":"Iglesias debidamente incorporadas - candidatas","religion":"christian","denominacion":"jehovahs_witness","direccion":"","ciudad":"","municipio":"","provincia":"","telefono":"","website":"","osm_type":"node","osm_id":6057905086,"osm_url":"https://www.openstreetmap.org/node/6057905086","fuente":"OpenStreetMap","validada":false,"incorporada":"pendiente","incorporacion_verificada":false,"validacion_pgr_dgii":"pendiente"}},{"type":"Feature","geometry":{"type":"Point","coordinates":[-70.4187397,19.3790196]},"properties":{"id":"IGL-OSM-NODE-2910928766","nombre":"Salon Del Reyno De Los Testigos De Jehova","categoria":"Iglesias debidamente incorporadas - candidatas","religion":"","denominacion":"","direccion":"","ciudad":"","municipio":"","provincia":"","telefono":"","website":"","osm_type":"node","osm_id":2910928766,"osm_url":"https://www.openstreetmap.org/node/2910928766","fuente":"OpenStreetMap","validada":false,"incorporada":"pendiente","incorporacion_verificada":false,"validacion_pgr_dgii":"pendiente"}},{"type":"Feature","geometry":{"type":"Point","coordinates":[-70.12559,18.4317748]},"properties":{"id":"IGL-OSM-WAY-468747752","nombre":"Salon TESTIGOS","categoria":"Iglesias debidamente incorporadas - candidatas","religion":"","denominacion":"","direccion":"","ciudad":"","municipio":"","provincia":"","telefono":"","website":"","osm_type":"way","osm_id":468747752,"osm_url":"https://www.openstreetmap.org/way/468747752","fuente":"OpenStreetMap","validada":false,"incorporada":"pendiente","incorporacion_verificada":false,"validacion_pgr_dgii":"pendiente"}},{"type":"Feature","geometry":{"type":"Point","coordinates":[-69.9562629,18.4490079]},"properties":{"id":"IGL-OSM-WAY-464842458","nombre":"Salones Parroquiales JM","categoria":"Iglesias debidamente incorporadas - candidatas","religion":"christian","denominacion":"roman_catholic","direccion":"Calle Jesus Maestro","ciudad":"Santo Domingo","municipio":"","provincia":"","telefono":"","website":"","osm_type":"way","osm_id":464842458,"osm_url":"https://www.openstreetmap.org/way/464842458","fuente":"OpenStreetMap","validada":false,"incorporada":"pendiente","incorporacion_verificada":false,"validacion_pgr_dgii":"pendiente"}},{"type":"Feature","geometry":{"type":"Point","coordinates":[-70.7803502,19.5342527]},"properties":{"id":"IGL-OSM-NODE-4916615822","nombre":"Salón de Asambleas de los testigos de Jehová","categoria":"Iglesias debidamente incorporadas - candidatas","religion":"christian","denominacion":"jehovahs_witness","direccion":"Autopista Joaquín Balaguer","ciudad":"","municipio":"","provincia":"","telefono":"","website":"","osm_type":"node","osm_id":4916615822,"osm_url":"https://www.openstreetmap.org/node/4916615822","fuente":"OpenStreetMap","validada":false,"incorporada":"pendiente","incorporacion_verificada":false,"validacion_pgr_dgii":"pendiente"}},{"type":"Feature","geometry":{"type":"Point","coordinates":[-70.5080071,19.765884]},"properties":{"id":"IGL-OSM-NODE-4600618289","nombre":"Salón de los Testigos de Jehová","categoria":"Iglesias debidamente incorporadas - candidatas","religion":"","denominacion":"","direccion":"Benigno Lantigua","ciudad":"","municipio":"","provincia":"","telefono":"","website":"","osm_type":"node","osm_id":4600618289,"osm_url":"https://www.openstreetmap.org/node/4600618289","fuente":"OpenStreetMap","validada":false,"incorporada":"pendiente","incorporacion_verificada":false,"validacion_pgr_dgii":"pendiente"}},{"type":"Feature","geometry":{"type":"Point","coordinates":[-68.97577,18.4299889]},"properties":{"id":"IGL-OSM-WAY-330174200","nombre":"Salón de los Testigos de Jehová","categoria":"Iglesias debidamente incorporadas - candidatas","religion":"","denominacion":"","direccion":"","ciudad":"","municipio":"","provincia":"","telefono":"","website":"","osm_type":"way","osm_id":330174200,"osm_url":"https://www.openstreetmap.org/way/330174200","fuente":"OpenStreetMap","validada":false,"incorporada":"pendiente","incorporacion_verificada":false,"validacion_pgr_dgii":"pendiente"}},{"type":"Feature","geometry":{"type":"Point","coordinates":[-70.2532107,19.2921826]},"properties":{"id":"IGL-OSM-NODE-5385631621","nombre":"salón de Reino de los testigos de Jehová","categoria":"Iglesias debidamente incorporadas - candidatas","religion":"","denominacion":"","direccion":"","ciudad":"","municipio":"","provincia":"","telefono":"","website":"https://www.jw.org/","osm_type":"node","osm_id":5385631621,"osm_url":"https://www.openstreetmap.org/node/5385631621","fuente":"OpenStreetMap","validada":false,"incorporada":"pendiente","incorporacion_verificada":false,"validacion_pgr_dgii":"pendiente"}},{"type":"Feature","geometry":{"type":"Point","coordinates":[-70.2352176,19.284368]},"properties":{"id":"IGL-OSM-NODE-5385836821","nombre":"Salón de Reino de Los Testigos de Jehová","categoria":"Iglesias debidamente incorporadas - candidatas","religion":"","denominacion":"","direccion":"","ciudad":"","municipio":"","provincia":"","telefono":"","website":"https://www.jw.org/","osm_type":"node","osm_id":5385836821,"osm_url":"https://www.openstreetmap.org/node/5385836821","fuente":"OpenStreetMap","validada":false,"incorporada":"pendiente","incorporacion_verificada":false,"validacion_pgr_dgii":"pendiente"}},{"type":"Feature","geometry":{"type":"Point","coordinates":[-70.2578127,19.3025439]},"properties":{"id":"IGL-OSM-NODE-5385606221","nombre":"Salón de Reinó de Los Testigos de Jehová","categoria":"Iglesias debidamente incorporadas - candidatas","religion":"","denominacion":"","direccion":"","ciudad":"","municipio":"","provincia":"","telefono":"","website":"https://www.jw.org/","osm_type":"node","osm_id":5385606221,"osm_url":"https://www.openstreetmap.org/node/5385606221","fuente":"OpenStreetMap","validada":false,"incorporada":"pendiente","incorporacion_verificada":false,"validacion_pgr_dgii":"pendiente"}},{"type":"Feature","geometry":{"type":"Point","coordinates":[-70.2567697,19.287255]},"properties":{"id":"IGL-OSM-NODE-5385787223","nombre":"Salón de Reinó De Los Testigos de Jehová","categoria":"Iglesias debidamente incorporadas - candidatas","religion":"","denominacion":"","direccion":"","ciudad":"","municipio":"","provincia":"","telefono":"","website":"https://www.jw.org/","osm_type":"node","osm_id":5385787223,"osm_url":"https://www.openstreetmap.org/node/5385787223","fuente":"OpenStreetMap","validada":false,"incorporada":"pendiente","incorporacion_verificada":false,"validacion_pgr_dgii":"pendiente"}},{"type":"Feature","geometry":{"type":"Point","coordinates":[-70.7416266,18.9056728]},"properties":{"id":"IGL-OSM-NODE-5385862421","nombre":"Salón de Reinó de los testigos de Jehová","categoria":"Iglesias debidamente incorporadas - candidatas","religion":"","denominacion":"","direccion":"","ciudad":"","municipio":"","provincia":"","telefono":"","website":"","osm_type":"node","osm_id":5385862421,"osm_url":"https://www.openstreetmap.org/node/5385862421","fuente":"OpenStreetMap","validada":false,"incorporada":"pendiente","incorporacion_verificada":false,"validacion_pgr_dgii":"pendiente"}},{"type":"Feature","geometry":{"type":"Point","coordinates":[-70.4735653,18.2387772]},"properties":{"id":"IGL-OSM-WAY-572630795","nombre":"Salón del Reino","categoria":"Iglesias debidamente incorporadas - candidatas","religion":"christian","denominacion":"jehovahs_witness","direccion":"","ciudad":"","municipio":"","provincia":"","telefono":"","website":"","osm_type":"way","osm_id":572630795,"osm_url":"https://www.openstreetmap.org/way/572630795","fuente":"OpenStreetMap","validada":false,"incorporada":"pendiente","incorporacion_verificada":false,"validacion_pgr_dgii":"pendiente"}},{"type":"Feature","geometry":{"type":"Point","coordinates":[-70.5257991,19.3912549]},"properties":{"id":"IGL-OSM-NODE-2313564728","nombre":"Salón del Reino de Dios","categoria":"Iglesias debidamente incorporadas - candidatas","religion":"","denominacion":"","direccion":"","ciudad":"","municipio":"","provincia":"","telefono":"","website":"","osm_type":"node","osm_id":2313564728,"osm_url":"https://www.openstreetmap.org/node/2313564728","fuente":"OpenStreetMap","validada":false,"incorporada":"pendiente","incorporacion_verificada":false,"validacion_pgr_dgii":"pendiente"}},{"type":"Feature","geometry":{"type":"Point","coordinates":[-70.3757253,19.1313684]},"properties":{"id":"IGL-OSM-WAY-223437666","nombre":"Salón del Reino de Dios","categoria":"Iglesias debidamente incorporadas - candidatas","religion":"","denominacion":"","direccion":"","ciudad":"","municipio":"","provincia":"","telefono":"","website":"","osm_type":"way","osm_id":223437666,"osm_url":"https://www.openstreetmap.org/way/223437666","fuente":"OpenStreetMap","validada":false,"incorporada":"pendiente","incorporacion_verificada":false,"validacion_pgr_dgii":"pendiente"}},{"type":"Feature","geometry":{"type":"Point","coordinates":[-69.8948538,18.542023]},"properties":{"id":"IGL-OSM-WAY-408932688","nombre":"Salón del Reino de los Testigo de Jehová","categoria":"Iglesias debidamente incorporadas - candidatas","religion":"christian","denominacion":"jehovahs_witness","direccion":"Los Restauradores","ciudad":"","municipio":"","provincia":"","telefono":"","website":"","osm_type":"way","osm_id":408932688,"osm_url":"https://www.openstreetmap.org/way/408932688","fuente":"OpenStreetMap","validada":false,"incorporada":"pendiente","incorporacion_verificada":false,"validacion_pgr_dgii":"pendiente"}},{"type":"Feature","geometry":{"type":"Point","coordinates":[-70.2442278,19.2931282]},"properties":{"id":"IGL-OSM-NODE-2416336366","nombre":"Salón del Reino de los Testigos de Jehova","categoria":"Iglesias debidamente incorporadas - candidatas","religion":"","denominacion":"","direccion":"","ciudad":"","municipio":"","provincia":"","telefono":"","website":"","osm_type":"node","osm_id":2416336366,"osm_url":"https://www.openstreetmap.org/node/2416336366","fuente":"OpenStreetMap","validada":false,"incorporada":"pendiente","incorporacion_verificada":false,"validacion_pgr_dgii":"pendiente"}},{"type":"Feature","geometry":{"type":"Point","coordinates":[-70.1696324,18.6683392]},"properties":{"id":"IGL-OSM-WAY-412494785","nombre":"Salón Del Reino De Los Testigos De Jehova","categoria":"Iglesias debidamente incorporadas - candidatas","religion":"christian","denominacion":"jehovahs_witness","direccion":"Servio Mureta","ciudad":"Villa Altagracia","municipio":"","provincia":"","telefono":"","website":"","osm_type":"way","osm_id":412494785,"osm_url":"https://www.openstreetmap.org/way/412494785","fuente":"OpenStreetMap","validada":false,"incorporada":"pendiente","incorporacion_verificada":false,"validacion_pgr_dgii":"pendiente"}},{"type":"Feature","geometry":{"type":"Point","coordinates":[-69.9357239,18.5064122]},"properties":{"id":"IGL-OSM-WAY-413678666","nombre":"Salón del Reino de los Testigos de Jehova","categoria":"Iglesias debidamente incorporadas - candidatas","religion":"christian","denominacion":"","direccion":"Calle Canario","ciudad":"","municipio":"","provincia":"","telefono":"","website":"","osm_type":"way","osm_id":413678666,"osm_url":"https://www.openstreetmap.org/way/413678666","fuente":"OpenStreetMap","validada":false,"incorporada":"pendiente","incorporacion_verificada":false,"validacion_pgr_dgii":"pendiente"}},{"type":"Feature","geometry":{"type":"Point","coordinates":[-70.5279714,19.2201909]},"properties":{"id":"IGL-OSM-WAY-414221499","nombre":"Salón del Reino de los Testigos de Jehova","categoria":"Iglesias debidamente incorporadas - candidatas","religion":"christian","denominacion":"","direccion":"Avenida Imbert","ciudad":"La Vega","municipio":"","provincia":"","telefono":"","website":"","osm_type":"way","osm_id":414221499,"osm_url":"https://www.openstreetmap.org/way/414221499","fuente":"OpenStreetMap","validada":false,"incorporada":"pendiente","incorporacion_verificada":false,"validacion_pgr_dgii":"pendiente"}},{"type":"Feature","geometry":{"type":"Point","coordinates":[-69.9855553,18.4879033]},"properties":{"id":"IGL-OSM-NODE-4402960001","nombre":"Salón del Reino de los Testigos de Jehová","categoria":"Iglesias debidamente incorporadas - candidatas","religion":"christian","denominacion":"jehovahs_witness","direccion":"","ciudad":"","municipio":"","provincia":"","telefono":"","website":"https://www.jw.org/","osm_type":"node","osm_id":4402960001,"osm_url":"https://www.openstreetmap.org/node/4402960001","fuente":"OpenStreetMap","validada":false,"incorporada":"pendiente","incorporacion_verificada":false,"validacion_pgr_dgii":"pendiente"}},{"type":"Feature","geometry":{"type":"Point","coordinates":[-69.9870358,18.4721241]},"properties":{"id":"IGL-OSM-NODE-4578450495","nombre":"Salón del Reino de los Testigos de Jehová","categoria":"Iglesias debidamente incorporadas - candidatas","religion":"","denominacion":"","direccion":"","ciudad":"","municipio":"","provincia":"","telefono":"","website":"https://www.jw.org/","osm_type":"node","osm_id":4578450495,"osm_url":"https://www.openstreetmap.org/node/4578450495","fuente":"OpenStreetMap","validada":false,"incorporada":"pendiente","incorporacion_verificada":false,"validacion_pgr_dgii":"pendiente"}},{"type":"Feature","geometry":{"type":"Point","coordinates":[-70.605925,19.4312467]},"properties":{"id":"IGL-OSM-NODE-4848276622","nombre":"Salón del Reino de los testigos de Jehová","categoria":"Iglesias debidamente incorporadas - candidatas","religion":"","denominacion":"","direccion":"","ciudad":"","municipio":"","provincia":"","telefono":"","website":"https://www.jw.org/","osm_type":"node","osm_id":4848276622,"osm_url":"https://www.openstreetmap.org/node/4848276622","fuente":"OpenStreetMap","validada":false,"incorporada":"pendiente","incorporacion_verificada":false,"validacion_pgr_dgii":"pendiente"}},{"type":"Feature","geometry":{"type":"Point","coordinates":[-71.054627,19.821377]},"properties":{"id":"IGL-OSM-NODE-5126282723","nombre":"Salón del Reino de los Testigos de Jehová","categoria":"Iglesias debidamente incorporadas - candidatas","religion":"","denominacion":"","direccion":"","ciudad":"","municipio":"","provincia":"","telefono":"","website":"https://www.jw.org/","osm_type":"node","osm_id":5126282723,"osm_url":"https://www.openstreetmap.org/node/5126282723","fuente":"OpenStreetMap","validada":false,"incorporada":"pendiente","incorporacion_verificada":false,"validacion_pgr_dgii":"pendiente"}},{"type":"Feature","geometry":{"type":"Point","coordinates":[-70.6938325,19.4691606]},"properties":{"id":"IGL-OSM-NODE-5299660521","nombre":"Salón del Reino de los Testigos de Jehová","categoria":"Iglesias debidamente incorporadas - candidatas","religion":"","denominacion":"","direccion":"","ciudad":"","municipio":"","provincia":"","telefono":"","website":"","osm_type":"node","osm_id":5299660521,"osm_url":"https://www.openstreetmap.org/node/5299660521","fuente":"OpenStreetMap","validada":false,"incorporada":"pendiente","incorporacion_verificada":false,"validacion_pgr_dgii":"pendiente"}},{"type":"Feature","geometry":{"type":"Point","coordinates":[-70.2539768,19.2914362]},"properties":{"id":"IGL-OSM-NODE-5385807521","nombre":"Salón del Reino de los testigos de Jehová","categoria":"Iglesias debidamente incorporadas - candidatas","religion":"","denominacion":"","direccion":"","ciudad":"","municipio":"","provincia":"","telefono":"","website":"https://www.jw.org/","osm_type":"node","osm_id":5385807521,"osm_url":"https://www.openstreetmap.org/node/5385807521","fuente":"OpenStreetMap","validada":false,"incorporada":"pendiente","incorporacion_verificada":false,"validacion_pgr_dgii":"pendiente"}},{"type":"Feature","geometry":{"type":"Point","coordinates":[-71.0783988,19.5571571]},"properties":{"id":"IGL-OSM-NODE-6062181286","nombre":"Salón del Reino de los Testigos de Jehová","categoria":"Iglesias debidamente incorporadas - candidatas","religion":"christian","denominacion":"jehovahs_witness","direccion":"Dimas de Jesús Rodriguez","ciudad":"","municipio":"","provincia":"","telefono":"","website":"","osm_type":"node","osm_id":6062181286,"osm_url":"https://www.openstreetmap.org/node/6062181286","fuente":"OpenStreetMap","validada":false,"incorporada":"pendiente","incorporacion_verificada":false,"validacion_pgr_dgii":"pendiente"}},{"type":"Feature","geometry":{"type":"Point","coordinates":[-71.50668,19.6703561]},"properties":{"id":"IGL-OSM-NODE-6450733881","nombre":"Salón del Reino de los Testigos de Jehová","categoria":"Iglesias debidamente incorporadas - candidatas","religion":"","denominacion":"","direccion":"","ciudad":"","municipio":"","provincia":"","telefono":"","website":"","osm_type":"node","osm_id":6450733881,"osm_url":"https://www.openstreetmap.org/node/6450733881","fuente":"OpenStreetMap","validada":false,"incorporada":"pendiente","incorporacion_verificada":false,"validacion_pgr_dgii":"pendiente"}},{"type":"Feature","geometry":{"type":"Point","coordinates":[-69.2963884,18.465251]},"properties":{"id":"IGL-OSM-NODE-7110289187","nombre":"Salón del Reino de los Testigos de Jehová","categoria":"Iglesias debidamente incorporadas - candidatas","religion":"","denominacion":"","direccion":"","ciudad":"","municipio":"","provincia":"","telefono":"","website":"","osm_type":"node","osm_id":7110289187,"osm_url":"https://www.openstreetmap.org/node/7110289187","fuente":"OpenStreetMap","validada":false,"incorporada":"pendiente","incorporacion_verificada":false,"validacion_pgr_dgii":"pendiente"}},{"type":"Feature","geometry":{"type":"Point","coordinates":[-70.0750171,19.6379944]},"properties":{"id":"IGL-OSM-NODE-9566636868","nombre":"Salón del Reino de los Testigos de Jehová","categoria":"Iglesias debidamente incorporadas - candidatas","religion":"christian","denominacion":"jehovahs_witness","direccion":"","ciudad":"","municipio":"","provincia":"","telefono":"","website":"","osm_type":"node","osm_id":9566636868,"osm_url":"https://www.openstreetmap.org/node/9566636868","fuente":"OpenStreetMap","validada":false,"incorporada":"pendiente","incorporacion_verificada":false,"validacion_pgr_dgii":"pendiente"}},{"type":"Feature","geometry":{"type":"Point","coordinates":[-69.9044687,19.6394743]},"properties":{"id":"IGL-OSM-NODE-9566636869","nombre":"Salón del Reino de los Testigos de Jehová","categoria":"Iglesias debidamente incorporadas - candidatas","religion":"christian","denominacion":"jehovahs_witness","direccion":"","ciudad":"","municipio":"","provincia":"","telefono":"","website":"","osm_type":"node","osm_id":9566636869,"osm_url":"https://www.openstreetmap.org/node/9566636869","fuente":"OpenStreetMap","validada":false,"incorporada":"pendiente","incorporacion_verificada":false,"validacion_pgr_dgii":"pendiente"}},{"type":"Feature","geometry":{"type":"Point","coordinates":[-70.6052574,19.3445156]},"properties":{"id":"IGL-OSM-WAY-1531694819","nombre":"Salón del Reino de los Testigos de Jehová","categoria":"Iglesias debidamente incorporadas - candidatas","religion":"christian","denominacion":"jehovahs_witness","direccion":"","ciudad":"","municipio":"","provincia":"","telefono":"","website":"","osm_type":"way","osm_id":1531694819,"osm_url":"https://www.openstreetmap.org/way/1531694819","fuente":"OpenStreetMap","validada":false,"incorporada":"pendiente","incorporacion_verificada":false,"validacion_pgr_dgii":"pendiente"}},{"type":"Feature","geometry":{"type":"Point","coordinates":[-69.8061163,18.5247904]},"properties":{"id":"IGL-OSM-WAY-344549093","nombre":"Salón del Reino de los Testigos de Jehová","categoria":"Iglesias debidamente incorporadas - candidatas","religion":"","denominacion":"","direccion":"","ciudad":"","municipio":"","provincia":"","telefono":"","website":"","osm_type":"way","osm_id":344549093,"osm_url":"https://www.openstreetmap.org/way/344549093","fuente":"OpenStreetMap","validada":false,"incorporada":"pendiente","incorporacion_verificada":false,"validacion_pgr_dgii":"pendiente"}},{"type":"Feature","geometry":{"type":"Point","coordinates":[-69.89367,18.4739894]},"properties":{"id":"IGL-OSM-WAY-406810791","nombre":"Salón del Reino de los Testigos de Jehová","categoria":"Iglesias debidamente incorporadas - candidatas","religion":"christian","denominacion":"","direccion":"Calle 16 de Agosto","ciudad":"","municipio":"","provincia":"","telefono":"","website":"","osm_type":"way","osm_id":406810791,"osm_url":"https://www.openstreetmap.org/way/406810791","fuente":"OpenStreetMap","validada":false,"incorporada":"pendiente","incorporacion_verificada":false,"validacion_pgr_dgii":"pendiente"}},{"type":"Feature","geometry":{"type":"Point","coordinates":[-69.8983123,18.5046666]},"properties":{"id":"IGL-OSM-WAY-408016246","nombre":"Salón del Reino de los Testigos de Jehová","categoria":"Iglesias debidamente incorporadas - candidatas","religion":"christian","denominacion":"","direccion":"Avenida Nicolás de Ovando","ciudad":"","municipio":"","provincia":"","telefono":"","website":"","osm_type":"way","osm_id":408016246,"osm_url":"https://www.openstreetmap.org/way/408016246","fuente":"OpenStreetMap","validada":false,"incorporada":"pendiente","incorporacion_verificada":false,"validacion_pgr_dgii":"pendiente"}},{"type":"Feature","geometry":{"type":"Point","coordinates":[-69.9063513,18.5639783]},"properties":{"id":"IGL-OSM-WAY-409572225","nombre":"Salón del Reino de los Testigos de Jehová","categoria":"Iglesias debidamente incorporadas - candidatas","religion":"christian","denominacion":"jehovahs_witness","direccion":"Carreterra San Felipe","ciudad":"","municipio":"","provincia":"","telefono":"","website":"","osm_type":"way","osm_id":409572225,"osm_url":"https://www.openstreetmap.org/way/409572225","fuente":"OpenStreetMap","validada":false,"incorporada":"pendiente","incorporacion_verificada":false,"validacion_pgr_dgii":"pendiente"}},{"type":"Feature","geometry":{"type":"Point","coordinates":[-70.6761021,19.4493403]},"properties":{"id":"IGL-OSM-WAY-410065306","nombre":"Salón del Reino de los Testigos de Jehová","categoria":"Iglesias debidamente incorporadas - candidatas","religion":"christian","denominacion":"jehovahs_witness","direccion":"","ciudad":"","municipio":"","provincia":"","telefono":"","website":"","osm_type":"way","osm_id":410065306,"osm_url":"https://www.openstreetmap.org/way/410065306","fuente":"OpenStreetMap","validada":false,"incorporada":"pendiente","incorporacion_verificada":false,"validacion_pgr_dgii":"pendiente"}},{"type":"Feature","geometry":{"type":"Point","coordinates":[-69.3042785,18.4548392]},"properties":{"id":"IGL-OSM-WAY-246754227","nombre":"Salón del Reino de los Testigos de Jehová (Guaragüao)","categoria":"Iglesias debidamente incorporadas - candidatas","religion":"christian","denominacion":"jehovahs_witness","direccion":"Avenida Luis Amiama Tió 6","ciudad":"San Pedro de Macorís","municipio":"","provincia":"","telefono":"","website":"","osm_type":"way","osm_id":246754227,"osm_url":"https://www.openstreetmap.org/way/246754227","fuente":"OpenStreetMap","validada":false,"incorporada":"pendiente","incorporacion_verificada":false,"validacion_pgr_dgii":"pendiente"}},{"type":"Feature","geometry":{"type":"Point","coordinates":[-69.9344145,18.6953916]},"properties":{"id":"IGL-OSM-NODE-12143248137","nombre":"Salón del Reino de los Testigos de Jehová - Guanuma","categoria":"Iglesias debidamente incorporadas - candidatas","religion":"christian","denominacion":"jehovahs_witness","direccion":"","ciudad":"","municipio":"","provincia":"","telefono":"809-982-8485","website":"","osm_type":"node","osm_id":12143248137,"osm_url":"https://www.openstreetmap.org/node/12143248137","fuente":"OpenStreetMap","validada":false,"incorporada":"pendiente","incorporacion_verificada":false,"validacion_pgr_dgii":"pendiente"}},{"type":"Feature","geometry":{"type":"Point","coordinates":[-70.6614845,19.483318]},"properties":{"id":"IGL-OSM-NODE-5516237221","nombre":"Salón del Reino de los Testigos de Jehová Gurabo/Luperón","categoria":"Iglesias debidamente incorporadas - candidatas","religion":"christian","denominacion":"jehovahs_witness","direccion":"Calle 18","ciudad":"","municipio":"","provincia":"","telefono":"","website":"","osm_type":"node","osm_id":5516237221,"osm_url":"https://www.openstreetmap.org/node/5516237221","fuente":"OpenStreetMap","validada":false,"incorporada":"pendiente","incorporacion_verificada":false,"validacion_pgr_dgii":"pendiente"}},{"type":"Feature","geometry":{"type":"Point","coordinates":[-70.5895189,19.4362479]},"properties":{"id":"IGL-OSM-NODE-4756141221","nombre":"Salón del Reino de los Testigos de Jehová, Canca La Reina","categoria":"Iglesias debidamente incorporadas - candidatas","religion":"","denominacion":"","direccion":"Carretera Juan Bosch","ciudad":"","municipio":"","provincia":"","telefono":"","website":"","osm_type":"node","osm_id":4756141221,"osm_url":"https://www.openstreetmap.org/node/4756141221","fuente":"OpenStreetMap","validada":false,"incorporada":"pendiente","incorporacion_verificada":false,"validacion_pgr_dgii":"pendiente"}},{"type":"Feature","geometry":{"type":"Point","coordinates":[-70.0623783,18.437714]},"properties":{"id":"IGL-OSM-WAY-468790319","nombre":"Salón del Reino de los Testigos Jehova","categoria":"Iglesias debidamente incorporadas - candidatas","religion":"","denominacion":"","direccion":"Entrada Camino del Cajuilito 145","ciudad":"","municipio":"","provincia":"","telefono":"","website":"","osm_type":"way","osm_id":468790319,"osm_url":"https://www.openstreetmap.org/way/468790319","fuente":"OpenStreetMap","validada":false,"incorporada":"pendiente","incorporacion_verificada":false,"validacion_pgr_dgii":"pendiente"}},{"type":"Feature","geometry":{"type":"Point","coordinates":[-70.7349571,18.4528903]},"properties":{"id":"IGL-OSM-WAY-951695394","nombre":"Salón del Reino Testigos de Jehová","categoria":"Iglesias debidamente incorporadas - candidatas","religion":"christian","denominacion":"jehovahs_witness","direccion":"Armando Aybar","ciudad":"","municipio":"","provincia":"","telefono":"","website":"https://www.JW.org/","osm_type":"way","osm_id":951695394,"osm_url":"https://www.openstreetmap.org/way/951695394","fuente":"OpenStreetMap","validada":false,"incorporada":"pendiente","incorporacion_verificada":false,"validacion_pgr_dgii":"pendiente"}},{"type":"Feature","geometry":{"type":"Point","coordinates":[-69.3394729,19.2063279]},"properties":{"id":"IGL-OSM-NODE-6101552085","nombre":"Salón Reino Testigos de Jehová","categoria":"Iglesias debidamente incorporadas - candidatas","religion":"","denominacion":"","direccion":"William Jhonson","ciudad":"","municipio":"","provincia":"","telefono":"","website":"","osm_type":"node","osm_id":6101552085,"osm_url":"https://www.openstreetmap.org/node/6101552085","fuente":"OpenStreetMap","validada":false,"incorporada":"pendiente","incorporacion_verificada":false,"validacion_pgr_dgii":"pendiente"}},{"type":"Feature","geometry":{"type":"Point","coordinates":[-69.9837452,18.5036749]},"properties":{"id":"IGL-OSM-WAY-461375075","nombre":"San Agustin","categoria":"Iglesias debidamente incorporadas - candidatas","religion":"christian","denominacion":"catholic","direccion":"","ciudad":"","municipio":"","provincia":"","telefono":"","website":"","osm_type":"way","osm_id":461375075,"osm_url":"https://www.openstreetmap.org/way/461375075","fuente":"OpenStreetMap","validada":false,"incorporada":"pendiente","incorporacion_verificada":false,"validacion_pgr_dgii":"pendiente"}},{"type":"Feature","geometry":{"type":"Point","coordinates":[-69.9012963,18.492743]},"properties":{"id":"IGL-OSM-WAY-413969486","nombre":"San Andres","categoria":"Iglesias debidamente incorporadas - candidatas","religion":"christian","denominacion":"catholic","direccion":"","ciudad":"","municipio":"","provincia":"","telefono":"","website":"","osm_type":"way","osm_id":413969486,"osm_url":"https://www.openstreetmap.org/way/413969486","fuente":"OpenStreetMap","validada":false,"incorporada":"pendiente","incorporacion_verificada":false,"validacion_pgr_dgii":"pendiente"}},{"type":"Feature","geometry":{"type":"Point","coordinates":[-70.6935121,19.7973025]},"properties":{"id":"IGL-OSM-WAY-320463641","nombre":"San Felipe","categoria":"Iglesias debidamente incorporadas - candidatas","religion":"christian","denominacion":"catholic","direccion":"","ciudad":"","municipio":"","provincia":"","telefono":"","website":"","osm_type":"way","osm_id":320463641,"osm_url":"https://www.openstreetmap.org/way/320463641","fuente":"OpenStreetMap","validada":false,"incorporada":"pendiente","incorporacion_verificada":false,"validacion_pgr_dgii":"pendiente"}},{"type":"Feature","geometry":{"type":"Point","coordinates":[-69.8660985,18.4864632]},"properties":{"id":"IGL-OSM-RELATION-4593811","nombre":"San Francisco de Asis Paz y Bien","categoria":"Iglesias debidamente incorporadas - candidatas","religion":"","denominacion":"","direccion":"Avenida Sabana Larga","ciudad":"Santo Domingo Este","municipio":"","provincia":"","telefono":"","website":"","osm_type":"relation","osm_id":4593811,"osm_url":"https://www.openstreetmap.org/relation/4593811","fuente":"OpenStreetMap","validada":false,"incorporada":"pendiente","incorporacion_verificada":false,"validacion_pgr_dgii":"pendiente"}},{"type":"Feature","geometry":{"type":"Point","coordinates":[-70.2565299,19.2841046]},"properties":{"id":"IGL-OSM-NODE-2720351538","nombre":"San Juan Bautista","categoria":"Iglesias debidamente incorporadas - candidatas","religion":"christian","denominacion":"evangelical","direccion":"","ciudad":"","municipio":"","provincia":"","telefono":"","website":"","osm_type":"node","osm_id":2720351538,"osm_url":"https://www.openstreetmap.org/node/2720351538","fuente":"OpenStreetMap","validada":false,"incorporada":"pendiente","incorporacion_verificada":false,"validacion_pgr_dgii":"pendiente"}},{"type":"Feature","geometry":{"type":"Point","coordinates":[-70.2019807,19.3303297]},"properties":{"id":"IGL-OSM-NODE-2720351512","nombre":"San Luis Gonzaga","categoria":"Iglesias debidamente incorporadas - candidatas","religion":"christian","denominacion":"","direccion":"","ciudad":"","municipio":"","provincia":"","telefono":"","website":"","osm_type":"node","osm_id":2720351512,"osm_url":"https://www.openstreetmap.org/node/2720351512","fuente":"OpenStreetMap","validada":false,"incorporada":"pendiente","incorporacion_verificada":false,"validacion_pgr_dgii":"pendiente"}},{"type":"Feature","geometry":{"type":"Point","coordinates":[-69.8849545,18.4964702]},"properties":{"id":"IGL-OSM-NODE-5012651293","nombre":"San Martin de Porres","categoria":"Iglesias debidamente incorporadas - candidatas","religion":"christian","denominacion":"catholic","direccion":"","ciudad":"","municipio":"","provincia":"","telefono":"","website":"","osm_type":"node","osm_id":5012651293,"osm_url":"https://www.openstreetmap.org/node/5012651293","fuente":"OpenStreetMap","validada":false,"incorporada":"pendiente","incorporacion_verificada":false,"validacion_pgr_dgii":"pendiente"}},{"type":"Feature","geometry":{"type":"Point","coordinates":[-70.2546253,19.2926099]},"properties":{"id":"IGL-OSM-WAY-681030796","nombre":"San Martin De Porres","categoria":"Iglesias debidamente incorporadas - candidatas","religion":"","denominacion":"","direccion":"","ciudad":"","municipio":"","provincia":"","telefono":"","website":"","osm_type":"way","osm_id":681030796,"osm_url":"https://www.openstreetmap.org/way/681030796","fuente":"OpenStreetMap","validada":false,"incorporada":"pendiente","incorporacion_verificada":false,"validacion_pgr_dgii":"pendiente"}},{"type":"Feature","geometry":{"type":"Point","coordinates":[-70.2594308,19.2824002]},"properties":{"id":"IGL-OSM-NODE-1873911584","nombre":"San Pablo Apostol","categoria":"Iglesias debidamente incorporadas - candidatas","religion":"christian","denominacion":"catholic","direccion":"","ciudad":"","municipio":"","provincia":"","telefono":"","website":"","osm_type":"node","osm_id":1873911584,"osm_url":"https://www.openstreetmap.org/node/1873911584","fuente":"OpenStreetMap","validada":false,"incorporada":"pendiente","incorporacion_verificada":false,"validacion_pgr_dgii":"pendiente"}},{"type":"Feature","geometry":{"type":"Point","coordinates":[-69.8965519,18.4838053]},"properties":{"id":"IGL-OSM-WAY-407064845","nombre":"San Pedro Apostol","categoria":"Iglesias debidamente incorporadas - candidatas","religion":"christian","denominacion":"","direccion":"Calle J. Puello","ciudad":"","municipio":"","provincia":"","telefono":"","website":"","osm_type":"way","osm_id":407064845,"osm_url":"https://www.openstreetmap.org/way/407064845","fuente":"OpenStreetMap","validada":false,"incorporada":"pendiente","incorporacion_verificada":false,"validacion_pgr_dgii":"pendiente"}},{"type":"Feature","geometry":{"type":"Point","coordinates":[-69.7664651,18.5256156]},"properties":{"id":"IGL-OSM-NODE-4977751017","nombre":"San Vicente de Paul ,Iglesia Santa Monica","categoria":"Iglesias debidamente incorporadas - candidatas","religion":"christian","denominacion":"","direccion":"","ciudad":"","municipio":"","provincia":"","telefono":"","website":"","osm_type":"node","osm_id":4977751017,"osm_url":"https://www.openstreetmap.org/node/4977751017","fuente":"OpenStreetMap","validada":false,"incorporada":"pendiente","incorporacion_verificada":false,"validacion_pgr_dgii":"pendiente"}},{"type":"Feature","geometry":{"type":"Point","coordinates":[-69.333836,19.2047295]},"properties":{"id":"IGL-OSM-WAY-325730065","nombre":"Santa Barbara","categoria":"Iglesias debidamente incorporadas - candidatas","religion":"christian","denominacion":"catholic","direccion":"","ciudad":"","municipio":"","provincia":"","telefono":"","website":"","osm_type":"way","osm_id":325730065,"osm_url":"https://www.openstreetmap.org/way/325730065","fuente":"OpenStreetMap","validada":false,"incorporada":"pendiente","incorporacion_verificada":false,"validacion_pgr_dgii":"pendiente"}},{"type":"Feature","geometry":{"type":"Point","coordinates":[-70.1057979,18.4605466]},"properties":{"id":"IGL-OSM-WAY-468790308","nombre":"SANTA MARIA","categoria":"Iglesias debidamente incorporadas - candidatas","religion":"christian","denominacion":"","direccion":"","ciudad":"","municipio":"","provincia":"","telefono":"","website":"","osm_type":"way","osm_id":468790308,"osm_url":"https://www.openstreetmap.org/way/468790308","fuente":"OpenStreetMap","validada":false,"incorporada":"pendiente","incorporacion_verificada":false,"validacion_pgr_dgii":"pendiente"}},{"type":"Feature","geometry":{"type":"Point","coordinates":[-70.8826975,19.0709543]},"properties":{"id":"IGL-OSM-NODE-8534778217","nombre":"Santuario de la Virgen de Guadalupe","categoria":"Iglesias debidamente incorporadas - candidatas","religion":"","denominacion":"","direccion":"","ciudad":"","municipio":"","provincia":"","telefono":"","website":"","osm_type":"node","osm_id":8534778217,"osm_url":"https://www.openstreetmap.org/node/8534778217","fuente":"OpenStreetMap","validada":false,"incorporada":"pendiente","incorporacion_verificada":false,"validacion_pgr_dgii":"pendiente"}},{"type":"Feature","geometry":{"type":"Point","coordinates":[-69.8386228,18.5906148]},"properties":{"id":"IGL-OSM-WAY-431959912","nombre":"Santuario de Schoenstatt","categoria":"Iglesias debidamente incorporadas - candidatas","religion":"christian","denominacion":"catholic","direccion":"Calle padre Paix","ciudad":"","municipio":"","provincia":"","telefono":"","website":"","osm_type":"way","osm_id":431959912,"osm_url":"https://www.openstreetmap.org/way/431959912","fuente":"OpenStreetMap","validada":false,"incorporada":"pendiente","incorporacion_verificada":false,"validacion_pgr_dgii":"pendiente"}},{"type":"Feature","geometry":{"type":"Point","coordinates":[-69.7725383,18.8479108]},"properties":{"id":"IGL-OSM-NODE-3550265979","nombre":"Santuario Nuestra Señora De Aguasanta","categoria":"Iglesias debidamente incorporadas - candidatas","religion":"","denominacion":"","direccion":"23","ciudad":"Boyá","municipio":"","provincia":"","telefono":"","website":"","osm_type":"node","osm_id":3550265979,"osm_url":"https://www.openstreetmap.org/node/3550265979","fuente":"OpenStreetMap","validada":false,"incorporada":"pendiente","incorporacion_verificada":false,"validacion_pgr_dgii":"pendiente"}},{"type":"Feature","geometry":{"type":"Point","coordinates":[-68.7106306,18.6130311]},"properties":{"id":"IGL-OSM-WAY-225114546","nombre":"Santuario San Dionisio","categoria":"Iglesias debidamente incorporadas - candidatas","religion":"christian","denominacion":"","direccion":"","ciudad":"","municipio":"","provincia":"","telefono":"","website":"","osm_type":"way","osm_id":225114546,"osm_url":"https://www.openstreetmap.org/way/225114546","fuente":"OpenStreetMap","validada":false,"incorporada":"pendiente","incorporacion_verificada":false,"validacion_pgr_dgii":"pendiente"}},{"type":"Feature","geometry":{"type":"Point","coordinates":[-70.61079,19.4863472]},"properties":{"id":"IGL-OSM-WAY-451268259","nombre":"Santuario San Rafael Arcangel","categoria":"Iglesias debidamente incorporadas - candidatas","religion":"christian","denominacion":"catholic","direccion":"","ciudad":"","municipio":"","provincia":"","telefono":"","website":"","osm_type":"way","osm_id":451268259,"osm_url":"https://www.openstreetmap.org/way/451268259","fuente":"OpenStreetMap","validada":false,"incorporada":"pendiente","incorporacion_verificada":false,"validacion_pgr_dgii":"pendiente"}},{"type":"Feature","geometry":{"type":"Point","coordinates":[-69.9031788,19.5740044]},"properties":{"id":"IGL-OSM-WAY-759105286","nombre":"Santuario Virgen de la Piedra","categoria":"Iglesias debidamente incorporadas - candidatas","religion":"christian","denominacion":"roman_catholic","direccion":"","ciudad":"","municipio":"","provincia":"","telefono":"","website":"","osm_type":"way","osm_id":759105286,"osm_url":"https://www.openstreetmap.org/way/759105286","fuente":"OpenStreetMap","validada":false,"incorporada":"pendiente","incorporacion_verificada":false,"validacion_pgr_dgii":"pendiente"}},{"type":"Feature","geometry":{"type":"Point","coordinates":[-70.277014,19.3053303]},"properties":{"id":"IGL-OSM-NODE-2372405618","nombre":"Santuario Virgen de Schoenstatt","categoria":"Iglesias debidamente incorporadas - candidatas","religion":"christian","denominacion":"catholic","direccion":"Avenida Salida a Villa Tapia","ciudad":"San Francisco de Macoris","municipio":"","provincia":"","telefono":"","website":"","osm_type":"node","osm_id":2372405618,"osm_url":"https://www.openstreetmap.org/node/2372405618","fuente":"OpenStreetMap","validada":false,"incorporada":"pendiente","incorporacion_verificada":false,"validacion_pgr_dgii":"pendiente"}},{"type":"Feature","geometry":{"type":"Point","coordinates":[-70.6211807,19.4393331]},"properties":{"id":"IGL-OSM-NODE-2791836838","nombre":"Seminario San Pio X","categoria":"Iglesias debidamente incorporadas - candidatas","religion":"","denominacion":"","direccion":"","ciudad":"","municipio":"","provincia":"","telefono":"","website":"","osm_type":"node","osm_id":2791836838,"osm_url":"https://www.openstreetmap.org/node/2791836838","fuente":"OpenStreetMap","validada":false,"incorporada":"pendiente","incorporacion_verificada":false,"validacion_pgr_dgii":"pendiente"}},{"type":"Feature","geometry":{"type":"Point","coordinates":[-68.7098822,18.6108164]},"properties":{"id":"IGL-OSM-NODE-8078244118","nombre":"Sexta Iglesia De Asamblea Cristiana Cordero De Dios (Tunel De La Uncion)","categoria":"Iglesias debidamente incorporadas - candidatas","religion":"christian","denominacion":"","direccion":"","ciudad":"","municipio":"","provincia":"","telefono":"","website":"","osm_type":"node","osm_id":8078244118,"osm_url":"https://www.openstreetmap.org/node/8078244118","fuente":"OpenStreetMap","validada":false,"incorporada":"pendiente","incorporacion_verificada":false,"validacion_pgr_dgii":"pendiente"}},{"type":"Feature","geometry":{"type":"Point","coordinates":[-69.889864,18.468578]},"properties":{"id":"IGL-OSM-WAY-328677043","nombre":"SGI-RD Coonial","categoria":"Iglesias debidamente incorporadas - candidatas","religion":"buddhist","denominacion":"","direccion":"Calle Arzobispo Portes 467","ciudad":"","municipio":"","provincia":"","telefono":"","website":"","osm_type":"way","osm_id":328677043,"osm_url":"https://www.openstreetmap.org/way/328677043","fuente":"OpenStreetMap","validada":false,"incorporada":"pendiente","incorporacion_verificada":false,"validacion_pgr_dgii":"pendiente"}},{"type":"Feature","geometry":{"type":"Point","coordinates":[-70.5164416,19.7656188]},"properties":{"id":"IGL-OSM-WAY-204089298","nombre":"Sinagoga","categoria":"Iglesias debidamente incorporadas - candidatas","religion":"jewish","denominacion":"","direccion":"","ciudad":"","municipio":"","provincia":"","telefono":"","website":"","osm_type":"way","osm_id":204089298,"osm_url":"https://www.openstreetmap.org/way/204089298","fuente":"OpenStreetMap","validada":false,"incorporada":"pendiente","incorporacion_verificada":false,"validacion_pgr_dgii":"pendiente"}},{"type":"Feature","geometry":{"type":"Point","coordinates":[-70.5254231,19.22249]},"properties":{"id":"IGL-OSM-NODE-3657705732","nombre":"Soka Gakkai RD La Vega","categoria":"Iglesias debidamente incorporadas - candidatas","religion":"buddhist","denominacion":"","direccion":"","ciudad":"","municipio":"","provincia":"","telefono":"","website":"","osm_type":"node","osm_id":3657705732,"osm_url":"https://www.openstreetmap.org/node/3657705732","fuente":"OpenStreetMap","validada":false,"incorporada":"pendiente","incorporacion_verificada":false,"validacion_pgr_dgii":"pendiente"}},{"type":"Feature","geometry":{"type":"Point","coordinates":[-69.8525523,18.504427]},"properties":{"id":"IGL-OSM-WAY-224230134","nombre":"Soka Gakkai Republica Dominicana Kaikan Oriental","categoria":"Iglesias debidamente incorporadas - candidatas","religion":"buddhist","denominacion":"","direccion":"","ciudad":"","municipio":"","provincia":"","telefono":"","website":"","osm_type":"way","osm_id":224230134,"osm_url":"https://www.openstreetmap.org/way/224230134","fuente":"OpenStreetMap","validada":false,"incorporada":"pendiente","incorporacion_verificada":false,"validacion_pgr_dgii":"pendiente"}},{"type":"Feature","geometry":{"type":"Point","coordinates":[-69.9380987,18.4699763]},"properties":{"id":"IGL-OSM-WAY-207250639","nombre":"Soka Gakkai Republica Dominicana SGI-RD","categoria":"Iglesias debidamente incorporadas - candidatas","religion":"buddhist","denominacion":"","direccion":"","ciudad":"","municipio":"","provincia":"","telefono":"","website":"","osm_type":"way","osm_id":207250639,"osm_url":"https://www.openstreetmap.org/way/207250639","fuente":"OpenStreetMap","validada":false,"incorporada":"pendiente","incorporacion_verificada":false,"validacion_pgr_dgii":"pendiente"}},{"type":"Feature","geometry":{"type":"Point","coordinates":[-71.7081107,19.5497127]},"properties":{"id":"IGL-OSM-WAY-374947356","nombre":"Soka Gakkai Republica Dominicana SGI-RD Dajabon","categoria":"Iglesias debidamente incorporadas - candidatas","religion":"buddhist","denominacion":"","direccion":"","ciudad":"","municipio":"","provincia":"","telefono":"","website":"","osm_type":"way","osm_id":374947356,"osm_url":"https://www.openstreetmap.org/way/374947356","fuente":"OpenStreetMap","validada":false,"incorporada":"pendiente","incorporacion_verificada":false,"validacion_pgr_dgii":"pendiente"}},{"type":"Feature","geometry":{"type":"Point","coordinates":[-69.9047771,18.4905357]},"properties":{"id":"IGL-OSM-WAY-307085268","nombre":"Tabernaculo Evangelistico","categoria":"Iglesias debidamente incorporadas - candidatas","religion":"christian","denominacion":"protestant","direccion":"","ciudad":"","municipio":"","provincia":"","telefono":"","website":"","osm_type":"way","osm_id":307085268,"osm_url":"https://www.openstreetmap.org/way/307085268","fuente":"OpenStreetMap","validada":false,"incorporada":"pendiente","incorporacion_verificada":false,"validacion_pgr_dgii":"pendiente"}},{"type":"Feature","geometry":{"type":"Point","coordinates":[-70.414773,18.9303097]},"properties":{"id":"IGL-OSM-NODE-6327519874","nombre":"Tabernáculo de Adoración","categoria":"Iglesias debidamente incorporadas - candidatas","religion":"christian","denominacion":"evangelical","direccion":"Santo Cura de Ars","ciudad":"Bonao","municipio":"","provincia":"","telefono":"","website":"","osm_type":"node","osm_id":6327519874,"osm_url":"https://www.openstreetmap.org/node/6327519874","fuente":"OpenStreetMap","validada":false,"incorporada":"pendiente","incorporacion_verificada":false,"validacion_pgr_dgii":"pendiente"}},{"type":"Feature","geometry":{"type":"Point","coordinates":[-69.8843111,18.4978544]},"properties":{"id":"IGL-OSM-NODE-5240309130","nombre":"Templo Biblico","categoria":"Iglesias debidamente incorporadas - candidatas","religion":"","denominacion":"","direccion":"","ciudad":"","municipio":"","provincia":"","telefono":"","website":"","osm_type":"node","osm_id":5240309130,"osm_url":"https://www.openstreetmap.org/node/5240309130","fuente":"OpenStreetMap","validada":false,"incorporada":"pendiente","incorporacion_verificada":false,"validacion_pgr_dgii":"pendiente"}},{"type":"Feature","geometry":{"type":"Point","coordinates":[-69.6134387,18.4505992]},"properties":{"id":"IGL-OSM-WAY-407053198","nombre":"Templo Biblico","categoria":"Iglesias debidamente incorporadas - candidatas","religion":"christian","denominacion":"","direccion":"24 De Diciembre 24","ciudad":"Boca Chica","municipio":"","provincia":"","telefono":"","website":"","osm_type":"way","osm_id":407053198,"osm_url":"https://www.openstreetmap.org/way/407053198","fuente":"OpenStreetMap","validada":false,"incorporada":"pendiente","incorporacion_verificada":false,"validacion_pgr_dgii":"pendiente"}},{"type":"Feature","geometry":{"type":"Point","coordinates":[-69.8944943,18.48394]},"properties":{"id":"IGL-OSM-WAY-408343854","nombre":"Templo Biblico","categoria":"Iglesias debidamente incorporadas - candidatas","religion":"christian","denominacion":"","direccion":"Calle Abreu","ciudad":"Santo Domingo","municipio":"","provincia":"","telefono":"","website":"","osm_type":"way","osm_id":408343854,"osm_url":"https://www.openstreetmap.org/way/408343854","fuente":"OpenStreetMap","validada":false,"incorporada":"pendiente","incorporacion_verificada":false,"validacion_pgr_dgii":"pendiente"}},{"type":"Feature","geometry":{"type":"Point","coordinates":[-70.6996908,19.4631593]},"properties":{"id":"IGL-OSM-WAY-409863820","nombre":"Templo Biblico","categoria":"Iglesias debidamente incorporadas - candidatas","religion":"jewish","denominacion":"","direccion":"Avenida Felix Maria Ruiz","ciudad":"Santiago","municipio":"","provincia":"","telefono":"","website":"","osm_type":"way","osm_id":409863820,"osm_url":"https://www.openstreetmap.org/way/409863820","fuente":"OpenStreetMap","validada":false,"incorporada":"pendiente","incorporacion_verificada":false,"validacion_pgr_dgii":"pendiente"}},{"type":"Feature","geometry":{"type":"Point","coordinates":[-69.856083,18.4874324]},"properties":{"id":"IGL-OSM-WAY-414001010","nombre":"Templo Biblico Amiel Inc","categoria":"Iglesias debidamente incorporadas - candidatas","religion":"christian","denominacion":"","direccion":"Calle Club Rotario 251","ciudad":"","municipio":"","provincia":"","telefono":"","website":"","osm_type":"way","osm_id":414001010,"osm_url":"https://www.openstreetmap.org/way/414001010","fuente":"OpenStreetMap","validada":false,"incorporada":"pendiente","incorporacion_verificada":false,"validacion_pgr_dgii":"pendiente"}},{"type":"Feature","geometry":{"type":"Point","coordinates":[-70.7956454,19.4758985]},"properties":{"id":"IGL-OSM-NODE-1414737306","nombre":"Templo Biblico Casa De Oracion","categoria":"Iglesias debidamente incorporadas - candidatas","religion":"christian","denominacion":"","direccion":"","ciudad":"","municipio":"","provincia":"","telefono":"","website":"","osm_type":"node","osm_id":1414737306,"osm_url":"https://www.openstreetmap.org/node/1414737306","fuente":"OpenStreetMap","validada":false,"incorporada":"pendiente","incorporacion_verificada":false,"validacion_pgr_dgii":"pendiente"}},{"type":"Feature","geometry":{"type":"Point","coordinates":[-69.959484,18.4349607]},"properties":{"id":"IGL-OSM-NODE-4147428800","nombre":"Templo Biblico Miramar","categoria":"Iglesias debidamente incorporadas - candidatas","religion":"christian","denominacion":"","direccion":"","ciudad":"","municipio":"","provincia":"","telefono":"","website":"","osm_type":"node","osm_id":4147428800,"osm_url":"https://www.openstreetmap.org/node/4147428800","fuente":"OpenStreetMap","validada":false,"incorporada":"pendiente","incorporacion_verificada":false,"validacion_pgr_dgii":"pendiente"}},{"type":"Feature","geometry":{"type":"Point","coordinates":[-69.9046949,18.4857892]},"properties":{"id":"IGL-OSM-WAY-413963414","nombre":"Templo Biblico Villa Juana","categoria":"Iglesias debidamente incorporadas - candidatas","religion":"christian","denominacion":"","direccion":"Expreso V Centenario","ciudad":"","municipio":"","provincia":"","telefono":"","website":"","osm_type":"way","osm_id":413963414,"osm_url":"https://www.openstreetmap.org/way/413963414","fuente":"OpenStreetMap","validada":false,"incorporada":"pendiente","incorporacion_verificada":false,"validacion_pgr_dgii":"pendiente"}},{"type":"Feature","geometry":{"type":"Point","coordinates":[-70.1028037,19.5655285]},"properties":{"id":"IGL-OSM-NODE-4936180003","nombre":"Templo Bíblico","categoria":"Iglesias debidamente incorporadas - candidatas","religion":"christian","denominacion":"evangelical","direccion":"Camino de Bobita","ciudad":"Río San Juan","municipio":"","provincia":"","telefono":"","website":"","osm_type":"node","osm_id":4936180003,"osm_url":"https://www.openstreetmap.org/node/4936180003","fuente":"OpenStreetMap","validada":false,"incorporada":"pendiente","incorporacion_verificada":false,"validacion_pgr_dgii":"pendiente"}},{"type":"Feature","geometry":{"type":"Point","coordinates":[-70.1029865,18.4253062]},"properties":{"id":"IGL-OSM-NODE-10762364930","nombre":"Templo Bíblico Madre Vieja Norte","categoria":"Iglesias debidamente incorporadas - candidatas","religion":"christian","denominacion":"pentecostal","direccion":"","ciudad":"","municipio":"","provincia":"","telefono":"","website":"","osm_type":"node","osm_id":10762364930,"osm_url":"https://www.openstreetmap.org/node/10762364930","fuente":"OpenStreetMap","validada":false,"incorporada":"pendiente","incorporacion_verificada":false,"validacion_pgr_dgii":"pendiente"}},{"type":"Feature","geometry":{"type":"Point","coordinates":[-69.8631837,18.5122577]},"properties":{"id":"IGL-OSM-NODE-4519203789","nombre":"Templo Bíblico Trina de Moya","categoria":"Iglesias debidamente incorporadas - candidatas","religion":"","denominacion":"","direccion":"","ciudad":"","municipio":"","provincia":"","telefono":"","website":"","osm_type":"node","osm_id":4519203789,"osm_url":"https://www.openstreetmap.org/node/4519203789","fuente":"OpenStreetMap","validada":false,"incorporada":"pendiente","incorporacion_verificada":false,"validacion_pgr_dgii":"pendiente"}},{"type":"Feature","geometry":{"type":"Point","coordinates":[-71.0765607,19.8882036]},"properties":{"id":"IGL-OSM-WAY-320391444","nombre":"Templo de Las Americas","categoria":"Iglesias debidamente incorporadas - candidatas","religion":"christian","denominacion":"catholic","direccion":"","ciudad":"","municipio":"","provincia":"","telefono":"","website":"","osm_type":"way","osm_id":320391444,"osm_url":"https://www.openstreetmap.org/way/320391444","fuente":"OpenStreetMap","validada":false,"incorporada":"pendiente","incorporacion_verificada":false,"validacion_pgr_dgii":"pendiente"}},{"type":"Feature","geometry":{"type":"Point","coordinates":[-68.9748393,18.4318044]},"properties":{"id":"IGL-OSM-WAY-313313916","nombre":"Templo de los Mormones","categoria":"Iglesias debidamente incorporadas - candidatas","religion":"christian","denominacion":"latter_day_saints","direccion":"","ciudad":"","municipio":"","provincia":"","telefono":"","website":"","osm_type":"way","osm_id":313313916,"osm_url":"https://www.openstreetmap.org/way/313313916","fuente":"OpenStreetMap","validada":false,"incorporada":"pendiente","incorporacion_verificada":false,"validacion_pgr_dgii":"pendiente"}},{"type":"Feature","geometry":{"type":"Point","coordinates":[-69.9169713,18.4666732]},"properties":{"id":"IGL-OSM-WAY-316141824","nombre":"Templo de Santo Domingo","categoria":"Iglesias debidamente incorporadas - candidatas","religion":"christian","denominacion":"latter_day_saints","direccion":"Calle Ricardo Robles","ciudad":"","municipio":"","provincia":"","telefono":"","website":"https://www.churchofjesuschrist.org/temples/details/santo-domingo-dominican-republic-temple","osm_type":"way","osm_id":316141824,"osm_url":"https://www.openstreetmap.org/way/316141824","fuente":"OpenStreetMap","validada":false,"incorporada":"pendiente","incorporacion_verificada":false,"validacion_pgr_dgii":"pendiente"}},{"type":"Feature","geometry":{"type":"Point","coordinates":[-69.6408103,18.4578282]},"properties":{"id":"IGL-OSM-WAY-408898926","nombre":"Templo del Refugio","categoria":"Iglesias debidamente incorporadas - candidatas","religion":"christian","denominacion":"","direccion":"La Altagracia","ciudad":"André","municipio":"","provincia":"","telefono":"","website":"","osm_type":"way","osm_id":408898926,"osm_url":"https://www.openstreetmap.org/way/408898926","fuente":"OpenStreetMap","validada":false,"incorporada":"pendiente","incorporacion_verificada":false,"validacion_pgr_dgii":"pendiente"}},{"type":"Feature","geometry":{"type":"Point","coordinates":[-70.6804422,19.7843831]},"properties":{"id":"IGL-OSM-NODE-6882348714","nombre":"Templo El Shaddai","categoria":"Iglesias debidamente incorporadas - candidatas","religion":"christian","denominacion":"","direccion":"","ciudad":"","municipio":"","provincia":"","telefono":"","website":"","osm_type":"node","osm_id":6882348714,"osm_url":"https://www.openstreetmap.org/node/6882348714","fuente":"OpenStreetMap","validada":false,"incorporada":"pendiente","incorporacion_verificada":false,"validacion_pgr_dgii":"pendiente"}},{"type":"Feature","geometry":{"type":"Point","coordinates":[-69.6728883,18.44968]},"properties":{"id":"IGL-OSM-WAY-406999159","nombre":"Templo Evangelico el Calvario Emmanuel","categoria":"Iglesias debidamente incorporadas - candidatas","religion":"christian","denominacion":"","direccion":"Autopista Las Américas","ciudad":"","municipio":"","provincia":"","telefono":"","website":"","osm_type":"way","osm_id":406999159,"osm_url":"https://www.openstreetmap.org/way/406999159","fuente":"OpenStreetMap","validada":false,"incorporada":"pendiente","incorporacion_verificada":false,"validacion_pgr_dgii":"pendiente"}},{"type":"Feature","geometry":{"type":"Point","coordinates":[-68.4295653,18.6562605]},"properties":{"id":"IGL-OSM-WAY-1250957872","nombre":"Templo Ministerio Refugiando Vidas Con Jesús","categoria":"Iglesias debidamente incorporadas - candidatas","religion":"christian","denominacion":"","direccion":"","ciudad":"","municipio":"","provincia":"","telefono":"","website":"","osm_type":"way","osm_id":1250957872,"osm_url":"https://www.openstreetmap.org/way/1250957872","fuente":"OpenStreetMap","validada":false,"incorporada":"pendiente","incorporacion_verificada":false,"validacion_pgr_dgii":"pendiente"}},{"type":"Feature","geometry":{"type":"Point","coordinates":[-70.1048524,18.4211618]},"properties":{"id":"IGL-OSM-WAY-468790320","nombre":"Testigos Jehova","categoria":"Iglesias debidamente incorporadas - candidatas","religion":"","denominacion":"","direccion":"Hermanas Mirabal 8","ciudad":"San Cristobal","municipio":"","provincia":"","telefono":"","website":"https://www.jw.org/","osm_type":"way","osm_id":468790320,"osm_url":"https://www.openstreetmap.org/way/468790320","fuente":"OpenStreetMap","validada":false,"incorporada":"pendiente","incorporacion_verificada":false,"validacion_pgr_dgii":"pendiente"}},{"type":"Feature","geometry":{"type":"Point","coordinates":[-69.7907843,18.9436021]},"properties":{"id":"IGL-OSM-NODE-6049987017","nombre":"The Church of Jesus Christ of Latter-day Saints","categoria":"Iglesias debidamente incorporadas - candidatas","religion":"christian","denominacion":"mormon","direccion":"","ciudad":"","municipio":"","provincia":"","telefono":"","website":"","osm_type":"node","osm_id":6049987017,"osm_url":"https://www.openstreetmap.org/node/6049987017","fuente":"OpenStreetMap","validada":false,"incorporada":"pendiente","incorporacion_verificada":false,"validacion_pgr_dgii":"pendiente"}},{"type":"Feature","geometry":{"type":"Point","coordinates":[-69.860746,18.540181]},"properties":{"id":"IGL-OSM-WAY-413377377","nombre":"Union Iglesias Pentecostal Avance Misionero","categoria":"Iglesias debidamente incorporadas - candidatas","religion":"christian","denominacion":"","direccion":"Hermanas MIrabal","ciudad":"Santo Domingo Este","municipio":"","provincia":"","telefono":"","website":"","osm_type":"way","osm_id":413377377,"osm_url":"https://www.openstreetmap.org/way/413377377","fuente":"OpenStreetMap","validada":false,"incorporada":"pendiente","incorporacion_verificada":false,"validacion_pgr_dgii":"pendiente"}},{"type":"Feature","geometry":{"type":"Point","coordinates":[-69.8380522,18.5170183]},"properties":{"id":"IGL-OSM-WAY-412135632","nombre":"Universal","categoria":"Iglesias debidamente incorporadas - candidatas","religion":"christian","denominacion":"protestant","direccion":"Carretera Mella","ciudad":"Santo Domingo Este","municipio":"","provincia":"","telefono":"","website":"","osm_type":"way","osm_id":412135632,"osm_url":"https://www.openstreetmap.org/way/412135632","fuente":"OpenStreetMap","validada":false,"incorporada":"pendiente","incorporacion_verificada":false,"validacion_pgr_dgii":"pendiente"}},{"type":"Feature","geometry":{"type":"Point","coordinates":[-69.8720594,18.510452]},"properties":{"id":"IGL-OSM-WAY-413979325","nombre":"Universal","categoria":"Iglesias debidamente incorporadas - candidatas","religion":"christian","denominacion":"","direccion":"San Vicente de Paúl","ciudad":"","municipio":"","provincia":"","telefono":"","website":"","osm_type":"way","osm_id":413979325,"osm_url":"https://www.openstreetmap.org/way/413979325","fuente":"OpenStreetMap","validada":false,"incorporada":"pendiente","incorporacion_verificada":false,"validacion_pgr_dgii":"pendiente"}},{"type":"Feature","geometry":{"type":"Point","coordinates":[-70.0260532,18.5087825]},"properties":{"id":"IGL-OSM-NODE-5228044524","nombre":"Valle Caaán","categoria":"Iglesias debidamente incorporadas - candidatas","religion":"","denominacion":"","direccion":"","ciudad":"","municipio":"","provincia":"","telefono":"","website":"","osm_type":"node","osm_id":5228044524,"osm_url":"https://www.openstreetmap.org/node/5228044524","fuente":"OpenStreetMap","validada":false,"incorporada":"pendiente","incorporacion_verificada":false,"validacion_pgr_dgii":"pendiente"}},{"type":"Feature","geometry":{"type":"Point","coordinates":[-70.40421,18.93623]},"properties":{"id":"IGL-OSM-NODE-4675595619","nombre":"Vida Joven","categoria":"Iglesias debidamente incorporadas - candidatas","religion":"christian","denominacion":"","direccion":"","ciudad":"","municipio":"","provincia":"","telefono":"","website":"","osm_type":"node","osm_id":4675595619,"osm_url":"https://www.openstreetmap.org/node/4675595619","fuente":"OpenStreetMap","validada":false,"incorporada":"pendiente","incorporacion_verificada":false,"validacion_pgr_dgii":"pendiente"}},{"type":"Feature","geometry":{"type":"Point","coordinates":[-69.8710682,18.4939904]},"properties":{"id":"IGL-OSM-WAY-413951396","nombre":"Voz de Julio y Salvación","categoria":"Iglesias debidamente incorporadas - candidatas","religion":"christian","denominacion":"","direccion":"Calle Club Activo 20 - 30 22","ciudad":"","municipio":"","provincia":"","telefono":"","website":"","osm_type":"way","osm_id":413951396,"osm_url":"https://www.openstreetmap.org/way/413951396","fuente":"OpenStreetMap","validada":false,"incorporada":"pendiente","incorporacion_verificada":false,"validacion_pgr_dgii":"pendiente"}},{"type":"Feature","geometry":{"type":"Point","coordinates":[-70.7112112,18.4106757]},"properties":{"id":"IGL-OSM-NODE-2223804798","nombre":"Youth with a Mission","categoria":"Iglesias debidamente incorporadas - candidatas","religion":"christian","denominacion":"evangelical","direccion":"Carretera a Monte Rio","ciudad":"Azua de Compostela","municipio":"","provincia":"","telefono":"","website":"","osm_type":"node","osm_id":2223804798,"osm_url":"https://www.openstreetmap.org/node/2223804798","fuente":"OpenStreetMap","validada":false,"incorporada":"pendiente","incorporacion_verificada":false,"validacion_pgr_dgii":"pendiente"}}]}